FRF-MUTANT:stdout-first-line:transcript.sha256=4025ee193fa00f8d667818f05ca5cffb6eb2e1f3303378a94fe171f6b285e9be
ptype.null=19
ptype.null_neg_len=19
ptype.empty=19
ptype.empty_zero_len=19
ptype.printable=19
ptype.printable_prefix=19
ptype.printable_zero_len=19
ptype.ia5_semicolon=22
ptype.ia5_del=22
ptype.ia5_newline=22
ptype.t61_high=20
ptype.t61_all_high=20
ptype.one.c20=19
ptype.one.c21=22
ptype.one.c22=22
ptype.one.c23=22
ptype.one.c24=22
ptype.one.c25=22
ptype.one.c26=22
ptype.one.c27=19
ptype.one.c28=19
ptype.one.c29=19
ptype.one.c2a=22
ptype.one.c2b=19
ptype.one.c2c=19
ptype.one.c2d=19
ptype.one.c2e=19
ptype.one.c2f=19
ptype.one.c30=19
ptype.one.c31=19
ptype.one.c32=19
ptype.one.c33=19
ptype.one.c34=19
ptype.one.c35=19
ptype.one.c36=19
ptype.one.c37=19
ptype.one.c38=19
ptype.one.c39=19
ptype.one.c3a=19
ptype.one.c3b=22
ptype.one.c3c=22
ptype.one.c3d=19
ptype.one.c3e=22
ptype.one.c3f=19
ptype.one.c40=22
ptype.one.c41=19
ptype.one.c42=19
ptype.one.c43=19
ptype.one.c44=19
ptype.one.c45=19
ptype.one.c46=19
ptype.one.c47=19
ptype.one.c48=19
ptype.one.c49=19
ptype.one.c4a=19
ptype.one.c4b=19
ptype.one.c4c=19
ptype.one.c4d=19
ptype.one.c4e=19
ptype.one.c4f=19
ptype.one.c50=19
ptype.one.c51=19
ptype.one.c52=19
ptype.one.c53=19
ptype.one.c54=19
ptype.one.c55=19
ptype.one.c56=19
ptype.one.c57=19
ptype.one.c58=19
ptype.one.c59=19
ptype.one.c5a=19
ptype.one.c5b=22
ptype.one.c5c=22
ptype.one.c5d=22
ptype.one.c5e=22
ptype.one.c5f=22
ptype.one.c60=22
ptype.one.c61=19
ptype.one.c62=19
ptype.one.c63=19
ptype.one.c64=19
ptype.one.c65=19
ptype.one.c66=19
ptype.one.c67=19
ptype.one.c68=19
ptype.one.c69=19
ptype.one.c6a=19
ptype.one.c6b=19
ptype.one.c6c=19
ptype.one.c6d=19
ptype.one.c6e=19
ptype.one.c6f=19
ptype.one.c70=19
ptype.one.c71=19
ptype.one.c72=19
ptype.one.c73=19
ptype.one.c74=19
ptype.one.c75=19
ptype.one.c76=19
ptype.one.c77=19
ptype.one.c78=19
ptype.one.c79=19
ptype.one.c7a=19
ptype.one.c7b=22
ptype.one.c7c=22
ptype.one.c7d=22
ptype.one.c7e=22
univ.ab=1
ab.type=19
ab.len=2
ab.data=4142
univ.err=<empty>
univ.nonzero_prefix=0
nonzero_prefix.type=28
nonzero_prefix.len=4
nonzero_prefix.data=00000141
univ.err=<empty>
univ.not_multiple_of_4=0
not_multiple_of_4.type=28
not_multiple_of_4.len=5
not_multiple_of_4.data=0000004100
univ.err=<empty>
univ.high_after_compaction=1
high_after_compaction.type=20
high_after_compaction.len=2
high_after_compaction.data=4180
univ.err=<empty>
univ.empty=1
empty.type=19
empty.len=0
empty.data=
univ.err=<empty>
univ.wrong_type=0
wrong_type.type=4
wrong_type.len=8
wrong_type.data=0000004100000042
univ.err=<empty>
univ.bmp_type=0
bmp_type.type=30
bmp_type.len=8
bmp_type.data=0000004100000042
univ.err=<empty>
sprint.null=0
sprint.empty=1
empty.n=0
empty=
sprint.short=1
short.n=1
short=5
sprint.controls=1
controls.n=1
controls=11
sprint.high=1
high.n=1
high=5
sprint.exactly_80=1
exactly_80.n=1
exactly_80=80
sprint.exactly_81=1
exactly_81.n=2
exactly_81=80,1
sprint.exactly_160=1
exactly_160.n=2
exactly_160=80,80
sprint.fresh=1
sprint.fresh.n=0
sprint.fresh=
mb.asc_printable.classify=19
mb.err=<empty>
mb.asc_default_mask.classify=19
mb.err=<empty>
mb.asc_latin1.classify=20
mb.err=<empty>
mb.asc_numeric.classify=18
mb.err=<empty>
mb.asc_semicolon.classify=22
mb.err=<empty>
mb.null_len.classify=19
mb.err=<empty>
mb.all_seven.classify=19
mb.err=<empty>
mb.only_unknown_bit.classify=12
mb.err=<empty>
mb.unknown_plus_printable.classify=19
mb.err=<empty>
mb.bad_inform.classify=-1
mb.err=unknown format[]
mb.asc_to_dir.rv=19
mb.asc_to_dir.reused=0
asc_to_dir.type=19
asc_to_dir.len=5
asc_to_dir.data=68656c6c6f
mb.err=<empty>
mb.asc_with_nul.rv=20
mb.asc_with_nul.reused=0
asc_with_nul.type=20
asc_with_nul.len=3
asc_with_nul.data=610062
mb.err=<empty>
mb.asc_latin1.rv=20
mb.asc_latin1.reused=0
asc_latin1.type=20
asc_latin1.len=6
asc_latin1.data=68e96c6c6f00
mb.err=<empty>
mb.utf8_to_asc.rv=20
mb.utf8_to_asc.reused=0
utf8_to_asc.type=20
utf8_to_asc.len=5
utf8_to_asc.data=68e96c6c6f
mb.err=<empty>
mb.utf8_to_bmp.rv=30
mb.utf8_to_bmp.reused=0
utf8_to_bmp.type=30
utf8_to_bmp.len=6
utf8_to_bmp.data=006820ac0021
mb.err=<empty>
mb.utf8_to_utf8.rv=12
mb.utf8_to_utf8.reused=0
utf8_to_utf8.type=12
utf8_to_utf8.len=5
utf8_to_utf8.data=68f09f9880
mb.err=<empty>
mb.bmp_to_asc.rv=19
mb.bmp_to_asc.reused=0
bmp_to_asc.type=19
bmp_to_asc.len=2
bmp_to_asc.data=4142
mb.err=<empty>
mb.univ_to_asc.rv=19
mb.univ_to_asc.reused=0
univ_to_asc.type=19
univ_to_asc.len=2
univ_to_asc.data=4142
mb.err=<empty>
mb.univ_to_univ.rv=28
mb.univ_to_univ.reused=0
univ_to_univ.type=28
univ_to_univ.len=8
univ_to_univ.data=0000004100000042
mb.err=<empty>
mb.univ_to_bmp.rv=30
mb.univ_to_bmp.reused=0
univ_to_bmp.type=30
univ_to_bmp.len=2
univ_to_bmp.data=20ac
mb.err=<empty>
mb.asc_to_univ.rv=28
mb.asc_to_univ.reused=0
asc_to_univ.type=28
asc_to_univ.len=8
asc_to_univ.data=0000004100000042
mb.err=<empty>
mb.asc_to_bmp.rv=30
mb.asc_to_bmp.reused=0
asc_to_bmp.type=30
asc_to_bmp.len=4
asc_to_bmp.data=00410042
mb.err=<empty>
mb.asc_utf8_only.rv=12
mb.asc_utf8_only.reused=0
asc_utf8_only.type=12
asc_utf8_only.len=2
asc_utf8_only.data=4142
mb.err=<empty>
mb.reuse.rv=19
mb.reuse.reused=1
reuse.type=19
reuse.len=3
reuse.data=4e4557
mb.err=<empty>
mb.reuse_utf8.rv=12
mb.reuse_utf8.reused=1
reuse_utf8.type=12
reuse_utf8.len=2
reuse_utf8.data=4142
mb.err=<empty>
mb.bad_utf8_ff.rv=-1
mb.bad_utf8_ff.reused=0
bad_utf8_ff=<null>
mb.err=invalid utf8string[]
mb.bad_utf8_surrogate.rv=-1
mb.bad_utf8_surrogate.reused=0
bad_utf8_surrogate=<null>
mb.err=invalid utf8string[]
mb.odd_bmp.rv=-1
mb.odd_bmp.reused=0
odd_bmp=<null>
mb.err=invalid bmpstring length[]
mb.odd_univ.rv=-1
mb.odd_univ.reused=0
odd_univ=<null>
mb.err=invalid universalstring length[]
mb.negative_len.rv=-1
mb.negative_len.reused=0
negative_len=<null>
mb.err=passed invalid argument[]
mb.huge_len.rv=-1
mb.huge_len.reused=0
huge_len=<null>
mb.err=string too long[]
mb.bad_inform.rv=-1
mb.bad_inform.reused=0
bad_inform=<null>
mb.err=unknown format[]
mb.high_byte_asc.rv=-1
mb.high_byte_asc.reused=0
high_byte_asc=<null>
mb.err=illegal characters[]
mbn.min_ok.rv=19
min_ok.type=19
min_ok.len=3
min_ok.data=616263
mbn.err=<empty>
mbn.min_short.rv=-1
min_short=<null>
mbn.err=string too short[minsize=3]
mbn.max_ok.rv=19
max_ok.type=19
max_ok.len=3
max_ok.data=616263
mbn.err=<empty>
mbn.max_long.rv=-1
max_long=<null>
mbn.err=string too long[maxsize=3]
mbn.both_bad_min_first.rv=-1
both_bad_min_first=<null>
mbn.err=string too short[minsize=9]
mbn.zero_means_unbounded.rv=19
zero_means_unbounded.type=19
zero_means_unbounded.len=3
zero_means_unbounded.data=616263
mbn.err=<empty>
row.commonName.nid=13
row.commonName.min=1
row.commonName.max=64
row.commonName.mask=10246
row.commonName.flags=0
row.err=<empty>
row.countryName.nid=14
row.countryName.min=2
row.countryName.max=2
row.countryName.mask=2
row.countryName.flags=2
row.err=<empty>
row.pkcs9_emailAddress.nid=48
row.pkcs9_emailAddress.min=1
row.pkcs9_emailAddress.max=128
row.pkcs9_emailAddress.mask=16
row.pkcs9_emailAddress.flags=2
row.err=<empty>
row.friendlyName.nid=156
row.friendlyName.min=-1
row.friendlyName.max=-1
row.friendlyName.mask=2048
row.friendlyName.flags=2
row.err=<empty>
row.dnQualifier.nid=174
row.dnQualifier.min=-1
row.dnQualifier.max=-1
row.dnQualifier.mask=2
row.dnQualifier.flags=2
row.err=<empty>
row.dnsName.nid=1092
row.dnsName.min=0
row.dnsName.max=-1
row.dnsName.mask=8192
row.dnsName.flags=2
row.err=<empty>
row.smtputf8.nid=1208
row.smtputf8.min=1
row.smtputf8.max=128
row.smtputf8.mask=8192
row.smtputf8.flags=2
row.err=<empty>
row.serialNumber.nid=105
row.serialNumber.min=1
row.serialNumber.max=64
row.serialNumber.mask=2
row.serialNumber.flags=2
row.err=<empty>
row.unknown=<null>
row.err=<empty>
row.zero=<null>
row.err=passed invalid argument[]
row.negative=<null>
row.err=passed invalid argument[]
add.commonName=1
add.commonName.err=<empty>
row.commonName.after.nid=13
row.commonName.after.min=3
row.commonName.after.max=10
row.commonName.after.mask=16
row.commonName.after.flags=1
row.err=<empty>
add.unknown_nid=1
add.unknown_nid.err=<empty>
row.unknown.after.nid=99990
row.unknown.after.min=1
row.unknown.after.max=2
row.unknown.after.mask=2
row.unknown.after.flags=1
row.err=<empty>
add.mask_only=1
add.mask_only.err=<empty>
row.commonName.mask_only.nid=13
row.commonName.mask_only.min=3
row.commonName.mask_only.max=10
row.commonName.mask_only.mask=8192
row.commonName.mask_only.flags=1
row.err=<empty>
add.clear_flags=1
add.clear_flags.err=<empty>
row.countryName.cleared.nid=14
row.countryName.cleared.min=2
row.countryName.cleared.max=2
row.countryName.cleared.mask=2
row.countryName.cleared.flags=1
row.err=<empty>
add.restore_no_mask=1
add.restore_no_mask.err=<empty>
row.countryName.restored.nid=14
row.countryName.restored.min=2
row.countryName.restored.max=2
row.countryName.restored.mask=2
row.countryName.restored.flags=3
row.err=<empty>
add.min_gt_max=0
add.min_gt_max.err=passed invalid argument[]
add.zero_nid=0
add.zero_nid.err=passed invalid argument[]
add.negative_nid=0
add.negative_nid.err=passed invalid argument[]
bynid.ia5_ok=1
bynid.ia5_ok.type=12
bynid.ia5_ok.len=3
bynid.ia5_ok.data=616263
bynid.ia5_ok.err=<empty>
bynid.ia5_short=0
bynid.ia5_short.null=1
bynid.ia5_short.err=string too short[minsize=3]
bynid.ia5_long=0
bynid.ia5_long.null=1
bynid.ia5_long.err=string too long[maxsize=10]
bynid.country=1
bynid.country.type=19
bynid.country.len=2
bynid.country.data=5553
bynid.country.err=<empty>
bynid.unknown_nid=1
bynid.unknown_nid.type=12
bynid.unknown_nid.len=5
bynid.unknown_nid.data=68656c6c6f
bynid.unknown_nid.err=<empty>
cleanup.done=1
row.commonName.after_cleanup.nid=13
row.commonName.after_cleanup.min=1
row.commonName.after_cleanup.max=64
row.commonName.after_cleanup.mask=10246
row.commonName.after_cleanup.flags=0
row.err=<empty>
row.unknown.after_cleanup=<null>
row.err=<empty>
mask.initial=8192
mask.set=16
bynid.masked_country=1
bynid.masked_country.type=19
bynid.masked_country.len=2
bynid.masked_country.data=5553
bynid.masked_country.err=<empty>
bynid.masked_common=1
bynid.masked_common.type=19
bynid.masked_common.len=2
bynid.masked_common.data=6869
bynid.masked_common.err=<empty>
ascmask.0.rv=1
ascmask.0.now=16
ascmask.err=<empty>
ascmask.1.rv=1
ascmask.1.now=16
ascmask.err=<empty>
ascmask.2.rv=1
ascmask.2.now=14
ascmask.err=<empty>
ascmask.3.rv=1
ascmask.3.now=0
ascmask.err=<empty>
ascmask.4.rv=1
ascmask.4.now=18446744073709541375
ascmask.err=<empty>
ascmask.5.rv=1
ascmask.5.now=18446744073709551611
ascmask.err=<empty>
ascmask.6.rv=1
ascmask.6.now=8192
ascmask.err=<empty>
ascmask.7.rv=1
ascmask.7.now=4294967295
ascmask.err=<empty>
ascmask.8.rv=0
ascmask.8.now=8192
ascmask.err=<empty>
ascmask.9.rv=0
ascmask.9.now=8192
ascmask.err=<empty>
ascmask.10.rv=0
ascmask.10.now=8192
ascmask.err=<empty>
ascmask.11.rv=0
ascmask.11.now=8192
ascmask.err=<empty>
ascmask.12.rv=0
ascmask.12.now=8192
ascmask.err=<empty>
ascmask.13.rv=0
ascmask.13.now=8192
ascmask.err=<empty>
ascmask.14.rv=0
ascmask.14.now=8192
ascmask.err=<empty>
buf.empty=1
buf.empty.len=1
buf.empty="."
buf.one=1
buf.one.len=3
buf.one="41."
buf.fifteen=1
buf.fifteen.len=45
buf.fifteen="01:02:03:04:05:06:07:08:09:0a:0b:0c:0d:0e:0f."
buf.sixteen=1
buf.sixteen.len=49
buf.sixteen="01:02:03:04:05:06:07:08:09:0a:0b:0c:0d:0e:0f:.10."
buf.thirtyone=1
buf.thirtyone.len=95
buf.thirtyone="aa:00:00:00:00:00:00:00:00:00:00:00:00:00:00:.00:00:00:00:00:00:00:00:00:00:00:00:00:00:00:.00."
buf.indent2=1
buf.indent2.len=53
buf.indent2="  01:02:03:04:05:06:07:08:09:0a:0b:0c:0d:0e:0f:.  10."
buf.indent80=1
buf.indent80.len=209
buf.indent80="                                                                                01:02:03:04:05:06:07:08:09:0a:0b:0c:0d:0e:0f:.                                                                                10."
buf.indent81=1
buf.indent81.len=211
buf.indent81="                                                                                 01:02:03:04:05:06:07:08:09:0a:0b:0c:0d:0e:0f:.                                                                                 10."
buf.indent_negative=1
buf.indent_negative.len=49
buf.indent_negative="01:02:03:04:05:06:07:08:09:0a:0b:0c:0d:0e:0f:.10."
bn.null=1
bn.null.len=0
bn.null=""
bn.zero=1
bn.zero.len=4
bn.zero="N 0."
bn.word=1
bn.word.len=16
bn.word="N 4660 (0x1234)."
bn.one=1
bn.one.len=12
bn.one="N 65 (0x41)."
bn.wide_low=1
bn.wide_low.len=33
bn.wide_low="K.    01:23:45:67:89:ab:cd:ef:11."
bn.wide_high=1
bn.wide_high.len=36
bn.wide_high="K.    00:80:23:45:67:89:ab:cd:ef:11."
bn.wide_indent=1
bn.wide_indent.len=40
bn.wide_indent="  K.      00:80:23:45:67:89:ab:cd:ef:11."
bn.wide_indent80=1
bn.wide_indent80.len=196
bn.wide_indent80="                                                                                K.                                                                                    00:80:23:45:67:89:ab:cd:ef:11."
bn.empty_name=1
bn.empty_name.len=32
bn.empty_name=".    01:23:45:67:89:ab:cd:ef:11."
bn.neg_word=1
bn.neg_word.len=18
bn.neg_word="N -4660 (-0x1234)."
bn.neg_wide=1
bn.neg_wide.len=47
bn.neg_wide="K (Negative).    00:80:23:45:67:89:ab:cd:ef:11."
strex.printable.f0.measure=5
strex.printable.f0.rv=5
strex.printable.f0.same=1
strex.printable.f0.len=5
strex.printable.f0="hello"
strex.err=<empty>
strex.printable.f1.measure=5
strex.printable.f1.rv=5
strex.printable.f1.same=1
strex.printable.f1.len=5
strex.printable.f1="hello"
strex.err=<empty>
strex.printable.f2.measure=5
strex.printable.f2.rv=5
strex.printable.f2.same=1
strex.printable.f2.len=5
strex.printable.f2="hello"
strex.err=<empty>
strex.printable.f3.measure=5
strex.printable.f3.rv=5
strex.printable.f3.same=1
strex.printable.f3.len=5
strex.printable.f3="hello"
strex.err=<empty>
strex.printable.f4.measure=5
strex.printable.f4.rv=5
strex.printable.f4.same=1
strex.printable.f4.len=5
strex.printable.f4="hello"
strex.err=<empty>
strex.printable.f5.measure=5
strex.printable.f5.rv=5
strex.printable.f5.same=1
strex.printable.f5.len=5
strex.printable.f5="hello"
strex.err=<empty>
strex.printable.f6.measure=5
strex.printable.f6.rv=5
strex.printable.f6.same=1
strex.printable.f6.len=5
strex.printable.f6="hello"
strex.err=<empty>
strex.printable.f7.measure=5
strex.printable.f7.rv=5
strex.printable.f7.same=1
strex.printable.f7.len=5
strex.printable.f7="hello"
strex.err=<empty>
strex.printable.f8.measure=21
strex.printable.f8.rv=21
strex.printable.f8.same=1
strex.printable.f8.len=21
strex.printable.f8="PRINTABLESTRING:hello"
strex.err=<empty>
strex.printable.f9.measure=11
strex.printable.f9.rv=11
strex.printable.f9.same=1
strex.printable.f9.len=11
strex.printable.f9="#68656C6C6F"
strex.err=<empty>
strex.printable.f10.measure=5
strex.printable.f10.rv=5
strex.printable.f10.same=1
strex.printable.f10.len=5
strex.printable.f10="hello"
strex.err=<empty>
strex.printable.f11.measure=5
strex.printable.f11.rv=5
strex.printable.f11.same=1
strex.printable.f11.len=5
strex.printable.f11="hello"
strex.err=<empty>
strex.printable.f12.measure=15
strex.printable.f12.rv=15
strex.printable.f12.same=1
strex.printable.f12.len=15
strex.printable.f12="#130568656C6C6F"
strex.err=<empty>
strex.printable.f13.measure=5
strex.printable.f13.rv=5
strex.printable.f13.same=1
strex.printable.f13.len=5
strex.printable.f13="hello"
strex.err=<empty>
strex.printable.f14.measure=5
strex.printable.f14.rv=5
strex.printable.f14.same=1
strex.printable.f14.len=5
strex.printable.f14="hello"
strex.err=<empty>
strex.printable.f15.measure=5
strex.printable.f15.rv=5
strex.printable.f15.same=1
strex.printable.f15.len=5
strex.printable.f15="hello"
strex.err=<empty>
strex.printable.f16.measure=5
strex.printable.f16.rv=5
strex.printable.f16.same=1
strex.printable.f16.len=5
strex.printable.f16="hello"
strex.err=<empty>
strex.printable.f17.measure=5
strex.printable.f17.rv=5
strex.printable.f17.same=1
strex.printable.f17.len=5
strex.printable.f17="hello"
strex.err=<empty>
strex.printable.f18.measure=5
strex.printable.f18.rv=5
strex.printable.f18.same=1
strex.printable.f18.len=5
strex.printable.f18="hello"
strex.err=<empty>
strex.printable.f19.measure=5
strex.printable.f19.rv=5
strex.printable.f19.same=1
strex.printable.f19.len=5
strex.printable.f19="hello"
strex.err=<empty>
strex.printable.f20.measure=5
strex.printable.f20.rv=5
strex.printable.f20.same=1
strex.printable.f20.len=5
strex.printable.f20="hello"
strex.err=<empty>
strex.printable.f21.measure=21
strex.printable.f21.rv=21
strex.printable.f21.same=1
strex.printable.f21.len=21
strex.printable.f21="PRINTABLESTRING:hello"
strex.err=<empty>
strex.printable.f22.measure=5
strex.printable.f22.rv=5
strex.printable.f22.same=1
strex.printable.f22.len=5
strex.printable.f22="hello"
strex.err=<empty>
strex.ia5_specials.f0.measure=27
strex.ia5_specials.f0.rv=27
strex.ia5_specials.f0.same=1
strex.ia5_specials.f0.len=27
strex.ia5_specials.f0="a b,c+d"e\f<g>h;i#j(k)l*m.n"
strex.err=<empty>
strex.ia5_specials.f1.measure=34
strex.ia5_specials.f1.rv=34
strex.ia5_specials.f1.same=1
strex.ia5_specials.f1.len=34
strex.ia5_specials.f1="a b\,c\+d\"e\\f\<g\>h\;i#j(k)l*m.n"
strex.err=<empty>
strex.ia5_specials.f2.measure=30
strex.ia5_specials.f2.rv=30
strex.ia5_specials.f2.same=1
strex.ia5_specials.f2.len=30
strex.ia5_specials.f2="a b,c+d"e\\f<g>h;i#j(k)l*m\00n"
strex.err=<empty>
strex.ia5_specials.f3.measure=28
strex.ia5_specials.f3.rv=28
strex.ia5_specials.f3.same=1
strex.ia5_specials.f3.len=28
strex.ia5_specials.f3="a b,c+d"e\\f<g>h;i#j(k)l*m.n"
strex.err=<empty>
strex.ia5_specials.f4.measure=28
strex.ia5_specials.f4.rv=28
strex.ia5_specials.f4.same=1
strex.ia5_specials.f4.len=28
strex.ia5_specials.f4="a b,c+d"e\\f<g>h;i#j(k)l*m.n"
strex.err=<empty>
strex.ia5_specials.f5.measure=37
strex.ia5_specials.f5.rv=37
strex.ia5_specials.f5.same=1
strex.ia5_specials.f5.len=37
strex.ia5_specials.f5="a b,c+d"e\5Cf<g>h;i#j\28k\29l\2Am\00n"
strex.err=<empty>
strex.ia5_specials.f6.measure=27
strex.ia5_specials.f6.rv=27
strex.ia5_specials.f6.same=1
strex.ia5_specials.f6.len=27
strex.ia5_specials.f6="a b,c+d"e\f<g>h;i#j(k)l*m.n"
strex.err=<empty>
strex.ia5_specials.f7.measure=27
strex.ia5_specials.f7.rv=27
strex.ia5_specials.f7.same=1
strex.ia5_specials.f7.len=27
strex.ia5_specials.f7="a b,c+d"e\f<g>h;i#j(k)l*m.n"
strex.err=<empty>
strex.ia5_specials.f8.measure=37
strex.ia5_specials.f8.rv=37
strex.ia5_specials.f8.same=1
strex.ia5_specials.f8.len=37
strex.ia5_specials.f8="IA5STRING:a b,c+d"e\f<g>h;i#j(k)l*m.n"
strex.err=<empty>
strex.ia5_specials.f9.measure=55
strex.ia5_specials.f9.rv=55
strex.ia5_specials.f9.same=1
strex.ia5_specials.f9.len=55
strex.ia5_specials.f9="#6120622C632B6422655C663C673E683B69236A286B296C2A6D006E"
strex.err=<empty>
strex.ia5_specials.f10.measure=27
strex.ia5_specials.f10.rv=27
strex.ia5_specials.f10.same=1
strex.ia5_specials.f10.len=27
strex.ia5_specials.f10="a b,c+d"e\f<g>h;i#j(k)l*m.n"
strex.err=<empty>
strex.ia5_specials.f11.measure=27
strex.ia5_specials.f11.rv=27
strex.ia5_specials.f11.same=1
strex.ia5_specials.f11.len=27
strex.ia5_specials.f11="a b,c+d"e\f<g>h;i#j(k)l*m.n"
strex.err=<empty>
strex.ia5_specials.f12.measure=59
strex.ia5_specials.f12.rv=59
strex.ia5_specials.f12.same=1
strex.ia5_specials.f12.len=59
strex.ia5_specials.f12="#161B6120622C632B6422655C663C673E683B69236A286B296C2A6D006E"
strex.err=<empty>
strex.ia5_specials.f13.measure=27
strex.ia5_specials.f13.rv=27
strex.ia5_specials.f13.same=1
strex.ia5_specials.f13.len=27
strex.ia5_specials.f13="a b,c+d"e\f<g>h;i#j(k)l*m.n"
strex.err=<empty>
strex.ia5_specials.f14.measure=36
strex.ia5_specials.f14.rv=36
strex.ia5_specials.f14.same=1
strex.ia5_specials.f14.len=36
strex.ia5_specials.f14="a b\,c\+d\"e\\f\<g\>h\;i#j(k)l*m\00n"
strex.err=<empty>
strex.ia5_specials.f15.measure=31
strex.ia5_specials.f15.rv=31
strex.ia5_specials.f15.same=1
strex.ia5_specials.f15.len=31
strex.ia5_specials.f15=""a b,c+d\"e\\f<g>h;i#j(k)l*m.n""
strex.err=<empty>
strex.ia5_specials.f16.measure=33
strex.ia5_specials.f16.rv=33
strex.ia5_specials.f16.same=1
strex.ia5_specials.f16.len=33
strex.ia5_specials.f16=""a b,c+d\"e\\f<g>h;i#j(k)l*m\00n""
strex.err=<empty>
strex.ia5_specials.f17.measure=30
strex.ia5_specials.f17.rv=30
strex.ia5_specials.f17.same=1
strex.ia5_specials.f17.len=30
strex.ia5_specials.f17="a b,c+d"e\\f<g>h;i#j(k)l*m\00n"
strex.err=<empty>
strex.ia5_specials.f18.measure=34
strex.ia5_specials.f18.rv=34
strex.ia5_specials.f18.same=1
strex.ia5_specials.f18.len=34
strex.ia5_specials.f18="a b\,c\+d\"e\\f\<g\>h\;i#j(k)l*m.n"
strex.err=<empty>
strex.ia5_specials.f19.measure=37
strex.ia5_specials.f19.rv=37
strex.ia5_specials.f19.same=1
strex.ia5_specials.f19.len=37
strex.ia5_specials.f19="a b,c+d"e\5Cf<g>h;i#j\28k\29l\2Am\00n"
strex.err=<empty>
strex.ia5_specials.f20.measure=36
strex.ia5_specials.f20.rv=36
strex.ia5_specials.f20.same=1
strex.ia5_specials.f20.len=36
strex.ia5_specials.f20="a b\,c\+d\"e\\f\<g\>h\;i#j(k)l*m\00n"
strex.err=<empty>
strex.ia5_specials.f21.measure=46
strex.ia5_specials.f21.rv=46
strex.ia5_specials.f21.same=1
strex.ia5_specials.f21.len=46
strex.ia5_specials.f21="IA5STRING:a b\,c\+d\"e\\f\<g\>h\;i#j(k)l*m\00n"
strex.err=<empty>
strex.ia5_specials.f22.measure=36
strex.ia5_specials.f22.rv=36
strex.ia5_specials.f22.same=1
strex.ia5_specials.f22.len=36
strex.ia5_specials.f22="a b\,c\+d\"e\\f\<g\>h\;i#j(k)l*m\00n"
strex.err=<empty>
strex.ia5_leading_space.f0.measure=2
strex.ia5_leading_space.f0.rv=2
strex.ia5_leading_space.f0.same=1
strex.ia5_leading_space.f0.len=2
strex.ia5_leading_space.f0=" x"
strex.err=<empty>
strex.ia5_leading_space.f1.measure=3
strex.ia5_leading_space.f1.rv=3
strex.ia5_leading_space.f1.same=1
strex.ia5_leading_space.f1.len=3
strex.ia5_leading_space.f1="\ x"
strex.err=<empty>
strex.ia5_leading_space.f2.measure=2
strex.ia5_leading_space.f2.rv=2
strex.ia5_leading_space.f2.same=1
strex.ia5_leading_space.f2.len=2
strex.ia5_leading_space.f2=" x"
strex.err=<empty>
strex.ia5_leading_space.f3.measure=2
strex.ia5_leading_space.f3.rv=2
strex.ia5_leading_space.f3.same=1
strex.ia5_leading_space.f3.len=2
strex.ia5_leading_space.f3=" x"
strex.err=<empty>
strex.ia5_leading_space.f4.measure=2
strex.ia5_leading_space.f4.rv=2
strex.ia5_leading_space.f4.same=1
strex.ia5_leading_space.f4.len=2
strex.ia5_leading_space.f4=" x"
strex.err=<empty>
strex.ia5_leading_space.f5.measure=2
strex.ia5_leading_space.f5.rv=2
strex.ia5_leading_space.f5.same=1
strex.ia5_leading_space.f5.len=2
strex.ia5_leading_space.f5=" x"
strex.err=<empty>
strex.ia5_leading_space.f6.measure=2
strex.ia5_leading_space.f6.rv=2
strex.ia5_leading_space.f6.same=1
strex.ia5_leading_space.f6.len=2
strex.ia5_leading_space.f6=" x"
strex.err=<empty>
strex.ia5_leading_space.f7.measure=2
strex.ia5_leading_space.f7.rv=2
strex.ia5_leading_space.f7.same=1
strex.ia5_leading_space.f7.len=2
strex.ia5_leading_space.f7=" x"
strex.err=<empty>
strex.ia5_leading_space.f8.measure=12
strex.ia5_leading_space.f8.rv=12
strex.ia5_leading_space.f8.same=1
strex.ia5_leading_space.f8.len=12
strex.ia5_leading_space.f8="IA5STRING: x"
strex.err=<empty>
strex.ia5_leading_space.f9.measure=5
strex.ia5_leading_space.f9.rv=5
strex.ia5_leading_space.f9.same=1
strex.ia5_leading_space.f9.len=5
strex.ia5_leading_space.f9="#2078"
strex.err=<empty>
strex.ia5_leading_space.f10.measure=2
strex.ia5_leading_space.f10.rv=2
strex.ia5_leading_space.f10.same=1
strex.ia5_leading_space.f10.len=2
strex.ia5_leading_space.f10=" x"
strex.err=<empty>
strex.ia5_leading_space.f11.measure=2
strex.ia5_leading_space.f11.rv=2
strex.ia5_leading_space.f11.same=1
strex.ia5_leading_space.f11.len=2
strex.ia5_leading_space.f11=" x"
strex.err=<empty>
strex.ia5_leading_space.f12.measure=9
strex.ia5_leading_space.f12.rv=9
strex.ia5_leading_space.f12.same=1
strex.ia5_leading_space.f12.len=9
strex.ia5_leading_space.f12="#16022078"
strex.err=<empty>
strex.ia5_leading_space.f13.measure=2
strex.ia5_leading_space.f13.rv=2
strex.ia5_leading_space.f13.same=1
strex.ia5_leading_space.f13.len=2
strex.ia5_leading_space.f13=" x"
strex.err=<empty>
strex.ia5_leading_space.f14.measure=3
strex.ia5_leading_space.f14.rv=3
strex.ia5_leading_space.f14.same=1
strex.ia5_leading_space.f14.len=3
strex.ia5_leading_space.f14="\ x"
strex.err=<empty>
strex.ia5_leading_space.f15.measure=4
strex.ia5_leading_space.f15.rv=4
strex.ia5_leading_space.f15.same=1
strex.ia5_leading_space.f15.len=4
strex.ia5_leading_space.f15="" x""
strex.err=<empty>
strex.ia5_leading_space.f16.measure=4
strex.ia5_leading_space.f16.rv=4
strex.ia5_leading_space.f16.same=1
strex.ia5_leading_space.f16.len=4
strex.ia5_leading_space.f16="" x""
strex.err=<empty>
strex.ia5_leading_space.f17.measure=2
strex.ia5_leading_space.f17.rv=2
strex.ia5_leading_space.f17.same=1
strex.ia5_leading_space.f17.len=2
strex.ia5_leading_space.f17=" x"
strex.err=<empty>
strex.ia5_leading_space.f18.measure=3
strex.ia5_leading_space.f18.rv=3
strex.ia5_leading_space.f18.same=1
strex.ia5_leading_space.f18.len=3
strex.ia5_leading_space.f18="\ x"
strex.err=<empty>
strex.ia5_leading_space.f19.measure=2
strex.ia5_leading_space.f19.rv=2
strex.ia5_leading_space.f19.same=1
strex.ia5_leading_space.f19.len=2
strex.ia5_leading_space.f19=" x"
strex.err=<empty>
strex.ia5_leading_space.f20.measure=3
strex.ia5_leading_space.f20.rv=3
strex.ia5_leading_space.f20.same=1
strex.ia5_leading_space.f20.len=3
strex.ia5_leading_space.f20="\ x"
strex.err=<empty>
strex.ia5_leading_space.f21.measure=13
strex.ia5_leading_space.f21.rv=13
strex.ia5_leading_space.f21.same=1
strex.ia5_leading_space.f21.len=13
strex.ia5_leading_space.f21="IA5STRING:\ x"
strex.err=<empty>
strex.ia5_leading_space.f22.measure=3
strex.ia5_leading_space.f22.rv=3
strex.ia5_leading_space.f22.same=1
strex.ia5_leading_space.f22.len=3
strex.ia5_leading_space.f22="\ x"
strex.err=<empty>
strex.ia5_trailing_space.f0.measure=2
strex.ia5_trailing_space.f0.rv=2
strex.ia5_trailing_space.f0.same=1
strex.ia5_trailing_space.f0.len=2
strex.ia5_trailing_space.f0="x "
strex.err=<empty>
strex.ia5_trailing_space.f1.measure=3
strex.ia5_trailing_space.f1.rv=3
strex.ia5_trailing_space.f1.same=1
strex.ia5_trailing_space.f1.len=3
strex.ia5_trailing_space.f1="x\ "
strex.err=<empty>
strex.ia5_trailing_space.f2.measure=2
strex.ia5_trailing_space.f2.rv=2
strex.ia5_trailing_space.f2.same=1
strex.ia5_trailing_space.f2.len=2
strex.ia5_trailing_space.f2="x "
strex.err=<empty>
strex.ia5_trailing_space.f3.measure=2
strex.ia5_trailing_space.f3.rv=2
strex.ia5_trailing_space.f3.same=1
strex.ia5_trailing_space.f3.len=2
strex.ia5_trailing_space.f3="x "
strex.err=<empty>
strex.ia5_trailing_space.f4.measure=2
strex.ia5_trailing_space.f4.rv=2
strex.ia5_trailing_space.f4.same=1
strex.ia5_trailing_space.f4.len=2
strex.ia5_trailing_space.f4="x "
strex.err=<empty>
strex.ia5_trailing_space.f5.measure=2
strex.ia5_trailing_space.f5.rv=2
strex.ia5_trailing_space.f5.same=1
strex.ia5_trailing_space.f5.len=2
strex.ia5_trailing_space.f5="x "
strex.err=<empty>
strex.ia5_trailing_space.f6.measure=2
strex.ia5_trailing_space.f6.rv=2
strex.ia5_trailing_space.f6.same=1
strex.ia5_trailing_space.f6.len=2
strex.ia5_trailing_space.f6="x "
strex.err=<empty>
strex.ia5_trailing_space.f7.measure=2
strex.ia5_trailing_space.f7.rv=2
strex.ia5_trailing_space.f7.same=1
strex.ia5_trailing_space.f7.len=2
strex.ia5_trailing_space.f7="x "
strex.err=<empty>
strex.ia5_trailing_space.f8.measure=12
strex.ia5_trailing_space.f8.rv=12
strex.ia5_trailing_space.f8.same=1
strex.ia5_trailing_space.f8.len=12
strex.ia5_trailing_space.f8="IA5STRING:x "
strex.err=<empty>
strex.ia5_trailing_space.f9.measure=5
strex.ia5_trailing_space.f9.rv=5
strex.ia5_trailing_space.f9.same=1
strex.ia5_trailing_space.f9.len=5
strex.ia5_trailing_space.f9="#7820"
strex.err=<empty>
strex.ia5_trailing_space.f10.measure=2
strex.ia5_trailing_space.f10.rv=2
strex.ia5_trailing_space.f10.same=1
strex.ia5_trailing_space.f10.len=2
strex.ia5_trailing_space.f10="x "
strex.err=<empty>
strex.ia5_trailing_space.f11.measure=2
strex.ia5_trailing_space.f11.rv=2
strex.ia5_trailing_space.f11.same=1
strex.ia5_trailing_space.f11.len=2
strex.ia5_trailing_space.f11="x "
strex.err=<empty>
strex.ia5_trailing_space.f12.measure=9
strex.ia5_trailing_space.f12.rv=9
strex.ia5_trailing_space.f12.same=1
strex.ia5_trailing_space.f12.len=9
strex.ia5_trailing_space.f12="#16027820"
strex.err=<empty>
strex.ia5_trailing_space.f13.measure=2
strex.ia5_trailing_space.f13.rv=2
strex.ia5_trailing_space.f13.same=1
strex.ia5_trailing_space.f13.len=2
strex.ia5_trailing_space.f13="x "
strex.err=<empty>
strex.ia5_trailing_space.f14.measure=3
strex.ia5_trailing_space.f14.rv=3
strex.ia5_trailing_space.f14.same=1
strex.ia5_trailing_space.f14.len=3
strex.ia5_trailing_space.f14="x\ "
strex.err=<empty>
strex.ia5_trailing_space.f15.measure=4
strex.ia5_trailing_space.f15.rv=4
strex.ia5_trailing_space.f15.same=1
strex.ia5_trailing_space.f15.len=4
strex.ia5_trailing_space.f15=""x ""
strex.err=<empty>
strex.ia5_trailing_space.f16.measure=4
strex.ia5_trailing_space.f16.rv=4
strex.ia5_trailing_space.f16.same=1
strex.ia5_trailing_space.f16.len=4
strex.ia5_trailing_space.f16=""x ""
strex.err=<empty>
strex.ia5_trailing_space.f17.measure=2
strex.ia5_trailing_space.f17.rv=2
strex.ia5_trailing_space.f17.same=1
strex.ia5_trailing_space.f17.len=2
strex.ia5_trailing_space.f17="x "
strex.err=<empty>
strex.ia5_trailing_space.f18.measure=3
strex.ia5_trailing_space.f18.rv=3
strex.ia5_trailing_space.f18.same=1
strex.ia5_trailing_space.f18.len=3
strex.ia5_trailing_space.f18="x\ "
strex.err=<empty>
strex.ia5_trailing_space.f19.measure=2
strex.ia5_trailing_space.f19.rv=2
strex.ia5_trailing_space.f19.same=1
strex.ia5_trailing_space.f19.len=2
strex.ia5_trailing_space.f19="x "
strex.err=<empty>
strex.ia5_trailing_space.f20.measure=3
strex.ia5_trailing_space.f20.rv=3
strex.ia5_trailing_space.f20.same=1
strex.ia5_trailing_space.f20.len=3
strex.ia5_trailing_space.f20="x\ "
strex.err=<empty>
strex.ia5_trailing_space.f21.measure=13
strex.ia5_trailing_space.f21.rv=13
strex.ia5_trailing_space.f21.same=1
strex.ia5_trailing_space.f21.len=13
strex.ia5_trailing_space.f21="IA5STRING:x\ "
strex.err=<empty>
strex.ia5_trailing_space.f22.measure=3
strex.ia5_trailing_space.f22.rv=3
strex.ia5_trailing_space.f22.same=1
strex.ia5_trailing_space.f22.len=3
strex.ia5_trailing_space.f22="x\ "
strex.err=<empty>
strex.empty.f0.measure=0
strex.empty.f0.rv=0
strex.empty.f0.same=1
strex.empty.f0.len=0
strex.empty.f0=""
strex.err=<empty>
strex.empty.f1.measure=0
strex.empty.f1.rv=0
strex.empty.f1.same=1
strex.empty.f1.len=0
strex.empty.f1=""
strex.err=<empty>
strex.empty.f2.measure=0
strex.empty.f2.rv=0
strex.empty.f2.same=1
strex.empty.f2.len=0
strex.empty.f2=""
strex.err=<empty>
strex.empty.f3.measure=0
strex.empty.f3.rv=0
strex.empty.f3.same=1
strex.empty.f3.len=0
strex.empty.f3=""
strex.err=<empty>
strex.empty.f4.measure=0
strex.empty.f4.rv=0
strex.empty.f4.same=1
strex.empty.f4.len=0
strex.empty.f4=""
strex.err=<empty>
strex.empty.f5.measure=0
strex.empty.f5.rv=0
strex.empty.f5.same=1
strex.empty.f5.len=0
strex.empty.f5=""
strex.err=<empty>
strex.empty.f6.measure=0
strex.empty.f6.rv=0
strex.empty.f6.same=1
strex.empty.f6.len=0
strex.empty.f6=""
strex.err=<empty>
strex.empty.f7.measure=0
strex.empty.f7.rv=0
strex.empty.f7.same=1
strex.empty.f7.len=0
strex.empty.f7=""
strex.err=<empty>
strex.empty.f8.measure=10
strex.empty.f8.rv=10
strex.empty.f8.same=1
strex.empty.f8.len=10
strex.empty.f8="IA5STRING:"
strex.err=<empty>
strex.empty.f9.measure=1
strex.empty.f9.rv=1
strex.empty.f9.same=1
strex.empty.f9.len=1
strex.empty.f9="#"
strex.err=<empty>
strex.empty.f10.measure=0
strex.empty.f10.rv=0
strex.empty.f10.same=1
strex.empty.f10.len=0
strex.empty.f10=""
strex.err=<empty>
strex.empty.f11.measure=0
strex.empty.f11.rv=0
strex.empty.f11.same=1
strex.empty.f11.len=0
strex.empty.f11=""
strex.err=<empty>
strex.empty.f12.measure=5
strex.empty.f12.rv=5
strex.empty.f12.same=1
strex.empty.f12.len=5
strex.empty.f12="#1600"
strex.err=<empty>
strex.empty.f13.measure=0
strex.empty.f13.rv=0
strex.empty.f13.same=1
strex.empty.f13.len=0
strex.empty.f13=""
strex.err=<empty>
strex.empty.f14.measure=0
strex.empty.f14.rv=0
strex.empty.f14.same=1
strex.empty.f14.len=0
strex.empty.f14=""
strex.err=<empty>
strex.empty.f15.measure=0
strex.empty.f15.rv=0
strex.empty.f15.same=1
strex.empty.f15.len=0
strex.empty.f15=""
strex.err=<empty>
strex.empty.f16.measure=0
strex.empty.f16.rv=0
strex.empty.f16.same=1
strex.empty.f16.len=0
strex.empty.f16=""
strex.err=<empty>
strex.empty.f17.measure=0
strex.empty.f17.rv=0
strex.empty.f17.same=1
strex.empty.f17.len=0
strex.empty.f17=""
strex.err=<empty>
strex.empty.f18.measure=0
strex.empty.f18.rv=0
strex.empty.f18.same=1
strex.empty.f18.len=0
strex.empty.f18=""
strex.err=<empty>
strex.empty.f19.measure=0
strex.empty.f19.rv=0
strex.empty.f19.same=1
strex.empty.f19.len=0
strex.empty.f19=""
strex.err=<empty>
strex.empty.f20.measure=0
strex.empty.f20.rv=0
strex.empty.f20.same=1
strex.empty.f20.len=0
strex.empty.f20=""
strex.err=<empty>
strex.empty.f21.measure=10
strex.empty.f21.rv=10
strex.empty.f21.same=1
strex.empty.f21.len=10
strex.empty.f21="IA5STRING:"
strex.err=<empty>
strex.empty.f22.measure=0
strex.empty.f22.rv=0
strex.empty.f22.same=1
strex.empty.f22.len=0
strex.empty.f22=""
strex.err=<empty>
strex.high_bit.f0.measure=5
strex.high_bit.f0.rv=5
strex.high_bit.f0.same=1
strex.high_bit.f0.len=5
strex.high_bit.f0="a...b"
strex.err=<empty>
strex.high_bit.f1.measure=5
strex.high_bit.f1.rv=5
strex.high_bit.f1.same=1
strex.high_bit.f1.len=5
strex.high_bit.f1="a...b"
strex.err=<empty>
strex.high_bit.f2.measure=5
strex.high_bit.f2.rv=5
strex.high_bit.f2.same=1
strex.high_bit.f2.len=5
strex.high_bit.f2="a...b"
strex.err=<empty>
strex.high_bit.f3.measure=11
strex.high_bit.f3.rv=11
strex.high_bit.f3.same=1
strex.high_bit.f3.len=11
strex.high_bit.f3="a\80\E9\FFb"
strex.err=<empty>
strex.high_bit.f4.measure=5
strex.high_bit.f4.rv=5
strex.high_bit.f4.same=1
strex.high_bit.f4.len=5
strex.high_bit.f4="a...b"
strex.err=<empty>
strex.high_bit.f5.measure=5
strex.high_bit.f5.rv=5
strex.high_bit.f5.same=1
strex.high_bit.f5.len=5
strex.high_bit.f5="a...b"
strex.err=<empty>
strex.high_bit.f6.measure=8
strex.high_bit.f6.rv=8
strex.high_bit.f6.same=1
strex.high_bit.f6.len=8
strex.high_bit.f6="a......b"
strex.err=<empty>
strex.high_bit.f7.measure=5
strex.high_bit.f7.rv=5
strex.high_bit.f7.same=1
strex.high_bit.f7.len=5
strex.high_bit.f7="a...b"
strex.err=<empty>
strex.high_bit.f8.measure=15
strex.high_bit.f8.rv=15
strex.high_bit.f8.same=1
strex.high_bit.f8.len=15
strex.high_bit.f8="IA5STRING:a...b"
strex.err=<empty>
strex.high_bit.f9.measure=11
strex.high_bit.f9.rv=11
strex.high_bit.f9.same=1
strex.high_bit.f9.len=11
strex.high_bit.f9="#6180E9FF62"
strex.err=<empty>
strex.high_bit.f10.measure=5
strex.high_bit.f10.rv=5
strex.high_bit.f10.same=1
strex.high_bit.f10.len=5
strex.high_bit.f10="a...b"
strex.err=<empty>
strex.high_bit.f11.measure=5
strex.high_bit.f11.rv=5
strex.high_bit.f11.same=1
strex.high_bit.f11.len=5
strex.high_bit.f11="a...b"
strex.err=<empty>
strex.high_bit.f12.measure=15
strex.high_bit.f12.rv=15
strex.high_bit.f12.same=1
strex.high_bit.f12.len=15
strex.high_bit.f12="#16056180E9FF62"
strex.err=<empty>
strex.high_bit.f13.measure=5
strex.high_bit.f13.rv=5
strex.high_bit.f13.same=1
strex.high_bit.f13.len=5
strex.high_bit.f13="a...b"
strex.err=<empty>
strex.high_bit.f14.measure=5
strex.high_bit.f14.rv=5
strex.high_bit.f14.same=1
strex.high_bit.f14.len=5
strex.high_bit.f14="a...b"
strex.err=<empty>
strex.high_bit.f15.measure=5
strex.high_bit.f15.rv=5
strex.high_bit.f15.same=1
strex.high_bit.f15.len=5
strex.high_bit.f15="a...b"
strex.err=<empty>
strex.high_bit.f16.measure=5
strex.high_bit.f16.rv=5
strex.high_bit.f16.same=1
strex.high_bit.f16.len=5
strex.high_bit.f16="a...b"
strex.err=<empty>
strex.high_bit.f17.measure=11
strex.high_bit.f17.rv=11
strex.high_bit.f17.same=1
strex.high_bit.f17.len=11
strex.high_bit.f17="a\80\E9\FFb"
strex.err=<empty>
strex.high_bit.f18.measure=11
strex.high_bit.f18.rv=11
strex.high_bit.f18.same=1
strex.high_bit.f18.len=11
strex.high_bit.f18="a\80\E9\FFb"
strex.err=<empty>
strex.high_bit.f19.measure=5
strex.high_bit.f19.rv=5
strex.high_bit.f19.same=1
strex.high_bit.f19.len=5
strex.high_bit.f19="a...b"
strex.err=<empty>
strex.high_bit.f20.measure=20
strex.high_bit.f20.rv=20
strex.high_bit.f20.same=1
strex.high_bit.f20.len=20
strex.high_bit.f20="a\C2\80\C3\A9\C3\BFb"
strex.err=<empty>
strex.high_bit.f21.measure=30
strex.high_bit.f21.rv=30
strex.high_bit.f21.same=1
strex.high_bit.f21.len=30
strex.high_bit.f21="IA5STRING:a\C2\80\C3\A9\C3\BFb"
strex.err=<empty>
strex.high_bit.f22.measure=20
strex.high_bit.f22.rv=20
strex.high_bit.f22.same=1
strex.high_bit.f22.len=20
strex.high_bit.f22="a\C2\80\C3\A9\C3\BFb"
strex.err=<empty>
strex.numeric.f0.measure=5
strex.numeric.f0.rv=5
strex.numeric.f0.same=1
strex.numeric.f0.len=5
strex.numeric.f0="12 34"
strex.err=<empty>
strex.numeric.f1.measure=5
strex.numeric.f1.rv=5
strex.numeric.f1.same=1
strex.numeric.f1.len=5
strex.numeric.f1="12 34"
strex.err=<empty>
strex.numeric.f2.measure=5
strex.numeric.f2.rv=5
strex.numeric.f2.same=1
strex.numeric.f2.len=5
strex.numeric.f2="12 34"
strex.err=<empty>
strex.numeric.f3.measure=5
strex.numeric.f3.rv=5
strex.numeric.f3.same=1
strex.numeric.f3.len=5
strex.numeric.f3="12 34"
strex.err=<empty>
strex.numeric.f4.measure=5
strex.numeric.f4.rv=5
strex.numeric.f4.same=1
strex.numeric.f4.len=5
strex.numeric.f4="12 34"
strex.err=<empty>
strex.numeric.f5.measure=5
strex.numeric.f5.rv=5
strex.numeric.f5.same=1
strex.numeric.f5.len=5
strex.numeric.f5="12 34"
strex.err=<empty>
strex.numeric.f6.measure=5
strex.numeric.f6.rv=5
strex.numeric.f6.same=1
strex.numeric.f6.len=5
strex.numeric.f6="12 34"
strex.err=<empty>
strex.numeric.f7.measure=5
strex.numeric.f7.rv=5
strex.numeric.f7.same=1
strex.numeric.f7.len=5
strex.numeric.f7="12 34"
strex.err=<empty>
strex.numeric.f8.measure=19
strex.numeric.f8.rv=19
strex.numeric.f8.same=1
strex.numeric.f8.len=19
strex.numeric.f8="NUMERICSTRING:12 34"
strex.err=<empty>
strex.numeric.f9.measure=11
strex.numeric.f9.rv=11
strex.numeric.f9.same=1
strex.numeric.f9.len=11
strex.numeric.f9="#3132203334"
strex.err=<empty>
strex.numeric.f10.measure=5
strex.numeric.f10.rv=5
strex.numeric.f10.same=1
strex.numeric.f10.len=5
strex.numeric.f10="12 34"
strex.err=<empty>
strex.numeric.f11.measure=5
strex.numeric.f11.rv=5
strex.numeric.f11.same=1
strex.numeric.f11.len=5
strex.numeric.f11="12 34"
strex.err=<empty>
strex.numeric.f12.measure=15
strex.numeric.f12.rv=15
strex.numeric.f12.same=1
strex.numeric.f12.len=15
strex.numeric.f12="#12053132203334"
strex.err=<empty>
strex.numeric.f13.measure=5
strex.numeric.f13.rv=5
strex.numeric.f13.same=1
strex.numeric.f13.len=5
strex.numeric.f13="12 34"
strex.err=<empty>
strex.numeric.f14.measure=5
strex.numeric.f14.rv=5
strex.numeric.f14.same=1
strex.numeric.f14.len=5
strex.numeric.f14="12 34"
strex.err=<empty>
strex.numeric.f15.measure=5
strex.numeric.f15.rv=5
strex.numeric.f15.same=1
strex.numeric.f15.len=5
strex.numeric.f15="12 34"
strex.err=<empty>
strex.numeric.f16.measure=5
strex.numeric.f16.rv=5
strex.numeric.f16.same=1
strex.numeric.f16.len=5
strex.numeric.f16="12 34"
strex.err=<empty>
strex.numeric.f17.measure=5
strex.numeric.f17.rv=5
strex.numeric.f17.same=1
strex.numeric.f17.len=5
strex.numeric.f17="12 34"
strex.err=<empty>
strex.numeric.f18.measure=5
strex.numeric.f18.rv=5
strex.numeric.f18.same=1
strex.numeric.f18.len=5
strex.numeric.f18="12 34"
strex.err=<empty>
strex.numeric.f19.measure=5
strex.numeric.f19.rv=5
strex.numeric.f19.same=1
strex.numeric.f19.len=5
strex.numeric.f19="12 34"
strex.err=<empty>
strex.numeric.f20.measure=5
strex.numeric.f20.rv=5
strex.numeric.f20.same=1
strex.numeric.f20.len=5
strex.numeric.f20="12 34"
strex.err=<empty>
strex.numeric.f21.measure=19
strex.numeric.f21.rv=19
strex.numeric.f21.same=1
strex.numeric.f21.len=19
strex.numeric.f21="NUMERICSTRING:12 34"
strex.err=<empty>
strex.numeric.f22.measure=5
strex.numeric.f22.rv=5
strex.numeric.f22.same=1
strex.numeric.f22.len=5
strex.numeric.f22="12 34"
strex.err=<empty>
strex.t61.f0.measure=5
strex.t61.f0.rv=5
strex.t61.f0.same=1
strex.t61.f0.len=5
strex.t61.f0="a...b"
strex.err=<empty>
strex.t61.f1.measure=5
strex.t61.f1.rv=5
strex.t61.f1.same=1
strex.t61.f1.len=5
strex.t61.f1="a...b"
strex.err=<empty>
strex.t61.f2.measure=5
strex.t61.f2.rv=5
strex.t61.f2.same=1
strex.t61.f2.len=5
strex.t61.f2="a...b"
strex.err=<empty>
strex.t61.f3.measure=11
strex.t61.f3.rv=11
strex.t61.f3.same=1
strex.t61.f3.len=11
strex.t61.f3="a\80\E9\FFb"
strex.err=<empty>
strex.t61.f4.measure=5
strex.t61.f4.rv=5
strex.t61.f4.same=1
strex.t61.f4.len=5
strex.t61.f4="a...b"
strex.err=<empty>
strex.t61.f5.measure=5
strex.t61.f5.rv=5
strex.t61.f5.same=1
strex.t61.f5.len=5
strex.t61.f5="a...b"
strex.err=<empty>
strex.t61.f6.measure=8
strex.t61.f6.rv=8
strex.t61.f6.same=1
strex.t61.f6.len=8
strex.t61.f6="a......b"
strex.err=<empty>
strex.t61.f7.measure=5
strex.t61.f7.rv=5
strex.t61.f7.same=1
strex.t61.f7.len=5
strex.t61.f7="a...b"
strex.err=<empty>
strex.t61.f8.measure=15
strex.t61.f8.rv=15
strex.t61.f8.same=1
strex.t61.f8.len=15
strex.t61.f8="T61STRING:a...b"
strex.err=<empty>
strex.t61.f9.measure=11
strex.t61.f9.rv=11
strex.t61.f9.same=1
strex.t61.f9.len=11
strex.t61.f9="#6180E9FF62"
strex.err=<empty>
strex.t61.f10.measure=5
strex.t61.f10.rv=5
strex.t61.f10.same=1
strex.t61.f10.len=5
strex.t61.f10="a...b"
strex.err=<empty>
strex.t61.f11.measure=5
strex.t61.f11.rv=5
strex.t61.f11.same=1
strex.t61.f11.len=5
strex.t61.f11="a...b"
strex.err=<empty>
strex.t61.f12.measure=15
strex.t61.f12.rv=15
strex.t61.f12.same=1
strex.t61.f12.len=15
strex.t61.f12="#14056180E9FF62"
strex.err=<empty>
strex.t61.f13.measure=5
strex.t61.f13.rv=5
strex.t61.f13.same=1
strex.t61.f13.len=5
strex.t61.f13="a...b"
strex.err=<empty>
strex.t61.f14.measure=5
strex.t61.f14.rv=5
strex.t61.f14.same=1
strex.t61.f14.len=5
strex.t61.f14="a...b"
strex.err=<empty>
strex.t61.f15.measure=5
strex.t61.f15.rv=5
strex.t61.f15.same=1
strex.t61.f15.len=5
strex.t61.f15="a...b"
strex.err=<empty>
strex.t61.f16.measure=5
strex.t61.f16.rv=5
strex.t61.f16.same=1
strex.t61.f16.len=5
strex.t61.f16="a...b"
strex.err=<empty>
strex.t61.f17.measure=11
strex.t61.f17.rv=11
strex.t61.f17.same=1
strex.t61.f17.len=11
strex.t61.f17="a\80\E9\FFb"
strex.err=<empty>
strex.t61.f18.measure=11
strex.t61.f18.rv=11
strex.t61.f18.same=1
strex.t61.f18.len=11
strex.t61.f18="a\80\E9\FFb"
strex.err=<empty>
strex.t61.f19.measure=5
strex.t61.f19.rv=5
strex.t61.f19.same=1
strex.t61.f19.len=5
strex.t61.f19="a...b"
strex.err=<empty>
strex.t61.f20.measure=20
strex.t61.f20.rv=20
strex.t61.f20.same=1
strex.t61.f20.len=20
strex.t61.f20="a\C2\80\C3\A9\C3\BFb"
strex.err=<empty>
strex.t61.f21.measure=30
strex.t61.f21.rv=30
strex.t61.f21.same=1
strex.t61.f21.len=30
strex.t61.f21="T61STRING:a\C2\80\C3\A9\C3\BFb"
strex.err=<empty>
strex.t61.f22.measure=20
strex.t61.f22.rv=20
strex.t61.f22.same=1
strex.t61.f22.len=20
strex.t61.f22="a\C2\80\C3\A9\C3\BFb"
strex.err=<empty>
strex.utctime.f0.measure=13
strex.utctime.f0.rv=13
strex.utctime.f0.same=1
strex.utctime.f0.len=13
strex.utctime.f0="200101000000Z"
strex.err=<empty>
strex.utctime.f1.measure=13
strex.utctime.f1.rv=13
strex.utctime.f1.same=1
strex.utctime.f1.len=13
strex.utctime.f1="200101000000Z"
strex.err=<empty>
strex.utctime.f2.measure=13
strex.utctime.f2.rv=13
strex.utctime.f2.same=1
strex.utctime.f2.len=13
strex.utctime.f2="200101000000Z"
strex.err=<empty>
strex.utctime.f3.measure=13
strex.utctime.f3.rv=13
strex.utctime.f3.same=1
strex.utctime.f3.len=13
strex.utctime.f3="200101000000Z"
strex.err=<empty>
strex.utctime.f4.measure=13
strex.utctime.f4.rv=13
strex.utctime.f4.same=1
strex.utctime.f4.len=13
strex.utctime.f4="200101000000Z"
strex.err=<empty>
strex.utctime.f5.measure=13
strex.utctime.f5.rv=13
strex.utctime.f5.same=1
strex.utctime.f5.len=13
strex.utctime.f5="200101000000Z"
strex.err=<empty>
strex.utctime.f6.measure=13
strex.utctime.f6.rv=13
strex.utctime.f6.same=1
strex.utctime.f6.len=13
strex.utctime.f6="200101000000Z"
strex.err=<empty>
strex.utctime.f7.measure=13
strex.utctime.f7.rv=13
strex.utctime.f7.same=1
strex.utctime.f7.len=13
strex.utctime.f7="200101000000Z"
strex.err=<empty>
strex.utctime.f8.measure=21
strex.utctime.f8.rv=21
strex.utctime.f8.same=1
strex.utctime.f8.len=21
strex.utctime.f8="UTCTIME:200101000000Z"
strex.err=<empty>
strex.utctime.f9.measure=27
strex.utctime.f9.rv=27
strex.utctime.f9.same=1
strex.utctime.f9.len=27
strex.utctime.f9="#3230303130313030303030305A"
strex.err=<empty>
strex.utctime.f10.measure=13
strex.utctime.f10.rv=13
strex.utctime.f10.same=1
strex.utctime.f10.len=13
strex.utctime.f10="200101000000Z"
strex.err=<empty>
strex.utctime.f11.measure=13
strex.utctime.f11.rv=13
strex.utctime.f11.same=1
strex.utctime.f11.len=13
strex.utctime.f11="200101000000Z"
strex.err=<empty>
strex.utctime.f12.measure=31
strex.utctime.f12.rv=31
strex.utctime.f12.same=1
strex.utctime.f12.len=31
strex.utctime.f12="#170D3230303130313030303030305A"
strex.err=<empty>
strex.utctime.f13.measure=13
strex.utctime.f13.rv=13
strex.utctime.f13.same=1
strex.utctime.f13.len=13
strex.utctime.f13="200101000000Z"
strex.err=<empty>
strex.utctime.f14.measure=13
strex.utctime.f14.rv=13
strex.utctime.f14.same=1
strex.utctime.f14.len=13
strex.utctime.f14="200101000000Z"
strex.err=<empty>
strex.utctime.f15.measure=13
strex.utctime.f15.rv=13
strex.utctime.f15.same=1
strex.utctime.f15.len=13
strex.utctime.f15="200101000000Z"
strex.err=<empty>
strex.utctime.f16.measure=13
strex.utctime.f16.rv=13
strex.utctime.f16.same=1
strex.utctime.f16.len=13
strex.utctime.f16="200101000000Z"
strex.err=<empty>
strex.utctime.f17.measure=13
strex.utctime.f17.rv=13
strex.utctime.f17.same=1
strex.utctime.f17.len=13
strex.utctime.f17="200101000000Z"
strex.err=<empty>
strex.utctime.f18.measure=13
strex.utctime.f18.rv=13
strex.utctime.f18.same=1
strex.utctime.f18.len=13
strex.utctime.f18="200101000000Z"
strex.err=<empty>
strex.utctime.f19.measure=13
strex.utctime.f19.rv=13
strex.utctime.f19.same=1
strex.utctime.f19.len=13
strex.utctime.f19="200101000000Z"
strex.err=<empty>
strex.utctime.f20.measure=13
strex.utctime.f20.rv=13
strex.utctime.f20.same=1
strex.utctime.f20.len=13
strex.utctime.f20="200101000000Z"
strex.err=<empty>
strex.utctime.f21.measure=21
strex.utctime.f21.rv=21
strex.utctime.f21.same=1
strex.utctime.f21.len=21
strex.utctime.f21="UTCTIME:200101000000Z"
strex.err=<empty>
strex.utctime.f22.measure=13
strex.utctime.f22.rv=13
strex.utctime.f22.same=1
strex.utctime.f22.len=13
strex.utctime.f22="200101000000Z"
strex.err=<empty>
strex.utf8.f0.measure=8
strex.utf8.f0.rv=8
strex.utf8.f0.same=1
strex.utf8.f0.len=8
strex.utf8.f0="a\U20ACb"
strex.err=<empty>
strex.utf8.f1.measure=8
strex.utf8.f1.rv=8
strex.utf8.f1.same=1
strex.utf8.f1.len=8
strex.utf8.f1="a\U20ACb"
strex.err=<empty>
strex.utf8.f2.measure=8
strex.utf8.f2.rv=8
strex.utf8.f2.same=1
strex.utf8.f2.len=8
strex.utf8.f2="a\U20ACb"
strex.err=<empty>
strex.utf8.f3.measure=8
strex.utf8.f3.rv=8
strex.utf8.f3.same=1
strex.utf8.f3.len=8
strex.utf8.f3="a\U20ACb"
strex.err=<empty>
strex.utf8.f4.measure=8
strex.utf8.f4.rv=8
strex.utf8.f4.same=1
strex.utf8.f4.len=8
strex.utf8.f4="a\U20ACb"
strex.err=<empty>
strex.utf8.f5.measure=8
strex.utf8.f5.rv=8
strex.utf8.f5.same=1
strex.utf8.f5.len=8
strex.utf8.f5="a\U20ACb"
strex.err=<empty>
strex.utf8.f6.measure=5
strex.utf8.f6.rv=5
strex.utf8.f6.same=1
strex.utf8.f6.len=5
strex.utf8.f6="a...b"
strex.err=<empty>
strex.utf8.f7.measure=5
strex.utf8.f7.rv=5
strex.utf8.f7.same=1
strex.utf8.f7.len=5
strex.utf8.f7="a...b"
strex.err=<empty>
strex.utf8.f8.measure=19
strex.utf8.f8.rv=19
strex.utf8.f8.same=1
strex.utf8.f8.len=19
strex.utf8.f8="UTF8STRING:a\U20ACb"
strex.err=<empty>
strex.utf8.f9.measure=11
strex.utf8.f9.rv=11
strex.utf8.f9.same=1
strex.utf8.f9.len=11
strex.utf8.f9="#61E282AC62"
strex.err=<empty>
strex.utf8.f10.measure=8
strex.utf8.f10.rv=8
strex.utf8.f10.same=1
strex.utf8.f10.len=8
strex.utf8.f10="a\U20ACb"
strex.err=<empty>
strex.utf8.f11.measure=8
strex.utf8.f11.rv=8
strex.utf8.f11.same=1
strex.utf8.f11.len=8
strex.utf8.f11="a\U20ACb"
strex.err=<empty>
strex.utf8.f12.measure=15
strex.utf8.f12.rv=15
strex.utf8.f12.same=1
strex.utf8.f12.len=15
strex.utf8.f12="#0C0561E282AC62"
strex.err=<empty>
strex.utf8.f13.measure=8
strex.utf8.f13.rv=8
strex.utf8.f13.same=1
strex.utf8.f13.len=8
strex.utf8.f13="a\U20ACb"
strex.err=<empty>
strex.utf8.f14.measure=8
strex.utf8.f14.rv=8
strex.utf8.f14.same=1
strex.utf8.f14.len=8
strex.utf8.f14="a\U20ACb"
strex.err=<empty>
strex.utf8.f15.measure=8
strex.utf8.f15.rv=8
strex.utf8.f15.same=1
strex.utf8.f15.len=8
strex.utf8.f15="a\U20ACb"
strex.err=<empty>
strex.utf8.f16.measure=8
strex.utf8.f16.rv=8
strex.utf8.f16.same=1
strex.utf8.f16.len=8
strex.utf8.f16="a\U20ACb"
strex.err=<empty>
strex.utf8.f17.measure=8
strex.utf8.f17.rv=8
strex.utf8.f17.same=1
strex.utf8.f17.len=8
strex.utf8.f17="a\U20ACb"
strex.err=<empty>
strex.utf8.f18.measure=8
strex.utf8.f18.rv=8
strex.utf8.f18.same=1
strex.utf8.f18.len=8
strex.utf8.f18="a\U20ACb"
strex.err=<empty>
strex.utf8.f19.measure=8
strex.utf8.f19.rv=8
strex.utf8.f19.same=1
strex.utf8.f19.len=8
strex.utf8.f19="a\U20ACb"
strex.err=<empty>
strex.utf8.f20.measure=11
strex.utf8.f20.rv=11
strex.utf8.f20.same=1
strex.utf8.f20.len=11
strex.utf8.f20="a\E2\82\ACb"
strex.err=<empty>
strex.utf8.f21.measure=22
strex.utf8.f21.rv=22
strex.utf8.f21.same=1
strex.utf8.f21.len=22
strex.utf8.f21="UTF8STRING:a\E2\82\ACb"
strex.err=<empty>
strex.utf8.f22.measure=20
strex.utf8.f22.rv=20
strex.utf8.f22.same=1
strex.utf8.f22.len=20
strex.utf8.f22="a\C3\A2\C2\82\C2\ACb"
strex.err=<empty>
strex.utf8_four_byte.f0.measure=10
strex.utf8_four_byte.f0.rv=10
strex.utf8_four_byte.f0.same=1
strex.utf8_four_byte.f0.len=10
strex.utf8_four_byte.f0="\W0001F600"
strex.err=<empty>
strex.utf8_four_byte.f1.measure=10
strex.utf8_four_byte.f1.rv=10
strex.utf8_four_byte.f1.same=1
strex.utf8_four_byte.f1.len=10
strex.utf8_four_byte.f1="\W0001F600"
strex.err=<empty>
strex.utf8_four_byte.f2.measure=10
strex.utf8_four_byte.f2.rv=10
strex.utf8_four_byte.f2.same=1
strex.utf8_four_byte.f2.len=10
strex.utf8_four_byte.f2="\W0001F600"
strex.err=<empty>
strex.utf8_four_byte.f3.measure=10
strex.utf8_four_byte.f3.rv=10
strex.utf8_four_byte.f3.same=1
strex.utf8_four_byte.f3.len=10
strex.utf8_four_byte.f3="\W0001F600"
strex.err=<empty>
strex.utf8_four_byte.f4.measure=10
strex.utf8_four_byte.f4.rv=10
strex.utf8_four_byte.f4.same=1
strex.utf8_four_byte.f4.len=10
strex.utf8_four_byte.f4="\W0001F600"
strex.err=<empty>
strex.utf8_four_byte.f5.measure=10
strex.utf8_four_byte.f5.rv=10
strex.utf8_four_byte.f5.same=1
strex.utf8_four_byte.f5.len=10
strex.utf8_four_byte.f5="\W0001F600"
strex.err=<empty>
strex.utf8_four_byte.f6.measure=4
strex.utf8_four_byte.f6.rv=4
strex.utf8_four_byte.f6.same=1
strex.utf8_four_byte.f6.len=4
strex.utf8_four_byte.f6="...."
strex.err=<empty>
strex.utf8_four_byte.f7.measure=4
strex.utf8_four_byte.f7.rv=4
strex.utf8_four_byte.f7.same=1
strex.utf8_four_byte.f7.len=4
strex.utf8_four_byte.f7="...."
strex.err=<empty>
strex.utf8_four_byte.f8.measure=21
strex.utf8_four_byte.f8.rv=21
strex.utf8_four_byte.f8.same=1
strex.utf8_four_byte.f8.len=21
strex.utf8_four_byte.f8="UTF8STRING:\W0001F600"
strex.err=<empty>
strex.utf8_four_byte.f9.measure=9
strex.utf8_four_byte.f9.rv=9
strex.utf8_four_byte.f9.same=1
strex.utf8_four_byte.f9.len=9
strex.utf8_four_byte.f9="#F09F9880"
strex.err=<empty>
strex.utf8_four_byte.f10.measure=10
strex.utf8_four_byte.f10.rv=10
strex.utf8_four_byte.f10.same=1
strex.utf8_four_byte.f10.len=10
strex.utf8_four_byte.f10="\W0001F600"
strex.err=<empty>
strex.utf8_four_byte.f11.measure=10
strex.utf8_four_byte.f11.rv=10
strex.utf8_four_byte.f11.same=1
strex.utf8_four_byte.f11.len=10
strex.utf8_four_byte.f11="\W0001F600"
strex.err=<empty>
strex.utf8_four_byte.f12.measure=13
strex.utf8_four_byte.f12.rv=13
strex.utf8_four_byte.f12.same=1
strex.utf8_four_byte.f12.len=13
strex.utf8_four_byte.f12="#0C04F09F9880"
strex.err=<empty>
strex.utf8_four_byte.f13.measure=10
strex.utf8_four_byte.f13.rv=10
strex.utf8_four_byte.f13.same=1
strex.utf8_four_byte.f13.len=10
strex.utf8_four_byte.f13="\W0001F600"
strex.err=<empty>
strex.utf8_four_byte.f14.measure=10
strex.utf8_four_byte.f14.rv=10
strex.utf8_four_byte.f14.same=1
strex.utf8_four_byte.f14.len=10
strex.utf8_four_byte.f14="\W0001F600"
strex.err=<empty>
strex.utf8_four_byte.f15.measure=10
strex.utf8_four_byte.f15.rv=10
strex.utf8_four_byte.f15.same=1
strex.utf8_four_byte.f15.len=10
strex.utf8_four_byte.f15="\W0001F600"
strex.err=<empty>
strex.utf8_four_byte.f16.measure=10
strex.utf8_four_byte.f16.rv=10
strex.utf8_four_byte.f16.same=1
strex.utf8_four_byte.f16.len=10
strex.utf8_four_byte.f16="\W0001F600"
strex.err=<empty>
strex.utf8_four_byte.f17.measure=10
strex.utf8_four_byte.f17.rv=10
strex.utf8_four_byte.f17.same=1
strex.utf8_four_byte.f17.len=10
strex.utf8_four_byte.f17="\W0001F600"
strex.err=<empty>
strex.utf8_four_byte.f18.measure=10
strex.utf8_four_byte.f18.rv=10
strex.utf8_four_byte.f18.same=1
strex.utf8_four_byte.f18.len=10
strex.utf8_four_byte.f18="\W0001F600"
strex.err=<empty>
strex.utf8_four_byte.f19.measure=10
strex.utf8_four_byte.f19.rv=10
strex.utf8_four_byte.f19.same=1
strex.utf8_four_byte.f19.len=10
strex.utf8_four_byte.f19="\W0001F600"
strex.err=<empty>
strex.utf8_four_byte.f20.measure=12
strex.utf8_four_byte.f20.rv=12
strex.utf8_four_byte.f20.same=1
strex.utf8_four_byte.f20.len=12
strex.utf8_four_byte.f20="\F0\9F\98\80"
strex.err=<empty>
strex.utf8_four_byte.f21.measure=23
strex.utf8_four_byte.f21.rv=23
strex.utf8_four_byte.f21.same=1
strex.utf8_four_byte.f21.len=23
strex.utf8_four_byte.f21="UTF8STRING:\F0\9F\98\80"
strex.err=<empty>
strex.utf8_four_byte.f22.measure=24
strex.utf8_four_byte.f22.rv=24
strex.utf8_four_byte.f22.same=1
strex.utf8_four_byte.f22.len=24
strex.utf8_four_byte.f22="\C3\B0\C2\9F\C2\98\C2\80"
strex.err=<empty>
strex.utf8_bad.f0.measure=-1
strex.utf8_bad.f0.rv=-1
strex.utf8_bad.f0.same=1
strex.utf8_bad.f0.len=0
strex.utf8_bad.f0=""
strex.err=<empty>
strex.utf8_bad.f1.measure=-1
strex.utf8_bad.f1.rv=-1
strex.utf8_bad.f1.same=1
strex.utf8_bad.f1.len=0
strex.utf8_bad.f1=""
strex.err=<empty>
strex.utf8_bad.f2.measure=-1
strex.utf8_bad.f2.rv=-1
strex.utf8_bad.f2.same=1
strex.utf8_bad.f2.len=0
strex.utf8_bad.f2=""
strex.err=<empty>
strex.utf8_bad.f3.measure=-1
strex.utf8_bad.f3.rv=-1
strex.utf8_bad.f3.same=1
strex.utf8_bad.f3.len=0
strex.utf8_bad.f3=""
strex.err=<empty>
strex.utf8_bad.f4.measure=-1
strex.utf8_bad.f4.rv=-1
strex.utf8_bad.f4.same=1
strex.utf8_bad.f4.len=0
strex.utf8_bad.f4=""
strex.err=<empty>
strex.utf8_bad.f5.measure=-1
strex.utf8_bad.f5.rv=-1
strex.utf8_bad.f5.same=1
strex.utf8_bad.f5.len=0
strex.utf8_bad.f5=""
strex.err=<empty>
strex.utf8_bad.f6.measure=2
strex.utf8_bad.f6.rv=2
strex.utf8_bad.f6.same=1
strex.utf8_bad.f6.len=2
strex.utf8_bad.f6=".A"
strex.err=<empty>
strex.utf8_bad.f7.measure=2
strex.utf8_bad.f7.rv=2
strex.utf8_bad.f7.same=1
strex.utf8_bad.f7.len=2
strex.utf8_bad.f7=".A"
strex.err=<empty>
strex.utf8_bad.f8.measure=-1
strex.utf8_bad.f8.rv=-1
strex.utf8_bad.f8.same=1
strex.utf8_bad.f8.len=11
strex.utf8_bad.f8="UTF8STRING:"
strex.err=<empty>
strex.utf8_bad.f9.measure=5
strex.utf8_bad.f9.rv=5
strex.utf8_bad.f9.same=1
strex.utf8_bad.f9.len=5
strex.utf8_bad.f9="#FF41"
strex.err=<empty>
strex.utf8_bad.f10.measure=-1
strex.utf8_bad.f10.rv=-1
strex.utf8_bad.f10.same=1
strex.utf8_bad.f10.len=0
strex.utf8_bad.f10=""
strex.err=<empty>
strex.utf8_bad.f11.measure=-1
strex.utf8_bad.f11.rv=-1
strex.utf8_bad.f11.same=1
strex.utf8_bad.f11.len=0
strex.utf8_bad.f11=""
strex.err=<empty>
strex.utf8_bad.f12.measure=9
strex.utf8_bad.f12.rv=9
strex.utf8_bad.f12.same=1
strex.utf8_bad.f12.len=9
strex.utf8_bad.f12="#0C02FF41"
strex.err=<empty>
strex.utf8_bad.f13.measure=-1
strex.utf8_bad.f13.rv=-1
strex.utf8_bad.f13.same=1
strex.utf8_bad.f13.len=0
strex.utf8_bad.f13=""
strex.err=<empty>
strex.utf8_bad.f14.measure=-1
strex.utf8_bad.f14.rv=-1
strex.utf8_bad.f14.same=1
strex.utf8_bad.f14.len=0
strex.utf8_bad.f14=""
strex.err=<empty>
strex.utf8_bad.f15.measure=-1
strex.utf8_bad.f15.rv=-1
strex.utf8_bad.f15.same=1
strex.utf8_bad.f15.len=0
strex.utf8_bad.f15=""
strex.err=<empty>
strex.utf8_bad.f16.measure=-1
strex.utf8_bad.f16.rv=-1
strex.utf8_bad.f16.same=1
strex.utf8_bad.f16.len=0
strex.utf8_bad.f16=""
strex.err=<empty>
strex.utf8_bad.f17.measure=-1
strex.utf8_bad.f17.rv=-1
strex.utf8_bad.f17.same=1
strex.utf8_bad.f17.len=0
strex.utf8_bad.f17=""
strex.err=<empty>
strex.utf8_bad.f18.measure=-1
strex.utf8_bad.f18.rv=-1
strex.utf8_bad.f18.same=1
strex.utf8_bad.f18.len=0
strex.utf8_bad.f18=""
strex.err=<empty>
strex.utf8_bad.f19.measure=-1
strex.utf8_bad.f19.rv=-1
strex.utf8_bad.f19.same=1
strex.utf8_bad.f19.len=0
strex.utf8_bad.f19=""
strex.err=<empty>
strex.utf8_bad.f20.measure=4
strex.utf8_bad.f20.rv=4
strex.utf8_bad.f20.same=1
strex.utf8_bad.f20.len=4
strex.utf8_bad.f20="\FFA"
strex.err=<empty>
strex.utf8_bad.f21.measure=15
strex.utf8_bad.f21.rv=15
strex.utf8_bad.f21.same=1
strex.utf8_bad.f21.len=15
strex.utf8_bad.f21="UTF8STRING:\FFA"
strex.err=<empty>
strex.utf8_bad.f22.measure=7
strex.utf8_bad.f22.rv=7
strex.utf8_bad.f22.same=1
strex.utf8_bad.f22.len=7
strex.utf8_bad.f22="\C3\BFA"
strex.err=<empty>
strex.utf8_empty.f0.measure=0
strex.utf8_empty.f0.rv=0
strex.utf8_empty.f0.same=1
strex.utf8_empty.f0.len=0
strex.utf8_empty.f0=""
strex.err=<empty>
strex.utf8_empty.f1.measure=0
strex.utf8_empty.f1.rv=0
strex.utf8_empty.f1.same=1
strex.utf8_empty.f1.len=0
strex.utf8_empty.f1=""
strex.err=<empty>
strex.utf8_empty.f2.measure=0
strex.utf8_empty.f2.rv=0
strex.utf8_empty.f2.same=1
strex.utf8_empty.f2.len=0
strex.utf8_empty.f2=""
strex.err=<empty>
strex.utf8_empty.f3.measure=0
strex.utf8_empty.f3.rv=0
strex.utf8_empty.f3.same=1
strex.utf8_empty.f3.len=0
strex.utf8_empty.f3=""
strex.err=<empty>
strex.utf8_empty.f4.measure=0
strex.utf8_empty.f4.rv=0
strex.utf8_empty.f4.same=1
strex.utf8_empty.f4.len=0
strex.utf8_empty.f4=""
strex.err=<empty>
strex.utf8_empty.f5.measure=0
strex.utf8_empty.f5.rv=0
strex.utf8_empty.f5.same=1
strex.utf8_empty.f5.len=0
strex.utf8_empty.f5=""
strex.err=<empty>
strex.utf8_empty.f6.measure=0
strex.utf8_empty.f6.rv=0
strex.utf8_empty.f6.same=1
strex.utf8_empty.f6.len=0
strex.utf8_empty.f6=""
strex.err=<empty>
strex.utf8_empty.f7.measure=0
strex.utf8_empty.f7.rv=0
strex.utf8_empty.f7.same=1
strex.utf8_empty.f7.len=0
strex.utf8_empty.f7=""
strex.err=<empty>
strex.utf8_empty.f8.measure=11
strex.utf8_empty.f8.rv=11
strex.utf8_empty.f8.same=1
strex.utf8_empty.f8.len=11
strex.utf8_empty.f8="UTF8STRING:"
strex.err=<empty>
strex.utf8_empty.f9.measure=1
strex.utf8_empty.f9.rv=1
strex.utf8_empty.f9.same=1
strex.utf8_empty.f9.len=1
strex.utf8_empty.f9="#"
strex.err=<empty>
strex.utf8_empty.f10.measure=0
strex.utf8_empty.f10.rv=0
strex.utf8_empty.f10.same=1
strex.utf8_empty.f10.len=0
strex.utf8_empty.f10=""
strex.err=<empty>
strex.utf8_empty.f11.measure=0
strex.utf8_empty.f11.rv=0
strex.utf8_empty.f11.same=1
strex.utf8_empty.f11.len=0
strex.utf8_empty.f11=""
strex.err=<empty>
strex.utf8_empty.f12.measure=5
strex.utf8_empty.f12.rv=5
strex.utf8_empty.f12.same=1
strex.utf8_empty.f12.len=5
strex.utf8_empty.f12="#0C00"
strex.err=<empty>
strex.utf8_empty.f13.measure=0
strex.utf8_empty.f13.rv=0
strex.utf8_empty.f13.same=1
strex.utf8_empty.f13.len=0
strex.utf8_empty.f13=""
strex.err=<empty>
strex.utf8_empty.f14.measure=0
strex.utf8_empty.f14.rv=0
strex.utf8_empty.f14.same=1
strex.utf8_empty.f14.len=0
strex.utf8_empty.f14=""
strex.err=<empty>
strex.utf8_empty.f15.measure=0
strex.utf8_empty.f15.rv=0
strex.utf8_empty.f15.same=1
strex.utf8_empty.f15.len=0
strex.utf8_empty.f15=""
strex.err=<empty>
strex.utf8_empty.f16.measure=0
strex.utf8_empty.f16.rv=0
strex.utf8_empty.f16.same=1
strex.utf8_empty.f16.len=0
strex.utf8_empty.f16=""
strex.err=<empty>
strex.utf8_empty.f17.measure=0
strex.utf8_empty.f17.rv=0
strex.utf8_empty.f17.same=1
strex.utf8_empty.f17.len=0
strex.utf8_empty.f17=""
strex.err=<empty>
strex.utf8_empty.f18.measure=0
strex.utf8_empty.f18.rv=0
strex.utf8_empty.f18.same=1
strex.utf8_empty.f18.len=0
strex.utf8_empty.f18=""
strex.err=<empty>
strex.utf8_empty.f19.measure=0
strex.utf8_empty.f19.rv=0
strex.utf8_empty.f19.same=1
strex.utf8_empty.f19.len=0
strex.utf8_empty.f19=""
strex.err=<empty>
strex.utf8_empty.f20.measure=0
strex.utf8_empty.f20.rv=0
strex.utf8_empty.f20.same=1
strex.utf8_empty.f20.len=0
strex.utf8_empty.f20=""
strex.err=<empty>
strex.utf8_empty.f21.measure=11
strex.utf8_empty.f21.rv=11
strex.utf8_empty.f21.same=1
strex.utf8_empty.f21.len=11
strex.utf8_empty.f21="UTF8STRING:"
strex.err=<empty>
strex.utf8_empty.f22.measure=0
strex.utf8_empty.f22.rv=0
strex.utf8_empty.f22.same=1
strex.utf8_empty.f22.len=0
strex.utf8_empty.f22=""
strex.err=<empty>
strex.bmp.f0.measure=7
strex.bmp.f0.rv=7
strex.bmp.f0.same=1
strex.bmp.f0.len=7
strex.bmp.f0="A\U20AC"
strex.err=<empty>
strex.bmp.f1.measure=7
strex.bmp.f1.rv=7
strex.bmp.f1.same=1
strex.bmp.f1.len=7
strex.bmp.f1="A\U20AC"
strex.err=<empty>
strex.bmp.f2.measure=7
strex.bmp.f2.rv=7
strex.bmp.f2.same=1
strex.bmp.f2.len=7
strex.bmp.f2="A\U20AC"
strex.err=<empty>
strex.bmp.f3.measure=7
strex.bmp.f3.rv=7
strex.bmp.f3.same=1
strex.bmp.f3.len=7
strex.bmp.f3="A\U20AC"
strex.err=<empty>
strex.bmp.f4.measure=7
strex.bmp.f4.rv=7
strex.bmp.f4.same=1
strex.bmp.f4.len=7
strex.bmp.f4="A\U20AC"
strex.err=<empty>
strex.bmp.f5.measure=7
strex.bmp.f5.rv=7
strex.bmp.f5.same=1
strex.bmp.f5.len=7
strex.bmp.f5="A\U20AC"
strex.err=<empty>
strex.bmp.f6.measure=4
strex.bmp.f6.rv=4
strex.bmp.f6.same=1
strex.bmp.f6.len=4
strex.bmp.f6="A..."
strex.err=<empty>
strex.bmp.f7.measure=4
strex.bmp.f7.rv=4
strex.bmp.f7.same=1
strex.bmp.f7.len=4
strex.bmp.f7=".A ."
strex.err=<empty>
strex.bmp.f8.measure=17
strex.bmp.f8.rv=17
strex.bmp.f8.same=1
strex.bmp.f8.len=17
strex.bmp.f8="BMPSTRING:A\U20AC"
strex.err=<empty>
strex.bmp.f9.measure=9
strex.bmp.f9.rv=9
strex.bmp.f9.same=1
strex.bmp.f9.len=9
strex.bmp.f9="#004120AC"
strex.err=<empty>
strex.bmp.f10.measure=7
strex.bmp.f10.rv=7
strex.bmp.f10.same=1
strex.bmp.f10.len=7
strex.bmp.f10="A\U20AC"
strex.err=<empty>
strex.bmp.f11.measure=7
strex.bmp.f11.rv=7
strex.bmp.f11.same=1
strex.bmp.f11.len=7
strex.bmp.f11="A\U20AC"
strex.err=<empty>
strex.bmp.f12.measure=13
strex.bmp.f12.rv=13
strex.bmp.f12.same=1
strex.bmp.f12.len=13
strex.bmp.f12="#1E04004120AC"
strex.err=<empty>
strex.bmp.f13.measure=7
strex.bmp.f13.rv=7
strex.bmp.f13.same=1
strex.bmp.f13.len=7
strex.bmp.f13="A\U20AC"
strex.err=<empty>
strex.bmp.f14.measure=7
strex.bmp.f14.rv=7
strex.bmp.f14.same=1
strex.bmp.f14.len=7
strex.bmp.f14="A\U20AC"
strex.err=<empty>
strex.bmp.f15.measure=7
strex.bmp.f15.rv=7
strex.bmp.f15.same=1
strex.bmp.f15.len=7
strex.bmp.f15="A\U20AC"
strex.err=<empty>
strex.bmp.f16.measure=7
strex.bmp.f16.rv=7
strex.bmp.f16.same=1
strex.bmp.f16.len=7
strex.bmp.f16="A\U20AC"
strex.err=<empty>
strex.bmp.f17.measure=7
strex.bmp.f17.rv=7
strex.bmp.f17.same=1
strex.bmp.f17.len=7
strex.bmp.f17="A\U20AC"
strex.err=<empty>
strex.bmp.f18.measure=7
strex.bmp.f18.rv=7
strex.bmp.f18.same=1
strex.bmp.f18.len=7
strex.bmp.f18="A\U20AC"
strex.err=<empty>
strex.bmp.f19.measure=7
strex.bmp.f19.rv=7
strex.bmp.f19.same=1
strex.bmp.f19.len=7
strex.bmp.f19="A\U20AC"
strex.err=<empty>
strex.bmp.f20.measure=10
strex.bmp.f20.rv=10
strex.bmp.f20.same=1
strex.bmp.f20.len=10
strex.bmp.f20="A\E2\82\AC"
strex.err=<empty>
strex.bmp.f21.measure=20
strex.bmp.f21.rv=20
strex.bmp.f21.same=1
strex.bmp.f21.len=20
strex.bmp.f21="BMPSTRING:A\E2\82\AC"
strex.err=<empty>
strex.bmp.f22.measure=11
strex.bmp.f22.rv=11
strex.bmp.f22.same=1
strex.bmp.f22.len=11
strex.bmp.f22="\00A \C2\AC"
strex.err=<empty>
strex.bmp_odd.f0.measure=-1
strex.bmp_odd.f0.rv=-1
strex.bmp_odd.f0.same=1
strex.bmp_odd.f0.len=0
strex.bmp_odd.f0=""
strex.err=invalid bmpstring length[],invalid bmpstring length[]
strex.bmp_odd.f1.measure=-1
strex.bmp_odd.f1.rv=-1
strex.bmp_odd.f1.same=1
strex.bmp_odd.f1.len=0
strex.bmp_odd.f1=""
strex.err=invalid bmpstring length[],invalid bmpstring length[]
strex.bmp_odd.f2.measure=-1
strex.bmp_odd.f2.rv=-1
strex.bmp_odd.f2.same=1
strex.bmp_odd.f2.len=0
strex.bmp_odd.f2=""
strex.err=invalid bmpstring length[],invalid bmpstring length[]
strex.bmp_odd.f3.measure=-1
strex.bmp_odd.f3.rv=-1
strex.bmp_odd.f3.same=1
strex.bmp_odd.f3.len=0
strex.bmp_odd.f3=""
strex.err=invalid bmpstring length[],invalid bmpstring length[]
strex.bmp_odd.f4.measure=-1
strex.bmp_odd.f4.rv=-1
strex.bmp_odd.f4.same=1
strex.bmp_odd.f4.len=0
strex.bmp_odd.f4=""
strex.err=invalid bmpstring length[],invalid bmpstring length[]
strex.bmp_odd.f5.measure=-1
strex.bmp_odd.f5.rv=-1
strex.bmp_odd.f5.same=1
strex.bmp_odd.f5.len=0
strex.bmp_odd.f5=""
strex.err=invalid bmpstring length[],invalid bmpstring length[]
strex.bmp_odd.f6.measure=-1
strex.bmp_odd.f6.rv=-1
strex.bmp_odd.f6.same=1
strex.bmp_odd.f6.len=0
strex.bmp_odd.f6=""
strex.err=invalid bmpstring length[],invalid bmpstring length[]
strex.bmp_odd.f7.measure=1
strex.bmp_odd.f7.rv=1
strex.bmp_odd.f7.same=1
strex.bmp_odd.f7.len=1
strex.bmp_odd.f7="."
strex.err=<empty>
strex.bmp_odd.f8.measure=-1
strex.bmp_odd.f8.rv=-1
strex.bmp_odd.f8.same=1
strex.bmp_odd.f8.len=10
strex.bmp_odd.f8="BMPSTRING:"
strex.err=invalid bmpstring length[],invalid bmpstring length[]
strex.bmp_odd.f9.measure=3
strex.bmp_odd.f9.rv=3
strex.bmp_odd.f9.same=1
strex.bmp_odd.f9.len=3
strex.bmp_odd.f9="#00"
strex.err=<empty>
strex.bmp_odd.f10.measure=-1
strex.bmp_odd.f10.rv=-1
strex.bmp_odd.f10.same=1
strex.bmp_odd.f10.len=0
strex.bmp_odd.f10=""
strex.err=invalid bmpstring length[],invalid bmpstring length[]
strex.bmp_odd.f11.measure=-1
strex.bmp_odd.f11.rv=-1
strex.bmp_odd.f11.same=1
strex.bmp_odd.f11.len=0
strex.bmp_odd.f11=""
strex.err=invalid bmpstring length[],invalid bmpstring length[]
strex.bmp_odd.f12.measure=7
strex.bmp_odd.f12.rv=7
strex.bmp_odd.f12.same=1
strex.bmp_odd.f12.len=7
strex.bmp_odd.f12="#1E0100"
strex.err=<empty>
strex.bmp_odd.f13.measure=-1
strex.bmp_odd.f13.rv=-1
strex.bmp_odd.f13.same=1
strex.bmp_odd.f13.len=0
strex.bmp_odd.f13=""
strex.err=invalid bmpstring length[],invalid bmpstring length[]
strex.bmp_odd.f14.measure=-1
strex.bmp_odd.f14.rv=-1
strex.bmp_odd.f14.same=1
strex.bmp_odd.f14.len=0
strex.bmp_odd.f14=""
strex.err=invalid bmpstring length[],invalid bmpstring length[]
strex.bmp_odd.f15.measure=-1
strex.bmp_odd.f15.rv=-1
strex.bmp_odd.f15.same=1
strex.bmp_odd.f15.len=0
strex.bmp_odd.f15=""
strex.err=invalid bmpstring length[],invalid bmpstring length[]
strex.bmp_odd.f16.measure=-1
strex.bmp_odd.f16.rv=-1
strex.bmp_odd.f16.same=1
strex.bmp_odd.f16.len=0
strex.bmp_odd.f16=""
strex.err=invalid bmpstring length[],invalid bmpstring length[]
strex.bmp_odd.f17.measure=-1
strex.bmp_odd.f17.rv=-1
strex.bmp_odd.f17.same=1
strex.bmp_odd.f17.len=0
strex.bmp_odd.f17=""
strex.err=invalid bmpstring length[],invalid bmpstring length[]
strex.bmp_odd.f18.measure=-1
strex.bmp_odd.f18.rv=-1
strex.bmp_odd.f18.same=1
strex.bmp_odd.f18.len=0
strex.bmp_odd.f18=""
strex.err=invalid bmpstring length[],invalid bmpstring length[]
strex.bmp_odd.f19.measure=-1
strex.bmp_odd.f19.rv=-1
strex.bmp_odd.f19.same=1
strex.bmp_odd.f19.len=0
strex.bmp_odd.f19=""
strex.err=invalid bmpstring length[],invalid bmpstring length[]
strex.bmp_odd.f20.measure=-1
strex.bmp_odd.f20.rv=-1
strex.bmp_odd.f20.same=1
strex.bmp_odd.f20.len=0
strex.bmp_odd.f20=""
strex.err=invalid bmpstring length[],invalid bmpstring length[]
strex.bmp_odd.f21.measure=-1
strex.bmp_odd.f21.rv=-1
strex.bmp_odd.f21.same=1
strex.bmp_odd.f21.len=10
strex.bmp_odd.f21="BMPSTRING:"
strex.err=invalid bmpstring length[],invalid bmpstring length[]
strex.bmp_odd.f22.measure=3
strex.bmp_odd.f22.rv=3
strex.bmp_odd.f22.same=1
strex.bmp_odd.f22.len=3
strex.bmp_odd.f22="\00"
strex.err=<empty>
strex.univ.f0.measure=7
strex.univ.f0.rv=7
strex.univ.f0.same=1
strex.univ.f0.len=7
strex.univ.f0="A\U20AC"
strex.err=<empty>
strex.univ.f1.measure=7
strex.univ.f1.rv=7
strex.univ.f1.same=1
strex.univ.f1.len=7
strex.univ.f1="A\U20AC"
strex.err=<empty>
strex.univ.f2.measure=7
strex.univ.f2.rv=7
strex.univ.f2.same=1
strex.univ.f2.len=7
strex.univ.f2="A\U20AC"
strex.err=<empty>
strex.univ.f3.measure=7
strex.univ.f3.rv=7
strex.univ.f3.same=1
strex.univ.f3.len=7
strex.univ.f3="A\U20AC"
strex.err=<empty>
strex.univ.f4.measure=7
strex.univ.f4.rv=7
strex.univ.f4.same=1
strex.univ.f4.len=7
strex.univ.f4="A\U20AC"
strex.err=<empty>
strex.univ.f5.measure=7
strex.univ.f5.rv=7
strex.univ.f5.same=1
strex.univ.f5.len=7
strex.univ.f5="A\U20AC"
strex.err=<empty>
strex.univ.f6.measure=4
strex.univ.f6.rv=4
strex.univ.f6.same=1
strex.univ.f6.len=4
strex.univ.f6="A..."
strex.err=<empty>
strex.univ.f7.measure=8
strex.univ.f7.rv=8
strex.univ.f7.same=1
strex.univ.f7.len=8
strex.univ.f7="...A.. ."
strex.err=<empty>
strex.univ.f8.measure=23
strex.univ.f8.rv=23
strex.univ.f8.same=1
strex.univ.f8.len=23
strex.univ.f8="UNIVERSALSTRING:A\U20AC"
strex.err=<empty>
strex.univ.f9.measure=17
strex.univ.f9.rv=17
strex.univ.f9.same=1
strex.univ.f9.len=17
strex.univ.f9="#00000041000020AC"
strex.err=<empty>
strex.univ.f10.measure=7
strex.univ.f10.rv=7
strex.univ.f10.same=1
strex.univ.f10.len=7
strex.univ.f10="A\U20AC"
strex.err=<empty>
strex.univ.f11.measure=7
strex.univ.f11.rv=7
strex.univ.f11.same=1
strex.univ.f11.len=7
strex.univ.f11="A\U20AC"
strex.err=<empty>
strex.univ.f12.measure=21
strex.univ.f12.rv=21
strex.univ.f12.same=1
strex.univ.f12.len=21
strex.univ.f12="#1C0800000041000020AC"
strex.err=<empty>
strex.univ.f13.measure=7
strex.univ.f13.rv=7
strex.univ.f13.same=1
strex.univ.f13.len=7
strex.univ.f13="A\U20AC"
strex.err=<empty>
strex.univ.f14.measure=7
strex.univ.f14.rv=7
strex.univ.f14.same=1
strex.univ.f14.len=7
strex.univ.f14="A\U20AC"
strex.err=<empty>
strex.univ.f15.measure=7
strex.univ.f15.rv=7
strex.univ.f15.same=1
strex.univ.f15.len=7
strex.univ.f15="A\U20AC"
strex.err=<empty>
strex.univ.f16.measure=7
strex.univ.f16.rv=7
strex.univ.f16.same=1
strex.univ.f16.len=7
strex.univ.f16="A\U20AC"
strex.err=<empty>
strex.univ.f17.measure=7
strex.univ.f17.rv=7
strex.univ.f17.same=1
strex.univ.f17.len=7
strex.univ.f17="A\U20AC"
strex.err=<empty>
strex.univ.f18.measure=7
strex.univ.f18.rv=7
strex.univ.f18.same=1
strex.univ.f18.len=7
strex.univ.f18="A\U20AC"
strex.err=<empty>
strex.univ.f19.measure=7
strex.univ.f19.rv=7
strex.univ.f19.same=1
strex.univ.f19.len=7
strex.univ.f19="A\U20AC"
strex.err=<empty>
strex.univ.f20.measure=10
strex.univ.f20.rv=10
strex.univ.f20.same=1
strex.univ.f20.len=10
strex.univ.f20="A\E2\82\AC"
strex.err=<empty>
strex.univ.f21.measure=26
strex.univ.f21.rv=26
strex.univ.f21.same=1
strex.univ.f21.len=26
strex.univ.f21="UNIVERSALSTRING:A\E2\82\AC"
strex.err=<empty>
strex.univ.f22.measure=23
strex.univ.f22.rv=23
strex.univ.f22.same=1
strex.univ.f22.len=23
strex.univ.f22="\00\00\00A\00\00 \C2\AC"
strex.err=<empty>
strex.univ_bad_len.f0.measure=-1
strex.univ_bad_len.f0.rv=-1
strex.univ_bad_len.f0.same=1
strex.univ_bad_len.f0.len=0
strex.univ_bad_len.f0=""
strex.err=invalid universalstring length[],invalid universalstring length[]
strex.univ_bad_len.f1.measure=-1
strex.univ_bad_len.f1.rv=-1
strex.univ_bad_len.f1.same=1
strex.univ_bad_len.f1.len=0
strex.univ_bad_len.f1=""
strex.err=invalid universalstring length[],invalid universalstring length[]
strex.univ_bad_len.f2.measure=-1
strex.univ_bad_len.f2.rv=-1
strex.univ_bad_len.f2.same=1
strex.univ_bad_len.f2.len=0
strex.univ_bad_len.f2=""
strex.err=invalid universalstring length[],invalid universalstring length[]
strex.univ_bad_len.f3.measure=-1
strex.univ_bad_len.f3.rv=-1
strex.univ_bad_len.f3.same=1
strex.univ_bad_len.f3.len=0
strex.univ_bad_len.f3=""
strex.err=invalid universalstring length[],invalid universalstring length[]
strex.univ_bad_len.f4.measure=-1
strex.univ_bad_len.f4.rv=-1
strex.univ_bad_len.f4.same=1
strex.univ_bad_len.f4.len=0
strex.univ_bad_len.f4=""
strex.err=invalid universalstring length[],invalid universalstring length[]
strex.univ_bad_len.f5.measure=-1
strex.univ_bad_len.f5.rv=-1
strex.univ_bad_len.f5.same=1
strex.univ_bad_len.f5.len=0
strex.univ_bad_len.f5=""
strex.err=invalid universalstring length[],invalid universalstring length[]
strex.univ_bad_len.f6.measure=-1
strex.univ_bad_len.f6.rv=-1
strex.univ_bad_len.f6.same=1
strex.univ_bad_len.f6.len=0
strex.univ_bad_len.f6=""
strex.err=invalid universalstring length[],invalid universalstring length[]
strex.univ_bad_len.f7.measure=3
strex.univ_bad_len.f7.rv=3
strex.univ_bad_len.f7.same=1
strex.univ_bad_len.f7.len=3
strex.univ_bad_len.f7="..."
strex.err=<empty>
strex.univ_bad_len.f8.measure=-1
strex.univ_bad_len.f8.rv=-1
strex.univ_bad_len.f8.same=1
strex.univ_bad_len.f8.len=16
strex.univ_bad_len.f8="UNIVERSALSTRING:"
strex.err=invalid universalstring length[],invalid universalstring length[]
strex.univ_bad_len.f9.measure=7
strex.univ_bad_len.f9.rv=7
strex.univ_bad_len.f9.same=1
strex.univ_bad_len.f9.len=7
strex.univ_bad_len.f9="#000000"
strex.err=<empty>
strex.univ_bad_len.f10.measure=-1
strex.univ_bad_len.f10.rv=-1
strex.univ_bad_len.f10.same=1
strex.univ_bad_len.f10.len=0
strex.univ_bad_len.f10=""
strex.err=invalid universalstring length[],invalid universalstring length[]
strex.univ_bad_len.f11.measure=-1
strex.univ_bad_len.f11.rv=-1
strex.univ_bad_len.f11.same=1
strex.univ_bad_len.f11.len=0
strex.univ_bad_len.f11=""
strex.err=invalid universalstring length[],invalid universalstring length[]
strex.univ_bad_len.f12.measure=11
strex.univ_bad_len.f12.rv=11
strex.univ_bad_len.f12.same=1
strex.univ_bad_len.f12.len=11
strex.univ_bad_len.f12="#1C03000000"
strex.err=<empty>
strex.univ_bad_len.f13.measure=-1
strex.univ_bad_len.f13.rv=-1
strex.univ_bad_len.f13.same=1
strex.univ_bad_len.f13.len=0
strex.univ_bad_len.f13=""
strex.err=invalid universalstring length[],invalid universalstring length[]
strex.univ_bad_len.f14.measure=-1
strex.univ_bad_len.f14.rv=-1
strex.univ_bad_len.f14.same=1
strex.univ_bad_len.f14.len=0
strex.univ_bad_len.f14=""
strex.err=invalid universalstring length[],invalid universalstring length[]
strex.univ_bad_len.f15.measure=-1
strex.univ_bad_len.f15.rv=-1
strex.univ_bad_len.f15.same=1
strex.univ_bad_len.f15.len=0
strex.univ_bad_len.f15=""
strex.err=invalid universalstring length[],invalid universalstring length[]
strex.univ_bad_len.f16.measure=-1
strex.univ_bad_len.f16.rv=-1
strex.univ_bad_len.f16.same=1
strex.univ_bad_len.f16.len=0
strex.univ_bad_len.f16=""
strex.err=invalid universalstring length[],invalid universalstring length[]
strex.univ_bad_len.f17.measure=-1
strex.univ_bad_len.f17.rv=-1
strex.univ_bad_len.f17.same=1
strex.univ_bad_len.f17.len=0
strex.univ_bad_len.f17=""
strex.err=invalid universalstring length[],invalid universalstring length[]
strex.univ_bad_len.f18.measure=-1
strex.univ_bad_len.f18.rv=-1
strex.univ_bad_len.f18.same=1
strex.univ_bad_len.f18.len=0
strex.univ_bad_len.f18=""
strex.err=invalid universalstring length[],invalid universalstring length[]
strex.univ_bad_len.f19.measure=-1
strex.univ_bad_len.f19.rv=-1
strex.univ_bad_len.f19.same=1
strex.univ_bad_len.f19.len=0
strex.univ_bad_len.f19=""
strex.err=invalid universalstring length[],invalid universalstring length[]
strex.univ_bad_len.f20.measure=-1
strex.univ_bad_len.f20.rv=-1
strex.univ_bad_len.f20.same=1
strex.univ_bad_len.f20.len=0
strex.univ_bad_len.f20=""
strex.err=invalid universalstring length[],invalid universalstring length[]
strex.univ_bad_len.f21.measure=-1
strex.univ_bad_len.f21.rv=-1
strex.univ_bad_len.f21.same=1
strex.univ_bad_len.f21.len=16
strex.univ_bad_len.f21="UNIVERSALSTRING:"
strex.err=invalid universalstring length[],invalid universalstring length[]
strex.univ_bad_len.f22.measure=9
strex.univ_bad_len.f22.rv=9
strex.univ_bad_len.f22.same=1
strex.univ_bad_len.f22.len=9
strex.univ_bad_len.f22="\00\00\00"
strex.err=<empty>
strex.octet.f0.measure=3
strex.octet.f0.rv=3
strex.octet.f0.same=1
strex.octet.f0.len=3
strex.octet.f0="..."
strex.err=<empty>
strex.octet.f1.measure=3
strex.octet.f1.rv=3
strex.octet.f1.same=1
strex.octet.f1.len=3
strex.octet.f1="..."
strex.err=<empty>
strex.octet.f2.measure=9
strex.octet.f2.rv=9
strex.octet.f2.same=1
strex.octet.f2.len=9
strex.octet.f2="\01\02\03"
strex.err=<empty>
strex.octet.f3.measure=3
strex.octet.f3.rv=3
strex.octet.f3.same=1
strex.octet.f3.len=3
strex.octet.f3="..."
strex.err=<empty>
strex.octet.f4.measure=3
strex.octet.f4.rv=3
strex.octet.f4.same=1
strex.octet.f4.len=3
strex.octet.f4="..."
strex.err=<empty>
strex.octet.f5.measure=3
strex.octet.f5.rv=3
strex.octet.f5.same=1
strex.octet.f5.len=3
strex.octet.f5="..."
strex.err=<empty>
strex.octet.f6.measure=3
strex.octet.f6.rv=3
strex.octet.f6.same=1
strex.octet.f6.len=3
strex.octet.f6="..."
strex.err=<empty>
strex.octet.f7.measure=3
strex.octet.f7.rv=3
strex.octet.f7.same=1
strex.octet.f7.len=3
strex.octet.f7="..."
strex.err=<empty>
strex.octet.f8.measure=16
strex.octet.f8.rv=16
strex.octet.f8.same=1
strex.octet.f8.len=16
strex.octet.f8="OCTET STRING:..."
strex.err=<empty>
strex.octet.f9.measure=7
strex.octet.f9.rv=7
strex.octet.f9.same=1
strex.octet.f9.len=7
strex.octet.f9="#010203"
strex.err=<empty>
strex.octet.f10.measure=7
strex.octet.f10.rv=7
strex.octet.f10.same=1
strex.octet.f10.len=7
strex.octet.f10="#010203"
strex.err=<empty>
strex.octet.f11.measure=3
strex.octet.f11.rv=3
strex.octet.f11.same=1
strex.octet.f11.len=3
strex.octet.f11="..."
strex.err=<empty>
strex.octet.f12.measure=11
strex.octet.f12.rv=11
strex.octet.f12.same=1
strex.octet.f12.len=11
strex.octet.f12="#0403010203"
strex.err=<empty>
strex.octet.f13.measure=11
strex.octet.f13.rv=11
strex.octet.f13.same=1
strex.octet.f13.len=11
strex.octet.f13="#0403010203"
strex.err=<empty>
strex.octet.f14.measure=9
strex.octet.f14.rv=9
strex.octet.f14.same=1
strex.octet.f14.len=9
strex.octet.f14="\01\02\03"
strex.err=<empty>
strex.octet.f15.measure=3
strex.octet.f15.rv=3
strex.octet.f15.same=1
strex.octet.f15.len=3
strex.octet.f15="..."
strex.err=<empty>
strex.octet.f16.measure=9
strex.octet.f16.rv=9
strex.octet.f16.same=1
strex.octet.f16.len=9
strex.octet.f16="\01\02\03"
strex.err=<empty>
strex.octet.f17.measure=9
strex.octet.f17.rv=9
strex.octet.f17.same=1
strex.octet.f17.len=9
strex.octet.f17="\01\02\03"
strex.err=<empty>
strex.octet.f18.measure=3
strex.octet.f18.rv=3
strex.octet.f18.same=1
strex.octet.f18.len=3
strex.octet.f18="..."
strex.err=<empty>
strex.octet.f19.measure=9
strex.octet.f19.rv=9
strex.octet.f19.same=1
strex.octet.f19.len=9
strex.octet.f19="\01\02\03"
strex.err=<empty>
strex.octet.f20.measure=11
strex.octet.f20.rv=11
strex.octet.f20.same=1
strex.octet.f20.len=11
strex.octet.f20="#0403010203"
strex.err=<empty>
strex.octet.f21.measure=24
strex.octet.f21.rv=24
strex.octet.f21.same=1
strex.octet.f21.len=24
strex.octet.f21="OCTET STRING:#0403010203"
strex.err=<empty>
strex.octet.f22.measure=9
strex.octet.f22.rv=9
strex.octet.f22.same=1
strex.octet.f22.len=9
strex.octet.f22="\01\02\03"
strex.err=<empty>
strex.boolean.f0.measure=1
strex.boolean.f0.rv=1
strex.boolean.f0.same=1
strex.boolean.f0.len=1
strex.boolean.f0="."
strex.err=<empty>
strex.boolean.f1.measure=1
strex.boolean.f1.rv=1
strex.boolean.f1.same=1
strex.boolean.f1.len=1
strex.boolean.f1="."
strex.err=<empty>
strex.boolean.f2.measure=3
strex.boolean.f2.rv=3
strex.boolean.f2.same=1
strex.boolean.f2.len=3
strex.boolean.f2="\01"
strex.err=<empty>
strex.boolean.f3.measure=1
strex.boolean.f3.rv=1
strex.boolean.f3.same=1
strex.boolean.f3.len=1
strex.boolean.f3="."
strex.err=<empty>
strex.boolean.f4.measure=1
strex.boolean.f4.rv=1
strex.boolean.f4.same=1
strex.boolean.f4.len=1
strex.boolean.f4="."
strex.err=<empty>
strex.boolean.f5.measure=1
strex.boolean.f5.rv=1
strex.boolean.f5.same=1
strex.boolean.f5.len=1
strex.boolean.f5="."
strex.err=<empty>
strex.boolean.f6.measure=1
strex.boolean.f6.rv=1
strex.boolean.f6.same=1
strex.boolean.f6.len=1
strex.boolean.f6="."
strex.err=<empty>
strex.boolean.f7.measure=1
strex.boolean.f7.rv=1
strex.boolean.f7.same=1
strex.boolean.f7.len=1
strex.boolean.f7="."
strex.err=<empty>
strex.boolean.f8.measure=9
strex.boolean.f8.rv=9
strex.boolean.f8.same=1
strex.boolean.f8.len=9
strex.boolean.f8="BOOLEAN:."
strex.err=<empty>
strex.boolean.f9.measure=3
strex.boolean.f9.rv=3
strex.boolean.f9.same=1
strex.boolean.f9.len=3
strex.boolean.f9="#01"
strex.err=<empty>
strex.boolean.f10.measure=3
strex.boolean.f10.rv=3
strex.boolean.f10.same=1
strex.boolean.f10.len=3
strex.boolean.f10="#01"
strex.err=<empty>
strex.boolean.f14.measure=3
strex.boolean.f14.rv=3
strex.boolean.f14.same=1
strex.boolean.f14.len=3
strex.boolean.f14="\01"
strex.err=<empty>
strex.boolean.f15.measure=1
strex.boolean.f15.rv=1
strex.boolean.f15.same=1
strex.boolean.f15.len=1
strex.boolean.f15="."
strex.err=<empty>
strex.boolean.f16.measure=3
strex.boolean.f16.rv=3
strex.boolean.f16.same=1
strex.boolean.f16.len=3
strex.boolean.f16="\01"
strex.err=<empty>
strex.boolean.f17.measure=3
strex.boolean.f17.rv=3
strex.boolean.f17.same=1
strex.boolean.f17.len=3
strex.boolean.f17="\01"
strex.err=<empty>
strex.boolean.f18.measure=1
strex.boolean.f18.rv=1
strex.boolean.f18.same=1
strex.boolean.f18.len=1
strex.boolean.f18="."
strex.err=<empty>
strex.boolean.f19.measure=3
strex.boolean.f19.rv=3
strex.boolean.f19.same=1
strex.boolean.f19.len=3
strex.boolean.f19="\01"
strex.err=<empty>
strex.type_minus_one.f0.measure=2
strex.type_minus_one.f0.rv=2
strex.type_minus_one.f0.same=1
strex.type_minus_one.f0.len=2
strex.type_minus_one.f0="ab"
strex.err=<empty>
strex.type_minus_one.f1.measure=2
strex.type_minus_one.f1.rv=2
strex.type_minus_one.f1.same=1
strex.type_minus_one.f1.len=2
strex.type_minus_one.f1="ab"
strex.err=<empty>
strex.type_minus_one.f2.measure=2
strex.type_minus_one.f2.rv=2
strex.type_minus_one.f2.same=1
strex.type_minus_one.f2.len=2
strex.type_minus_one.f2="ab"
strex.err=<empty>
strex.type_minus_one.f3.measure=2
strex.type_minus_one.f3.rv=2
strex.type_minus_one.f3.same=1
strex.type_minus_one.f3.len=2
strex.type_minus_one.f3="ab"
strex.err=<empty>
strex.type_minus_one.f4.measure=2
strex.type_minus_one.f4.rv=2
strex.type_minus_one.f4.same=1
strex.type_minus_one.f4.len=2
strex.type_minus_one.f4="ab"
strex.err=<empty>
strex.type_minus_one.f5.measure=2
strex.type_minus_one.f5.rv=2
strex.type_minus_one.f5.same=1
strex.type_minus_one.f5.len=2
strex.type_minus_one.f5="ab"
strex.err=<empty>
strex.type_minus_one.f6.measure=2
strex.type_minus_one.f6.rv=2
strex.type_minus_one.f6.same=1
strex.type_minus_one.f6.len=2
strex.type_minus_one.f6="ab"
strex.err=<empty>
strex.type_minus_one.f7.measure=2
strex.type_minus_one.f7.rv=2
strex.type_minus_one.f7.same=1
strex.type_minus_one.f7.len=2
strex.type_minus_one.f7="ab"
strex.err=<empty>
strex.type_minus_one.f8.measure=12
strex.type_minus_one.f8.rv=12
strex.type_minus_one.f8.same=1
strex.type_minus_one.f8.len=12
strex.type_minus_one.f8="(unknown):ab"
strex.err=<empty>
strex.type_minus_one.f9.measure=5
strex.type_minus_one.f9.rv=5
strex.type_minus_one.f9.same=1
strex.type_minus_one.f9.len=5
strex.type_minus_one.f9="#6162"
strex.err=<empty>
strex.type_minus_one.f10.measure=5
strex.type_minus_one.f10.rv=5
strex.type_minus_one.f10.same=1
strex.type_minus_one.f10.len=5
strex.type_minus_one.f10="#6162"
strex.err=<empty>
strex.type_minus_one.f14.measure=2
strex.type_minus_one.f14.rv=2
strex.type_minus_one.f14.same=1
strex.type_minus_one.f14.len=2
strex.type_minus_one.f14="ab"
strex.err=<empty>
strex.type_minus_one.f15.measure=2
strex.type_minus_one.f15.rv=2
strex.type_minus_one.f15.same=1
strex.type_minus_one.f15.len=2
strex.type_minus_one.f15="ab"
strex.err=<empty>
strex.type_minus_one.f16.measure=2
strex.type_minus_one.f16.rv=2
strex.type_minus_one.f16.same=1
strex.type_minus_one.f16.len=2
strex.type_minus_one.f16="ab"
strex.err=<empty>
strex.type_minus_one.f17.measure=2
strex.type_minus_one.f17.rv=2
strex.type_minus_one.f17.same=1
strex.type_minus_one.f17.len=2
strex.type_minus_one.f17="ab"
strex.err=<empty>
strex.type_minus_one.f18.measure=2
strex.type_minus_one.f18.rv=2
strex.type_minus_one.f18.same=1
strex.type_minus_one.f18.len=2
strex.type_minus_one.f18="ab"
strex.err=<empty>
strex.type_minus_one.f19.measure=2
strex.type_minus_one.f19.rv=2
strex.type_minus_one.f19.same=1
strex.type_minus_one.f19.len=2
strex.type_minus_one.f19="ab"
strex.err=<empty>
strex.type_zero.f0.measure=2
strex.type_zero.f0.rv=2
strex.type_zero.f0.same=1
strex.type_zero.f0.len=2
strex.type_zero.f0="ab"
strex.err=<empty>
strex.type_zero.f1.measure=2
strex.type_zero.f1.rv=2
strex.type_zero.f1.same=1
strex.type_zero.f1.len=2
strex.type_zero.f1="ab"
strex.err=<empty>
strex.type_zero.f2.measure=2
strex.type_zero.f2.rv=2
strex.type_zero.f2.same=1
strex.type_zero.f2.len=2
strex.type_zero.f2="ab"
strex.err=<empty>
strex.type_zero.f3.measure=2
strex.type_zero.f3.rv=2
strex.type_zero.f3.same=1
strex.type_zero.f3.len=2
strex.type_zero.f3="ab"
strex.err=<empty>
strex.type_zero.f4.measure=2
strex.type_zero.f4.rv=2
strex.type_zero.f4.same=1
strex.type_zero.f4.len=2
strex.type_zero.f4="ab"
strex.err=<empty>
strex.type_zero.f5.measure=2
strex.type_zero.f5.rv=2
strex.type_zero.f5.same=1
strex.type_zero.f5.len=2
strex.type_zero.f5="ab"
strex.err=<empty>
strex.type_zero.f6.measure=2
strex.type_zero.f6.rv=2
strex.type_zero.f6.same=1
strex.type_zero.f6.len=2
strex.type_zero.f6="ab"
strex.err=<empty>
strex.type_zero.f7.measure=2
strex.type_zero.f7.rv=2
strex.type_zero.f7.same=1
strex.type_zero.f7.len=2
strex.type_zero.f7="ab"
strex.err=<empty>
strex.type_zero.f8.measure=6
strex.type_zero.f8.rv=6
strex.type_zero.f8.same=1
strex.type_zero.f8.len=6
strex.type_zero.f8="EOC:ab"
strex.err=<empty>
strex.type_zero.f9.measure=5
strex.type_zero.f9.rv=5
strex.type_zero.f9.same=1
strex.type_zero.f9.len=5
strex.type_zero.f9="#6162"
strex.err=<empty>
strex.type_zero.f10.measure=5
strex.type_zero.f10.rv=5
strex.type_zero.f10.same=1
strex.type_zero.f10.len=5
strex.type_zero.f10="#6162"
strex.err=<empty>
strex.type_zero.f14.measure=2
strex.type_zero.f14.rv=2
strex.type_zero.f14.same=1
strex.type_zero.f14.len=2
strex.type_zero.f14="ab"
strex.err=<empty>
strex.type_zero.f15.measure=2
strex.type_zero.f15.rv=2
strex.type_zero.f15.same=1
strex.type_zero.f15.len=2
strex.type_zero.f15="ab"
strex.err=<empty>
strex.type_zero.f16.measure=2
strex.type_zero.f16.rv=2
strex.type_zero.f16.same=1
strex.type_zero.f16.len=2
strex.type_zero.f16="ab"
strex.err=<empty>
strex.type_zero.f17.measure=2
strex.type_zero.f17.rv=2
strex.type_zero.f17.same=1
strex.type_zero.f17.len=2
strex.type_zero.f17="ab"
strex.err=<empty>
strex.type_zero.f18.measure=2
strex.type_zero.f18.rv=2
strex.type_zero.f18.same=1
strex.type_zero.f18.len=2
strex.type_zero.f18="ab"
strex.err=<empty>
strex.type_zero.f19.measure=2
strex.type_zero.f19.rv=2
strex.type_zero.f19.same=1
strex.type_zero.f19.len=2
strex.type_zero.f19="ab"
strex.err=<empty>
strex.type_one.f0.measure=2
strex.type_one.f0.rv=2
strex.type_one.f0.same=1
strex.type_one.f0.len=2
strex.type_one.f0="ab"
strex.err=<empty>
strex.type_one.f1.measure=2
strex.type_one.f1.rv=2
strex.type_one.f1.same=1
strex.type_one.f1.len=2
strex.type_one.f1="ab"
strex.err=<empty>
strex.type_one.f2.measure=2
strex.type_one.f2.rv=2
strex.type_one.f2.same=1
strex.type_one.f2.len=2
strex.type_one.f2="ab"
strex.err=<empty>
strex.type_one.f3.measure=2
strex.type_one.f3.rv=2
strex.type_one.f3.same=1
strex.type_one.f3.len=2
strex.type_one.f3="ab"
strex.err=<empty>
strex.type_one.f4.measure=2
strex.type_one.f4.rv=2
strex.type_one.f4.same=1
strex.type_one.f4.len=2
strex.type_one.f4="ab"
strex.err=<empty>
strex.type_one.f5.measure=2
strex.type_one.f5.rv=2
strex.type_one.f5.same=1
strex.type_one.f5.len=2
strex.type_one.f5="ab"
strex.err=<empty>
strex.type_one.f6.measure=2
strex.type_one.f6.rv=2
strex.type_one.f6.same=1
strex.type_one.f6.len=2
strex.type_one.f6="ab"
strex.err=<empty>
strex.type_one.f7.measure=2
strex.type_one.f7.rv=2
strex.type_one.f7.same=1
strex.type_one.f7.len=2
strex.type_one.f7="ab"
strex.err=<empty>
strex.type_one.f8.measure=10
strex.type_one.f8.rv=10
strex.type_one.f8.same=1
strex.type_one.f8.len=10
strex.type_one.f8="BOOLEAN:ab"
strex.err=<empty>
strex.type_one.f9.measure=5
strex.type_one.f9.rv=5
strex.type_one.f9.same=1
strex.type_one.f9.len=5
strex.type_one.f9="#6162"
strex.err=<empty>
strex.type_one.f10.measure=5
strex.type_one.f10.rv=5
strex.type_one.f10.same=1
strex.type_one.f10.len=5
strex.type_one.f10="#6162"
strex.err=<empty>
strex.type_one.f14.measure=2
strex.type_one.f14.rv=2
strex.type_one.f14.same=1
strex.type_one.f14.len=2
strex.type_one.f14="ab"
strex.err=<empty>
strex.type_one.f15.measure=2
strex.type_one.f15.rv=2
strex.type_one.f15.same=1
strex.type_one.f15.len=2
strex.type_one.f15="ab"
strex.err=<empty>
strex.type_one.f16.measure=2
strex.type_one.f16.rv=2
strex.type_one.f16.same=1
strex.type_one.f16.len=2
strex.type_one.f16="ab"
strex.err=<empty>
strex.type_one.f17.measure=2
strex.type_one.f17.rv=2
strex.type_one.f17.same=1
strex.type_one.f17.len=2
strex.type_one.f17="ab"
strex.err=<empty>
strex.type_one.f18.measure=2
strex.type_one.f18.rv=2
strex.type_one.f18.same=1
strex.type_one.f18.len=2
strex.type_one.f18="ab"
strex.err=<empty>
strex.type_one.f19.measure=2
strex.type_one.f19.rv=2
strex.type_one.f19.same=1
strex.type_one.f19.len=2
strex.type_one.f19="ab"
strex.err=<empty>
strex.type_21.f0.measure=2
strex.type_21.f0.rv=2
strex.type_21.f0.same=1
strex.type_21.f0.len=2
strex.type_21.f0="ab"
strex.err=<empty>
strex.type_21.f1.measure=2
strex.type_21.f1.rv=2
strex.type_21.f1.same=1
strex.type_21.f1.len=2
strex.type_21.f1="ab"
strex.err=<empty>
strex.type_21.f2.measure=2
strex.type_21.f2.rv=2
strex.type_21.f2.same=1
strex.type_21.f2.len=2
strex.type_21.f2="ab"
strex.err=<empty>
strex.type_21.f3.measure=2
strex.type_21.f3.rv=2
strex.type_21.f3.same=1
strex.type_21.f3.len=2
strex.type_21.f3="ab"
strex.err=<empty>
strex.type_21.f4.measure=2
strex.type_21.f4.rv=2
strex.type_21.f4.same=1
strex.type_21.f4.len=2
strex.type_21.f4="ab"
strex.err=<empty>
strex.type_21.f5.measure=2
strex.type_21.f5.rv=2
strex.type_21.f5.same=1
strex.type_21.f5.len=2
strex.type_21.f5="ab"
strex.err=<empty>
strex.type_21.f6.measure=2
strex.type_21.f6.rv=2
strex.type_21.f6.same=1
strex.type_21.f6.len=2
strex.type_21.f6="ab"
strex.err=<empty>
strex.type_21.f7.measure=2
strex.type_21.f7.rv=2
strex.type_21.f7.same=1
strex.type_21.f7.len=2
strex.type_21.f7="ab"
strex.err=<empty>
strex.type_21.f8.measure=17
strex.type_21.f8.rv=17
strex.type_21.f8.same=1
strex.type_21.f8.len=17
strex.type_21.f8="VIDEOTEXSTRING:ab"
strex.err=<empty>
strex.type_21.f9.measure=5
strex.type_21.f9.rv=5
strex.type_21.f9.same=1
strex.type_21.f9.len=5
strex.type_21.f9="#6162"
strex.err=<empty>
strex.type_21.f10.measure=5
strex.type_21.f10.rv=5
strex.type_21.f10.same=1
strex.type_21.f10.len=5
strex.type_21.f10="#6162"
strex.err=<empty>
strex.type_21.f14.measure=2
strex.type_21.f14.rv=2
strex.type_21.f14.same=1
strex.type_21.f14.len=2
strex.type_21.f14="ab"
strex.err=<empty>
strex.type_21.f15.measure=2
strex.type_21.f15.rv=2
strex.type_21.f15.same=1
strex.type_21.f15.len=2
strex.type_21.f15="ab"
strex.err=<empty>
strex.type_21.f16.measure=2
strex.type_21.f16.rv=2
strex.type_21.f16.same=1
strex.type_21.f16.len=2
strex.type_21.f16="ab"
strex.err=<empty>
strex.type_21.f17.measure=2
strex.type_21.f17.rv=2
strex.type_21.f17.same=1
strex.type_21.f17.len=2
strex.type_21.f17="ab"
strex.err=<empty>
strex.type_21.f18.measure=2
strex.type_21.f18.rv=2
strex.type_21.f18.same=1
strex.type_21.f18.len=2
strex.type_21.f18="ab"
strex.err=<empty>
strex.type_21.f19.measure=2
strex.type_21.f19.rv=2
strex.type_21.f19.same=1
strex.type_21.f19.len=2
strex.type_21.f19="ab"
strex.err=<empty>
strex.type_25.f0.measure=2
strex.type_25.f0.rv=2
strex.type_25.f0.same=1
strex.type_25.f0.len=2
strex.type_25.f0="ab"
strex.err=<empty>
strex.type_25.f1.measure=2
strex.type_25.f1.rv=2
strex.type_25.f1.same=1
strex.type_25.f1.len=2
strex.type_25.f1="ab"
strex.err=<empty>
strex.type_25.f2.measure=2
strex.type_25.f2.rv=2
strex.type_25.f2.same=1
strex.type_25.f2.len=2
strex.type_25.f2="ab"
strex.err=<empty>
strex.type_25.f3.measure=2
strex.type_25.f3.rv=2
strex.type_25.f3.same=1
strex.type_25.f3.len=2
strex.type_25.f3="ab"
strex.err=<empty>
strex.type_25.f4.measure=2
strex.type_25.f4.rv=2
strex.type_25.f4.same=1
strex.type_25.f4.len=2
strex.type_25.f4="ab"
strex.err=<empty>
strex.type_25.f5.measure=2
strex.type_25.f5.rv=2
strex.type_25.f5.same=1
strex.type_25.f5.len=2
strex.type_25.f5="ab"
strex.err=<empty>
strex.type_25.f6.measure=2
strex.type_25.f6.rv=2
strex.type_25.f6.same=1
strex.type_25.f6.len=2
strex.type_25.f6="ab"
strex.err=<empty>
strex.type_25.f7.measure=2
strex.type_25.f7.rv=2
strex.type_25.f7.same=1
strex.type_25.f7.len=2
strex.type_25.f7="ab"
strex.err=<empty>
strex.type_25.f8.measure=16
strex.type_25.f8.rv=16
strex.type_25.f8.same=1
strex.type_25.f8.len=16
strex.type_25.f8="GRAPHICSTRING:ab"
strex.err=<empty>
strex.type_25.f9.measure=5
strex.type_25.f9.rv=5
strex.type_25.f9.same=1
strex.type_25.f9.len=5
strex.type_25.f9="#6162"
strex.err=<empty>
strex.type_25.f10.measure=5
strex.type_25.f10.rv=5
strex.type_25.f10.same=1
strex.type_25.f10.len=5
strex.type_25.f10="#6162"
strex.err=<empty>
strex.type_25.f14.measure=2
strex.type_25.f14.rv=2
strex.type_25.f14.same=1
strex.type_25.f14.len=2
strex.type_25.f14="ab"
strex.err=<empty>
strex.type_25.f15.measure=2
strex.type_25.f15.rv=2
strex.type_25.f15.same=1
strex.type_25.f15.len=2
strex.type_25.f15="ab"
strex.err=<empty>
strex.type_25.f16.measure=2
strex.type_25.f16.rv=2
strex.type_25.f16.same=1
strex.type_25.f16.len=2
strex.type_25.f16="ab"
strex.err=<empty>
strex.type_25.f17.measure=2
strex.type_25.f17.rv=2
strex.type_25.f17.same=1
strex.type_25.f17.len=2
strex.type_25.f17="ab"
strex.err=<empty>
strex.type_25.f18.measure=2
strex.type_25.f18.rv=2
strex.type_25.f18.same=1
strex.type_25.f18.len=2
strex.type_25.f18="ab"
strex.err=<empty>
strex.type_25.f19.measure=2
strex.type_25.f19.rv=2
strex.type_25.f19.same=1
strex.type_25.f19.len=2
strex.type_25.f19="ab"
strex.err=<empty>
strex.type_27.f0.measure=2
strex.type_27.f0.rv=2
strex.type_27.f0.same=1
strex.type_27.f0.len=2
strex.type_27.f0="ab"
strex.err=<empty>
strex.type_27.f1.measure=2
strex.type_27.f1.rv=2
strex.type_27.f1.same=1
strex.type_27.f1.len=2
strex.type_27.f1="ab"
strex.err=<empty>
strex.type_27.f2.measure=2
strex.type_27.f2.rv=2
strex.type_27.f2.same=1
strex.type_27.f2.len=2
strex.type_27.f2="ab"
strex.err=<empty>
strex.type_27.f3.measure=2
strex.type_27.f3.rv=2
strex.type_27.f3.same=1
strex.type_27.f3.len=2
strex.type_27.f3="ab"
strex.err=<empty>
strex.type_27.f4.measure=2
strex.type_27.f4.rv=2
strex.type_27.f4.same=1
strex.type_27.f4.len=2
strex.type_27.f4="ab"
strex.err=<empty>
strex.type_27.f5.measure=2
strex.type_27.f5.rv=2
strex.type_27.f5.same=1
strex.type_27.f5.len=2
strex.type_27.f5="ab"
strex.err=<empty>
strex.type_27.f6.measure=2
strex.type_27.f6.rv=2
strex.type_27.f6.same=1
strex.type_27.f6.len=2
strex.type_27.f6="ab"
strex.err=<empty>
strex.type_27.f7.measure=2
strex.type_27.f7.rv=2
strex.type_27.f7.same=1
strex.type_27.f7.len=2
strex.type_27.f7="ab"
strex.err=<empty>
strex.type_27.f8.measure=16
strex.type_27.f8.rv=16
strex.type_27.f8.same=1
strex.type_27.f8.len=16
strex.type_27.f8="GENERALSTRING:ab"
strex.err=<empty>
strex.type_27.f9.measure=5
strex.type_27.f9.rv=5
strex.type_27.f9.same=1
strex.type_27.f9.len=5
strex.type_27.f9="#6162"
strex.err=<empty>
strex.type_27.f10.measure=5
strex.type_27.f10.rv=5
strex.type_27.f10.same=1
strex.type_27.f10.len=5
strex.type_27.f10="#6162"
strex.err=<empty>
strex.type_27.f14.measure=2
strex.type_27.f14.rv=2
strex.type_27.f14.same=1
strex.type_27.f14.len=2
strex.type_27.f14="ab"
strex.err=<empty>
strex.type_27.f15.measure=2
strex.type_27.f15.rv=2
strex.type_27.f15.same=1
strex.type_27.f15.len=2
strex.type_27.f15="ab"
strex.err=<empty>
strex.type_27.f16.measure=2
strex.type_27.f16.rv=2
strex.type_27.f16.same=1
strex.type_27.f16.len=2
strex.type_27.f16="ab"
strex.err=<empty>
strex.type_27.f17.measure=2
strex.type_27.f17.rv=2
strex.type_27.f17.same=1
strex.type_27.f17.len=2
strex.type_27.f17="ab"
strex.err=<empty>
strex.type_27.f18.measure=2
strex.type_27.f18.rv=2
strex.type_27.f18.same=1
strex.type_27.f18.len=2
strex.type_27.f18="ab"
strex.err=<empty>
strex.type_27.f19.measure=2
strex.type_27.f19.rv=2
strex.type_27.f19.same=1
strex.type_27.f19.len=2
strex.type_27.f19="ab"
strex.err=<empty>
strex.type_29.f0.measure=2
strex.type_29.f0.rv=2
strex.type_29.f0.same=1
strex.type_29.f0.len=2
strex.type_29.f0="ab"
strex.err=<empty>
strex.type_29.f1.measure=2
strex.type_29.f1.rv=2
strex.type_29.f1.same=1
strex.type_29.f1.len=2
strex.type_29.f1="ab"
strex.err=<empty>
strex.type_29.f2.measure=2
strex.type_29.f2.rv=2
strex.type_29.f2.same=1
strex.type_29.f2.len=2
strex.type_29.f2="ab"
strex.err=<empty>
strex.type_29.f3.measure=2
strex.type_29.f3.rv=2
strex.type_29.f3.same=1
strex.type_29.f3.len=2
strex.type_29.f3="ab"
strex.err=<empty>
strex.type_29.f4.measure=2
strex.type_29.f4.rv=2
strex.type_29.f4.same=1
strex.type_29.f4.len=2
strex.type_29.f4="ab"
strex.err=<empty>
strex.type_29.f5.measure=2
strex.type_29.f5.rv=2
strex.type_29.f5.same=1
strex.type_29.f5.len=2
strex.type_29.f5="ab"
strex.err=<empty>
strex.type_29.f6.measure=2
strex.type_29.f6.rv=2
strex.type_29.f6.same=1
strex.type_29.f6.len=2
strex.type_29.f6="ab"
strex.err=<empty>
strex.type_29.f7.measure=2
strex.type_29.f7.rv=2
strex.type_29.f7.same=1
strex.type_29.f7.len=2
strex.type_29.f7="ab"
strex.err=<empty>
strex.type_29.f8.measure=12
strex.type_29.f8.rv=12
strex.type_29.f8.same=1
strex.type_29.f8.len=12
strex.type_29.f8="<ASN1 29>:ab"
strex.err=<empty>
strex.type_29.f9.measure=5
strex.type_29.f9.rv=5
strex.type_29.f9.same=1
strex.type_29.f9.len=5
strex.type_29.f9="#6162"
strex.err=<empty>
strex.type_29.f10.measure=5
strex.type_29.f10.rv=5
strex.type_29.f10.same=1
strex.type_29.f10.len=5
strex.type_29.f10="#6162"
strex.err=<empty>
strex.type_29.f14.measure=2
strex.type_29.f14.rv=2
strex.type_29.f14.same=1
strex.type_29.f14.len=2
strex.type_29.f14="ab"
strex.err=<empty>
strex.type_29.f15.measure=2
strex.type_29.f15.rv=2
strex.type_29.f15.same=1
strex.type_29.f15.len=2
strex.type_29.f15="ab"
strex.err=<empty>
strex.type_29.f16.measure=2
strex.type_29.f16.rv=2
strex.type_29.f16.same=1
strex.type_29.f16.len=2
strex.type_29.f16="ab"
strex.err=<empty>
strex.type_29.f17.measure=2
strex.type_29.f17.rv=2
strex.type_29.f17.same=1
strex.type_29.f17.len=2
strex.type_29.f17="ab"
strex.err=<empty>
strex.type_29.f18.measure=2
strex.type_29.f18.rv=2
strex.type_29.f18.same=1
strex.type_29.f18.len=2
strex.type_29.f18="ab"
strex.err=<empty>
strex.type_29.f19.measure=2
strex.type_29.f19.rv=2
strex.type_29.f19.same=1
strex.type_29.f19.len=2
strex.type_29.f19="ab"
strex.err=<empty>
strex.type_30.f0.measure=6
strex.type_30.f0.rv=6
strex.type_30.f0.same=1
strex.type_30.f0.len=6
strex.type_30.f0="\U6162"
strex.err=<empty>
strex.type_30.f1.measure=6
strex.type_30.f1.rv=6
strex.type_30.f1.same=1
strex.type_30.f1.len=6
strex.type_30.f1="\U6162"
strex.err=<empty>
strex.type_30.f2.measure=6
strex.type_30.f2.rv=6
strex.type_30.f2.same=1
strex.type_30.f2.len=6
strex.type_30.f2="\U6162"
strex.err=<empty>
strex.type_30.f3.measure=6
strex.type_30.f3.rv=6
strex.type_30.f3.same=1
strex.type_30.f3.len=6
strex.type_30.f3="\U6162"
strex.err=<empty>
strex.type_30.f4.measure=6
strex.type_30.f4.rv=6
strex.type_30.f4.same=1
strex.type_30.f4.len=6
strex.type_30.f4="\U6162"
strex.err=<empty>
strex.type_30.f5.measure=6
strex.type_30.f5.rv=6
strex.type_30.f5.same=1
strex.type_30.f5.len=6
strex.type_30.f5="\U6162"
strex.err=<empty>
strex.type_30.f6.measure=3
strex.type_30.f6.rv=3
strex.type_30.f6.same=1
strex.type_30.f6.len=3
strex.type_30.f6="..."
strex.err=<empty>
strex.type_30.f7.measure=2
strex.type_30.f7.rv=2
strex.type_30.f7.same=1
strex.type_30.f7.len=2
strex.type_30.f7="ab"
strex.err=<empty>
strex.type_30.f8.measure=16
strex.type_30.f8.rv=16
strex.type_30.f8.same=1
strex.type_30.f8.len=16
strex.type_30.f8="BMPSTRING:\U6162"
strex.err=<empty>
strex.type_30.f9.measure=5
strex.type_30.f9.rv=5
strex.type_30.f9.same=1
strex.type_30.f9.len=5
strex.type_30.f9="#6162"
strex.err=<empty>
strex.type_30.f10.measure=6
strex.type_30.f10.rv=6
strex.type_30.f10.same=1
strex.type_30.f10.len=6
strex.type_30.f10="\U6162"
strex.err=<empty>
strex.type_30.f11.measure=6
strex.type_30.f11.rv=6
strex.type_30.f11.same=1
strex.type_30.f11.len=6
strex.type_30.f11="\U6162"
strex.err=<empty>
strex.type_30.f12.measure=9
strex.type_30.f12.rv=9
strex.type_30.f12.same=1
strex.type_30.f12.len=9
strex.type_30.f12="#1E026162"
strex.err=<empty>
strex.type_30.f13.measure=6
strex.type_30.f13.rv=6
strex.type_30.f13.same=1
strex.type_30.f13.len=6
strex.type_30.f13="\U6162"
strex.err=<empty>
strex.type_30.f14.measure=6
strex.type_30.f14.rv=6
strex.type_30.f14.same=1
strex.type_30.f14.len=6
strex.type_30.f14="\U6162"
strex.err=<empty>
strex.type_30.f15.measure=6
strex.type_30.f15.rv=6
strex.type_30.f15.same=1
strex.type_30.f15.len=6
strex.type_30.f15="\U6162"
strex.err=<empty>
strex.type_30.f16.measure=6
strex.type_30.f16.rv=6
strex.type_30.f16.same=1
strex.type_30.f16.len=6
strex.type_30.f16="\U6162"
strex.err=<empty>
strex.type_30.f17.measure=6
strex.type_30.f17.rv=6
strex.type_30.f17.same=1
strex.type_30.f17.len=6
strex.type_30.f17="\U6162"
strex.err=<empty>
strex.type_30.f18.measure=6
strex.type_30.f18.rv=6
strex.type_30.f18.same=1
strex.type_30.f18.len=6
strex.type_30.f18="\U6162"
strex.err=<empty>
strex.type_30.f19.measure=6
strex.type_30.f19.rv=6
strex.type_30.f19.same=1
strex.type_30.f19.len=6
strex.type_30.f19="\U6162"
strex.err=<empty>
strex.type_30.f20.measure=9
strex.type_30.f20.rv=9
strex.type_30.f20.same=1
strex.type_30.f20.len=9
strex.type_30.f20="\E6\85\A2"
strex.err=<empty>
strex.type_30.f21.measure=19
strex.type_30.f21.rv=19
strex.type_30.f21.same=1
strex.type_30.f21.len=19
strex.type_30.f21="BMPSTRING:\E6\85\A2"
strex.err=<empty>
strex.type_30.f22.measure=2
strex.type_30.f22.rv=2
strex.type_30.f22.same=1
strex.type_30.f22.len=2
strex.type_30.f22="ab"
strex.err=<empty>
strex.type_31.f0.measure=2
strex.type_31.f0.rv=2
strex.type_31.f0.same=1
strex.type_31.f0.len=2
strex.type_31.f0="ab"
strex.err=<empty>
strex.type_31.f1.measure=2
strex.type_31.f1.rv=2
strex.type_31.f1.same=1
strex.type_31.f1.len=2
strex.type_31.f1="ab"
strex.err=<empty>
strex.type_31.f2.measure=2
strex.type_31.f2.rv=2
strex.type_31.f2.same=1
strex.type_31.f2.len=2
strex.type_31.f2="ab"
strex.err=<empty>
strex.type_31.f3.measure=2
strex.type_31.f3.rv=2
strex.type_31.f3.same=1
strex.type_31.f3.len=2
strex.type_31.f3="ab"
strex.err=<empty>
strex.type_31.f4.measure=2
strex.type_31.f4.rv=2
strex.type_31.f4.same=1
strex.type_31.f4.len=2
strex.type_31.f4="ab"
strex.err=<empty>
strex.type_31.f5.measure=2
strex.type_31.f5.rv=2
strex.type_31.f5.same=1
strex.type_31.f5.len=2
strex.type_31.f5="ab"
strex.err=<empty>
strex.type_31.f6.measure=2
strex.type_31.f6.rv=2
strex.type_31.f6.same=1
strex.type_31.f6.len=2
strex.type_31.f6="ab"
strex.err=<empty>
strex.type_31.f7.measure=2
strex.type_31.f7.rv=2
strex.type_31.f7.same=1
strex.type_31.f7.len=2
strex.type_31.f7="ab"
strex.err=<empty>
strex.type_31.f8.measure=12
strex.type_31.f8.rv=12
strex.type_31.f8.same=1
strex.type_31.f8.len=12
strex.type_31.f8="(unknown):ab"
strex.err=<empty>
strex.type_31.f9.measure=5
strex.type_31.f9.rv=5
strex.type_31.f9.same=1
strex.type_31.f9.len=5
strex.type_31.f9="#6162"
strex.err=<empty>
strex.type_31.f10.measure=5
strex.type_31.f10.rv=5
strex.type_31.f10.same=1
strex.type_31.f10.len=5
strex.type_31.f10="#6162"
strex.err=<empty>
strex.type_31.f14.measure=2
strex.type_31.f14.rv=2
strex.type_31.f14.same=1
strex.type_31.f14.len=2
strex.type_31.f14="ab"
strex.err=<empty>
strex.type_31.f15.measure=2
strex.type_31.f15.rv=2
strex.type_31.f15.same=1
strex.type_31.f15.len=2
strex.type_31.f15="ab"
strex.err=<empty>
strex.type_31.f16.measure=2
strex.type_31.f16.rv=2
strex.type_31.f16.same=1
strex.type_31.f16.len=2
strex.type_31.f16="ab"
strex.err=<empty>
strex.type_31.f17.measure=2
strex.type_31.f17.rv=2
strex.type_31.f17.same=1
strex.type_31.f17.len=2
strex.type_31.f17="ab"
strex.err=<empty>
strex.type_31.f18.measure=2
strex.type_31.f18.rv=2
strex.type_31.f18.same=1
strex.type_31.f18.len=2
strex.type_31.f18="ab"
strex.err=<empty>
strex.type_31.f19.measure=2
strex.type_31.f19.rv=2
strex.type_31.f19.same=1
strex.type_31.f19.len=2
strex.type_31.f19="ab"
strex.err=<empty>
byte.00.rv=3
byte.00="\00"
byte.00.msb=1
byte.00="."
byte.00.quote=1
byte.00="."
byte.01.rv=3
byte.01="\01"
byte.01.msb=1
byte.01="."
byte.01.quote=1
byte.01="."
byte.02.rv=3
byte.02="\02"
byte.02.msb=1
byte.02="."
byte.02.quote=1
byte.02="."
byte.03.rv=3
byte.03="\03"
byte.03.msb=1
byte.03="."
byte.03.quote=1
byte.03="."
byte.04.rv=3
byte.04="\04"
byte.04.msb=1
byte.04="."
byte.04.quote=1
byte.04="."
byte.05.rv=3
byte.05="\05"
byte.05.msb=1
byte.05="."
byte.05.quote=1
byte.05="."
byte.06.rv=3
byte.06="\06"
byte.06.msb=1
byte.06="."
byte.06.quote=1
byte.06="."
byte.07.rv=3
byte.07="\07"
byte.07.msb=1
byte.07="."
byte.07.quote=1
byte.07="."
byte.08.rv=3
byte.08="\08"
byte.08.msb=1
byte.08="."
byte.08.quote=1
byte.08="."
byte.09.rv=3
byte.09="\09"
byte.09.msb=1
byte.09="."
byte.09.quote=1
byte.09="."
byte.0a.rv=3
byte.0a="\0A"
byte.0a.msb=1
byte.0a="."
byte.0a.quote=1
byte.0a="."
byte.0b.rv=3
byte.0b="\0B"
byte.0b.msb=1
byte.0b="."
byte.0b.quote=1
byte.0b="."
byte.0c.rv=3
byte.0c="\0C"
byte.0c.msb=1
byte.0c="."
byte.0c.quote=1
byte.0c="."
byte.0d.rv=3
byte.0d="\0D"
byte.0d.msb=1
byte.0d="."
byte.0d.quote=1
byte.0d="."
byte.0e.rv=3
byte.0e="\0E"
byte.0e.msb=1
byte.0e="."
byte.0e.quote=1
byte.0e="."
byte.0f.rv=3
byte.0f="\0F"
byte.0f.msb=1
byte.0f="."
byte.0f.quote=1
byte.0f="."
byte.10.rv=3
byte.10="\10"
byte.10.msb=1
byte.10="."
byte.10.quote=1
byte.10="."
byte.11.rv=3
byte.11="\11"
byte.11.msb=1
byte.11="."
byte.11.quote=1
byte.11="."
byte.12.rv=3
byte.12="\12"
byte.12.msb=1
byte.12="."
byte.12.quote=1
byte.12="."
byte.13.rv=3
byte.13="\13"
byte.13.msb=1
byte.13="."
byte.13.quote=1
byte.13="."
byte.14.rv=3
byte.14="\14"
byte.14.msb=1
byte.14="."
byte.14.quote=1
byte.14="."
byte.15.rv=3
byte.15="\15"
byte.15.msb=1
byte.15="."
byte.15.quote=1
byte.15="."
byte.16.rv=3
byte.16="\16"
byte.16.msb=1
byte.16="."
byte.16.quote=1
byte.16="."
byte.17.rv=3
byte.17="\17"
byte.17.msb=1
byte.17="."
byte.17.quote=1
byte.17="."
byte.18.rv=3
byte.18="\18"
byte.18.msb=1
byte.18="."
byte.18.quote=1
byte.18="."
byte.19.rv=3
byte.19="\19"
byte.19.msb=1
byte.19="."
byte.19.quote=1
byte.19="."
byte.1a.rv=3
byte.1a="\1A"
byte.1a.msb=1
byte.1a="."
byte.1a.quote=1
byte.1a="."
byte.1b.rv=3
byte.1b="\1B"
byte.1b.msb=1
byte.1b="."
byte.1b.quote=1
byte.1b="."
byte.1c.rv=3
byte.1c="\1C"
byte.1c.msb=1
byte.1c="."
byte.1c.quote=1
byte.1c="."
byte.1d.rv=3
byte.1d="\1D"
byte.1d.msb=1
byte.1d="."
byte.1d.quote=1
byte.1d="."
byte.1e.rv=3
byte.1e="\1E"
byte.1e.msb=1
byte.1e="."
byte.1e.quote=1
byte.1e="."
byte.1f.rv=3
byte.1f="\1F"
byte.1f.msb=1
byte.1f="."
byte.1f.quote=1
byte.1f="."
byte.20.rv=2
byte.20="\ "
byte.20.msb=1
byte.20=" "
byte.20.quote=1
byte.20=" "
byte.21.rv=1
byte.21="!"
byte.21.msb=1
byte.21="!"
byte.21.quote=1
byte.21="!"
byte.22.rv=2
byte.22="\""
byte.22.msb=1
byte.22="""
byte.22.quote=1
byte.22="""
byte.23.rv=1
byte.23="#"
byte.23.msb=1
byte.23="#"
byte.23.quote=1
byte.23="#"
byte.24.rv=1
byte.24="$"
byte.24.msb=1
byte.24="$"
byte.24.quote=1
byte.24="$"
byte.25.rv=1
byte.25="%"
byte.25.msb=1
byte.25="%"
byte.25.quote=1
byte.25="%"
byte.26.rv=1
byte.26="&"
byte.26.msb=1
byte.26="&"
byte.26.quote=1
byte.26="&"
byte.27.rv=1
byte.27="'"
byte.27.msb=1
byte.27="'"
byte.27.quote=1
byte.27="'"
byte.28.rv=1
byte.28="("
byte.28.msb=1
byte.28="("
byte.28.quote=1
byte.28="("
byte.29.rv=1
byte.29=")"
byte.29.msb=1
byte.29=")"
byte.29.quote=1
byte.29=")"
byte.2a.rv=1
byte.2a="*"
byte.2a.msb=1
byte.2a="*"
byte.2a.quote=1
byte.2a="*"
byte.2b.rv=2
byte.2b="\+"
byte.2b.msb=1
byte.2b="+"
byte.2b.quote=1
byte.2b="+"
byte.2c.rv=2
byte.2c="\,"
byte.2c.msb=1
byte.2c=","
byte.2c.quote=1
byte.2c=","
byte.2d.rv=1
byte.2d="-"
byte.2d.msb=1
byte.2d="-"
byte.2d.quote=1
byte.2d="-"
byte.2e.rv=1
byte.2e="."
byte.2e.msb=1
byte.2e="."
byte.2e.quote=1
byte.2e="."
byte.2f.rv=1
byte.2f="/"
byte.2f.msb=1
byte.2f="/"
byte.2f.quote=1
byte.2f="/"
byte.30.rv=1
byte.30="0"
byte.30.msb=1
byte.30="0"
byte.30.quote=1
byte.30="0"
byte.31.rv=1
byte.31="1"
byte.31.msb=1
byte.31="1"
byte.31.quote=1
byte.31="1"
byte.32.rv=1
byte.32="2"
byte.32.msb=1
byte.32="2"
byte.32.quote=1
byte.32="2"
byte.33.rv=1
byte.33="3"
byte.33.msb=1
byte.33="3"
byte.33.quote=1
byte.33="3"
byte.34.rv=1
byte.34="4"
byte.34.msb=1
byte.34="4"
byte.34.quote=1
byte.34="4"
byte.35.rv=1
byte.35="5"
byte.35.msb=1
byte.35="5"
byte.35.quote=1
byte.35="5"
byte.36.rv=1
byte.36="6"
byte.36.msb=1
byte.36="6"
byte.36.quote=1
byte.36="6"
byte.37.rv=1
byte.37="7"
byte.37.msb=1
byte.37="7"
byte.37.quote=1
byte.37="7"
byte.38.rv=1
byte.38="8"
byte.38.msb=1
byte.38="8"
byte.38.quote=1
byte.38="8"
byte.39.rv=1
byte.39="9"
byte.39.msb=1
byte.39="9"
byte.39.quote=1
byte.39="9"
byte.3a.rv=1
byte.3a=":"
byte.3a.msb=1
byte.3a=":"
byte.3a.quote=1
byte.3a=":"
byte.3b.rv=2
byte.3b="\;"
byte.3b.msb=1
byte.3b=";"
byte.3b.quote=1
byte.3b=";"
byte.3c.rv=2
byte.3c="\<"
byte.3c.msb=1
byte.3c="<"
byte.3c.quote=1
byte.3c="<"
byte.3d.rv=1
byte.3d="="
byte.3d.msb=1
byte.3d="="
byte.3d.quote=1
byte.3d="="
byte.3e.rv=2
byte.3e="\>"
byte.3e.msb=1
byte.3e=">"
byte.3e.quote=1
byte.3e=">"
byte.3f.rv=1
byte.3f="?"
byte.3f.msb=1
byte.3f="?"
byte.3f.quote=1
byte.3f="?"
byte.40.rv=1
byte.40="@"
byte.40.msb=1
byte.40="@"
byte.40.quote=1
byte.40="@"
byte.41.rv=1
byte.41="A"
byte.41.msb=1
byte.41="A"
byte.41.quote=1
byte.41="A"
byte.42.rv=1
byte.42="B"
byte.42.msb=1
byte.42="B"
byte.42.quote=1
byte.42="B"
byte.43.rv=1
byte.43="C"
byte.43.msb=1
byte.43="C"
byte.43.quote=1
byte.43="C"
byte.44.rv=1
byte.44="D"
byte.44.msb=1
byte.44="D"
byte.44.quote=1
byte.44="D"
byte.45.rv=1
byte.45="E"
byte.45.msb=1
byte.45="E"
byte.45.quote=1
byte.45="E"
byte.46.rv=1
byte.46="F"
byte.46.msb=1
byte.46="F"
byte.46.quote=1
byte.46="F"
byte.47.rv=1
byte.47="G"
byte.47.msb=1
byte.47="G"
byte.47.quote=1
byte.47="G"
byte.48.rv=1
byte.48="H"
byte.48.msb=1
byte.48="H"
byte.48.quote=1
byte.48="H"
byte.49.rv=1
byte.49="I"
byte.49.msb=1
byte.49="I"
byte.49.quote=1
byte.49="I"
byte.4a.rv=1
byte.4a="J"
byte.4a.msb=1
byte.4a="J"
byte.4a.quote=1
byte.4a="J"
byte.4b.rv=1
byte.4b="K"
byte.4b.msb=1
byte.4b="K"
byte.4b.quote=1
byte.4b="K"
byte.4c.rv=1
byte.4c="L"
byte.4c.msb=1
byte.4c="L"
byte.4c.quote=1
byte.4c="L"
byte.4d.rv=1
byte.4d="M"
byte.4d.msb=1
byte.4d="M"
byte.4d.quote=1
byte.4d="M"
byte.4e.rv=1
byte.4e="N"
byte.4e.msb=1
byte.4e="N"
byte.4e.quote=1
byte.4e="N"
byte.4f.rv=1
byte.4f="O"
byte.4f.msb=1
byte.4f="O"
byte.4f.quote=1
byte.4f="O"
byte.50.rv=1
byte.50="P"
byte.50.msb=1
byte.50="P"
byte.50.quote=1
byte.50="P"
byte.51.rv=1
byte.51="Q"
byte.51.msb=1
byte.51="Q"
byte.51.quote=1
byte.51="Q"
byte.52.rv=1
byte.52="R"
byte.52.msb=1
byte.52="R"
byte.52.quote=1
byte.52="R"
byte.53.rv=1
byte.53="S"
byte.53.msb=1
byte.53="S"
byte.53.quote=1
byte.53="S"
byte.54.rv=1
byte.54="T"
byte.54.msb=1
byte.54="T"
byte.54.quote=1
byte.54="T"
byte.55.rv=1
byte.55="U"
byte.55.msb=1
byte.55="U"
byte.55.quote=1
byte.55="U"
byte.56.rv=1
byte.56="V"
byte.56.msb=1
byte.56="V"
byte.56.quote=1
byte.56="V"
byte.57.rv=1
byte.57="W"
byte.57.msb=1
byte.57="W"
byte.57.quote=1
byte.57="W"
byte.58.rv=1
byte.58="X"
byte.58.msb=1
byte.58="X"
byte.58.quote=1
byte.58="X"
byte.59.rv=1
byte.59="Y"
byte.59.msb=1
byte.59="Y"
byte.59.quote=1
byte.59="Y"
byte.5a.rv=1
byte.5a="Z"
byte.5a.msb=1
byte.5a="Z"
byte.5a.quote=1
byte.5a="Z"
byte.5b.rv=1
byte.5b="["
byte.5b.msb=1
byte.5b="["
byte.5b.quote=1
byte.5b="["
byte.5c.rv=2
byte.5c="\\"
byte.5c.msb=2
byte.5c="\\"
byte.5c.quote=2
byte.5c="\\"
byte.5d.rv=1
byte.5d="]"
byte.5d.msb=1
byte.5d="]"
byte.5d.quote=1
byte.5d="]"
byte.5e.rv=1
byte.5e="^"
byte.5e.msb=1
byte.5e="^"
byte.5e.quote=1
byte.5e="^"
byte.5f.rv=1
byte.5f="_"
byte.5f.msb=1
byte.5f="_"
byte.5f.quote=1
byte.5f="_"
byte.60.rv=1
byte.60="`"
byte.60.msb=1
byte.60="`"
byte.60.quote=1
byte.60="`"
byte.61.rv=1
byte.61="a"
byte.61.msb=1
byte.61="a"
byte.61.quote=1
byte.61="a"
byte.62.rv=1
byte.62="b"
byte.62.msb=1
byte.62="b"
byte.62.quote=1
byte.62="b"
byte.63.rv=1
byte.63="c"
byte.63.msb=1
byte.63="c"
byte.63.quote=1
byte.63="c"
byte.64.rv=1
byte.64="d"
byte.64.msb=1
byte.64="d"
byte.64.quote=1
byte.64="d"
byte.65.rv=1
byte.65="e"
byte.65.msb=1
byte.65="e"
byte.65.quote=1
byte.65="e"
byte.66.rv=1
byte.66="f"
byte.66.msb=1
byte.66="f"
byte.66.quote=1
byte.66="f"
byte.67.rv=1
byte.67="g"
byte.67.msb=1
byte.67="g"
byte.67.quote=1
byte.67="g"
byte.68.rv=1
byte.68="h"
byte.68.msb=1
byte.68="h"
byte.68.quote=1
byte.68="h"
byte.69.rv=1
byte.69="i"
byte.69.msb=1
byte.69="i"
byte.69.quote=1
byte.69="i"
byte.6a.rv=1
byte.6a="j"
byte.6a.msb=1
byte.6a="j"
byte.6a.quote=1
byte.6a="j"
byte.6b.rv=1
byte.6b="k"
byte.6b.msb=1
byte.6b="k"
byte.6b.quote=1
byte.6b="k"
byte.6c.rv=1
byte.6c="l"
byte.6c.msb=1
byte.6c="l"
byte.6c.quote=1
byte.6c="l"
byte.6d.rv=1
byte.6d="m"
byte.6d.msb=1
byte.6d="m"
byte.6d.quote=1
byte.6d="m"
byte.6e.rv=1
byte.6e="n"
byte.6e.msb=1
byte.6e="n"
byte.6e.quote=1
byte.6e="n"
byte.6f.rv=1
byte.6f="o"
byte.6f.msb=1
byte.6f="o"
byte.6f.quote=1
byte.6f="o"
byte.70.rv=1
byte.70="p"
byte.70.msb=1
byte.70="p"
byte.70.quote=1
byte.70="p"
byte.71.rv=1
byte.71="q"
byte.71.msb=1
byte.71="q"
byte.71.quote=1
byte.71="q"
byte.72.rv=1
byte.72="r"
byte.72.msb=1
byte.72="r"
byte.72.quote=1
byte.72="r"
byte.73.rv=1
byte.73="s"
byte.73.msb=1
byte.73="s"
byte.73.quote=1
byte.73="s"
byte.74.rv=1
byte.74="t"
byte.74.msb=1
byte.74="t"
byte.74.quote=1
byte.74="t"
byte.75.rv=1
byte.75="u"
byte.75.msb=1
byte.75="u"
byte.75.quote=1
byte.75="u"
byte.76.rv=1
byte.76="v"
byte.76.msb=1
byte.76="v"
byte.76.quote=1
byte.76="v"
byte.77.rv=1
byte.77="w"
byte.77.msb=1
byte.77="w"
byte.77.quote=1
byte.77="w"
byte.78.rv=1
byte.78="x"
byte.78.msb=1
byte.78="x"
byte.78.quote=1
byte.78="x"
byte.79.rv=1
byte.79="y"
byte.79.msb=1
byte.79="y"
byte.79.quote=1
byte.79="y"
byte.7a.rv=1
byte.7a="z"
byte.7a.msb=1
byte.7a="z"
byte.7a.quote=1
byte.7a="z"
byte.7b.rv=1
byte.7b="{"
byte.7b.msb=1
byte.7b="{"
byte.7b.quote=1
byte.7b="{"
byte.7c.rv=1
byte.7c="|"
byte.7c.msb=1
byte.7c="|"
byte.7c.quote=1
byte.7c="|"
byte.7d.rv=1
byte.7d="}"
byte.7d.msb=1
byte.7d="}"
byte.7d.quote=1
byte.7d="}"
byte.7e.rv=1
byte.7e="~"
byte.7e.msb=1
byte.7e="~"
byte.7e.quote=1
byte.7e="~"
byte.7f.rv=3
byte.7f="\7F"
byte.7f.msb=1
byte.7f="."
byte.7f.quote=1
byte.7f="."
byte.80.rv=6
byte.80="\C2\80"
byte.80.msb=3
byte.80="\80"
byte.80.quote=1
byte.80="."
byte.81.rv=6
byte.81="\C2\81"
byte.81.msb=3
byte.81="\81"
byte.81.quote=1
byte.81="."
byte.82.rv=6
byte.82="\C2\82"
byte.82.msb=3
byte.82="\82"
byte.82.quote=1
byte.82="."
byte.83.rv=6
byte.83="\C2\83"
byte.83.msb=3
byte.83="\83"
byte.83.quote=1
byte.83="."
byte.84.rv=6
byte.84="\C2\84"
byte.84.msb=3
byte.84="\84"
byte.84.quote=1
byte.84="."
byte.85.rv=6
byte.85="\C2\85"
byte.85.msb=3
byte.85="\85"
byte.85.quote=1
byte.85="."
byte.86.rv=6
byte.86="\C2\86"
byte.86.msb=3
byte.86="\86"
byte.86.quote=1
byte.86="."
byte.87.rv=6
byte.87="\C2\87"
byte.87.msb=3
byte.87="\87"
byte.87.quote=1
byte.87="."
byte.88.rv=6
byte.88="\C2\88"
byte.88.msb=3
byte.88="\88"
byte.88.quote=1
byte.88="."
byte.89.rv=6
byte.89="\C2\89"
byte.89.msb=3
byte.89="\89"
byte.89.quote=1
byte.89="."
byte.8a.rv=6
byte.8a="\C2\8A"
byte.8a.msb=3
byte.8a="\8A"
byte.8a.quote=1
byte.8a="."
byte.8b.rv=6
byte.8b="\C2\8B"
byte.8b.msb=3
byte.8b="\8B"
byte.8b.quote=1
byte.8b="."
byte.8c.rv=6
byte.8c="\C2\8C"
byte.8c.msb=3
byte.8c="\8C"
byte.8c.quote=1
byte.8c="."
byte.8d.rv=6
byte.8d="\C2\8D"
byte.8d.msb=3
byte.8d="\8D"
byte.8d.quote=1
byte.8d="."
byte.8e.rv=6
byte.8e="\C2\8E"
byte.8e.msb=3
byte.8e="\8E"
byte.8e.quote=1
byte.8e="."
byte.8f.rv=6
byte.8f="\C2\8F"
byte.8f.msb=3
byte.8f="\8F"
byte.8f.quote=1
byte.8f="."
byte.90.rv=6
byte.90="\C2\90"
byte.90.msb=3
byte.90="\90"
byte.90.quote=1
byte.90="."
byte.91.rv=6
byte.91="\C2\91"
byte.91.msb=3
byte.91="\91"
byte.91.quote=1
byte.91="."
byte.92.rv=6
byte.92="\C2\92"
byte.92.msb=3
byte.92="\92"
byte.92.quote=1
byte.92="."
byte.93.rv=6
byte.93="\C2\93"
byte.93.msb=3
byte.93="\93"
byte.93.quote=1
byte.93="."
byte.94.rv=6
byte.94="\C2\94"
byte.94.msb=3
byte.94="\94"
byte.94.quote=1
byte.94="."
byte.95.rv=6
byte.95="\C2\95"
byte.95.msb=3
byte.95="\95"
byte.95.quote=1
byte.95="."
byte.96.rv=6
byte.96="\C2\96"
byte.96.msb=3
byte.96="\96"
byte.96.quote=1
byte.96="."
byte.97.rv=6
byte.97="\C2\97"
byte.97.msb=3
byte.97="\97"
byte.97.quote=1
byte.97="."
byte.98.rv=6
byte.98="\C2\98"
byte.98.msb=3
byte.98="\98"
byte.98.quote=1
byte.98="."
byte.99.rv=6
byte.99="\C2\99"
byte.99.msb=3
byte.99="\99"
byte.99.quote=1
byte.99="."
byte.9a.rv=6
byte.9a="\C2\9A"
byte.9a.msb=3
byte.9a="\9A"
byte.9a.quote=1
byte.9a="."
byte.9b.rv=6
byte.9b="\C2\9B"
byte.9b.msb=3
byte.9b="\9B"
byte.9b.quote=1
byte.9b="."
byte.9c.rv=6
byte.9c="\C2\9C"
byte.9c.msb=3
byte.9c="\9C"
byte.9c.quote=1
byte.9c="."
byte.9d.rv=6
byte.9d="\C2\9D"
byte.9d.msb=3
byte.9d="\9D"
byte.9d.quote=1
byte.9d="."
byte.9e.rv=6
byte.9e="\C2\9E"
byte.9e.msb=3
byte.9e="\9E"
byte.9e.quote=1
byte.9e="."
byte.9f.rv=6
byte.9f="\C2\9F"
byte.9f.msb=3
byte.9f="\9F"
byte.9f.quote=1
byte.9f="."
byte.a0.rv=6
byte.a0="\C2\A0"
byte.a0.msb=3
byte.a0="\A0"
byte.a0.quote=1
byte.a0="."
byte.a1.rv=6
byte.a1="\C2\A1"
byte.a1.msb=3
byte.a1="\A1"
byte.a1.quote=1
byte.a1="."
byte.a2.rv=6
byte.a2="\C2\A2"
byte.a2.msb=3
byte.a2="\A2"
byte.a2.quote=1
byte.a2="."
byte.a3.rv=6
byte.a3="\C2\A3"
byte.a3.msb=3
byte.a3="\A3"
byte.a3.quote=1
byte.a3="."
byte.a4.rv=6
byte.a4="\C2\A4"
byte.a4.msb=3
byte.a4="\A4"
byte.a4.quote=1
byte.a4="."
byte.a5.rv=6
byte.a5="\C2\A5"
byte.a5.msb=3
byte.a5="\A5"
byte.a5.quote=1
byte.a5="."
byte.a6.rv=6
byte.a6="\C2\A6"
byte.a6.msb=3
byte.a6="\A6"
byte.a6.quote=1
byte.a6="."
byte.a7.rv=6
byte.a7="\C2\A7"
byte.a7.msb=3
byte.a7="\A7"
byte.a7.quote=1
byte.a7="."
byte.a8.rv=6
byte.a8="\C2\A8"
byte.a8.msb=3
byte.a8="\A8"
byte.a8.quote=1
byte.a8="."
byte.a9.rv=6
byte.a9="\C2\A9"
byte.a9.msb=3
byte.a9="\A9"
byte.a9.quote=1
byte.a9="."
byte.aa.rv=6
byte.aa="\C2\AA"
byte.aa.msb=3
byte.aa="\AA"
byte.aa.quote=1
byte.aa="."
byte.ab.rv=6
byte.ab="\C2\AB"
byte.ab.msb=3
byte.ab="\AB"
byte.ab.quote=1
byte.ab="."
byte.ac.rv=6
byte.ac="\C2\AC"
byte.ac.msb=3
byte.ac="\AC"
byte.ac.quote=1
byte.ac="."
byte.ad.rv=6
byte.ad="\C2\AD"
byte.ad.msb=3
byte.ad="\AD"
byte.ad.quote=1
byte.ad="."
byte.ae.rv=6
byte.ae="\C2\AE"
byte.ae.msb=3
byte.ae="\AE"
byte.ae.quote=1
byte.ae="."
byte.af.rv=6
byte.af="\C2\AF"
byte.af.msb=3
byte.af="\AF"
byte.af.quote=1
byte.af="."
byte.b0.rv=6
byte.b0="\C2\B0"
byte.b0.msb=3
byte.b0="\B0"
byte.b0.quote=1
byte.b0="."
byte.b1.rv=6
byte.b1="\C2\B1"
byte.b1.msb=3
byte.b1="\B1"
byte.b1.quote=1
byte.b1="."
byte.b2.rv=6
byte.b2="\C2\B2"
byte.b2.msb=3
byte.b2="\B2"
byte.b2.quote=1
byte.b2="."
byte.b3.rv=6
byte.b3="\C2\B3"
byte.b3.msb=3
byte.b3="\B3"
byte.b3.quote=1
byte.b3="."
byte.b4.rv=6
byte.b4="\C2\B4"
byte.b4.msb=3
byte.b4="\B4"
byte.b4.quote=1
byte.b4="."
byte.b5.rv=6
byte.b5="\C2\B5"
byte.b5.msb=3
byte.b5="\B5"
byte.b5.quote=1
byte.b5="."
byte.b6.rv=6
byte.b6="\C2\B6"
byte.b6.msb=3
byte.b6="\B6"
byte.b6.quote=1
byte.b6="."
byte.b7.rv=6
byte.b7="\C2\B7"
byte.b7.msb=3
byte.b7="\B7"
byte.b7.quote=1
byte.b7="."
byte.b8.rv=6
byte.b8="\C2\B8"
byte.b8.msb=3
byte.b8="\B8"
byte.b8.quote=1
byte.b8="."
byte.b9.rv=6
byte.b9="\C2\B9"
byte.b9.msb=3
byte.b9="\B9"
byte.b9.quote=1
byte.b9="."
byte.ba.rv=6
byte.ba="\C2\BA"
byte.ba.msb=3
byte.ba="\BA"
byte.ba.quote=1
byte.ba="."
byte.bb.rv=6
byte.bb="\C2\BB"
byte.bb.msb=3
byte.bb="\BB"
byte.bb.quote=1
byte.bb="."
byte.bc.rv=6
byte.bc="\C2\BC"
byte.bc.msb=3
byte.bc="\BC"
byte.bc.quote=1
byte.bc="."
byte.bd.rv=6
byte.bd="\C2\BD"
byte.bd.msb=3
byte.bd="\BD"
byte.bd.quote=1
byte.bd="."
byte.be.rv=6
byte.be="\C2\BE"
byte.be.msb=3
byte.be="\BE"
byte.be.quote=1
byte.be="."
byte.bf.rv=6
byte.bf="\C2\BF"
byte.bf.msb=3
byte.bf="\BF"
byte.bf.quote=1
byte.bf="."
byte.c0.rv=6
byte.c0="\C3\80"
byte.c0.msb=3
byte.c0="\C0"
byte.c0.quote=1
byte.c0="."
byte.c1.rv=6
byte.c1="\C3\81"
byte.c1.msb=3
byte.c1="\C1"
byte.c1.quote=1
byte.c1="."
byte.c2.rv=6
byte.c2="\C3\82"
byte.c2.msb=3
byte.c2="\C2"
byte.c2.quote=1
byte.c2="."
byte.c3.rv=6
byte.c3="\C3\83"
byte.c3.msb=3
byte.c3="\C3"
byte.c3.quote=1
byte.c3="."
byte.c4.rv=6
byte.c4="\C3\84"
byte.c4.msb=3
byte.c4="\C4"
byte.c4.quote=1
byte.c4="."
byte.c5.rv=6
byte.c5="\C3\85"
byte.c5.msb=3
byte.c5="\C5"
byte.c5.quote=1
byte.c5="."
byte.c6.rv=6
byte.c6="\C3\86"
byte.c6.msb=3
byte.c6="\C6"
byte.c6.quote=1
byte.c6="."
byte.c7.rv=6
byte.c7="\C3\87"
byte.c7.msb=3
byte.c7="\C7"
byte.c7.quote=1
byte.c7="."
byte.c8.rv=6
byte.c8="\C3\88"
byte.c8.msb=3
byte.c8="\C8"
byte.c8.quote=1
byte.c8="."
byte.c9.rv=6
byte.c9="\C3\89"
byte.c9.msb=3
byte.c9="\C9"
byte.c9.quote=1
byte.c9="."
byte.ca.rv=6
byte.ca="\C3\8A"
byte.ca.msb=3
byte.ca="\CA"
byte.ca.quote=1
byte.ca="."
byte.cb.rv=6
byte.cb="\C3\8B"
byte.cb.msb=3
byte.cb="\CB"
byte.cb.quote=1
byte.cb="."
byte.cc.rv=6
byte.cc="\C3\8C"
byte.cc.msb=3
byte.cc="\CC"
byte.cc.quote=1
byte.cc="."
byte.cd.rv=6
byte.cd="\C3\8D"
byte.cd.msb=3
byte.cd="\CD"
byte.cd.quote=1
byte.cd="."
byte.ce.rv=6
byte.ce="\C3\8E"
byte.ce.msb=3
byte.ce="\CE"
byte.ce.quote=1
byte.ce="."
byte.cf.rv=6
byte.cf="\C3\8F"
byte.cf.msb=3
byte.cf="\CF"
byte.cf.quote=1
byte.cf="."
byte.d0.rv=6
byte.d0="\C3\90"
byte.d0.msb=3
byte.d0="\D0"
byte.d0.quote=1
byte.d0="."
byte.d1.rv=6
byte.d1="\C3\91"
byte.d1.msb=3
byte.d1="\D1"
byte.d1.quote=1
byte.d1="."
byte.d2.rv=6
byte.d2="\C3\92"
byte.d2.msb=3
byte.d2="\D2"
byte.d2.quote=1
byte.d2="."
byte.d3.rv=6
byte.d3="\C3\93"
byte.d3.msb=3
byte.d3="\D3"
byte.d3.quote=1
byte.d3="."
byte.d4.rv=6
byte.d4="\C3\94"
byte.d4.msb=3
byte.d4="\D4"
byte.d4.quote=1
byte.d4="."
byte.d5.rv=6
byte.d5="\C3\95"
byte.d5.msb=3
byte.d5="\D5"
byte.d5.quote=1
byte.d5="."
byte.d6.rv=6
byte.d6="\C3\96"
byte.d6.msb=3
byte.d6="\D6"
byte.d6.quote=1
byte.d6="."
byte.d7.rv=6
byte.d7="\C3\97"
byte.d7.msb=3
byte.d7="\D7"
byte.d7.quote=1
byte.d7="."
byte.d8.rv=6
byte.d8="\C3\98"
byte.d8.msb=3
byte.d8="\D8"
byte.d8.quote=1
byte.d8="."
byte.d9.rv=6
byte.d9="\C3\99"
byte.d9.msb=3
byte.d9="\D9"
byte.d9.quote=1
byte.d9="."
byte.da.rv=6
byte.da="\C3\9A"
byte.da.msb=3
byte.da="\DA"
byte.da.quote=1
byte.da="."
byte.db.rv=6
byte.db="\C3\9B"
byte.db.msb=3
byte.db="\DB"
byte.db.quote=1
byte.db="."
byte.dc.rv=6
byte.dc="\C3\9C"
byte.dc.msb=3
byte.dc="\DC"
byte.dc.quote=1
byte.dc="."
byte.dd.rv=6
byte.dd="\C3\9D"
byte.dd.msb=3
byte.dd="\DD"
byte.dd.quote=1
byte.dd="."
byte.de.rv=6
byte.de="\C3\9E"
byte.de.msb=3
byte.de="\DE"
byte.de.quote=1
byte.de="."
byte.df.rv=6
byte.df="\C3\9F"
byte.df.msb=3
byte.df="\DF"
byte.df.quote=1
byte.df="."
byte.e0.rv=6
byte.e0="\C3\A0"
byte.e0.msb=3
byte.e0="\E0"
byte.e0.quote=1
byte.e0="."
byte.e1.rv=6
byte.e1="\C3\A1"
byte.e1.msb=3
byte.e1="\E1"
byte.e1.quote=1
byte.e1="."
byte.e2.rv=6
byte.e2="\C3\A2"
byte.e2.msb=3
byte.e2="\E2"
byte.e2.quote=1
byte.e2="."
byte.e3.rv=6
byte.e3="\C3\A3"
byte.e3.msb=3
byte.e3="\E3"
byte.e3.quote=1
byte.e3="."
byte.e4.rv=6
byte.e4="\C3\A4"
byte.e4.msb=3
byte.e4="\E4"
byte.e4.quote=1
byte.e4="."
byte.e5.rv=6
byte.e5="\C3\A5"
byte.e5.msb=3
byte.e5="\E5"
byte.e5.quote=1
byte.e5="."
byte.e6.rv=6
byte.e6="\C3\A6"
byte.e6.msb=3
byte.e6="\E6"
byte.e6.quote=1
byte.e6="."
byte.e7.rv=6
byte.e7="\C3\A7"
byte.e7.msb=3
byte.e7="\E7"
byte.e7.quote=1
byte.e7="."
byte.e8.rv=6
byte.e8="\C3\A8"
byte.e8.msb=3
byte.e8="\E8"
byte.e8.quote=1
byte.e8="."
byte.e9.rv=6
byte.e9="\C3\A9"
byte.e9.msb=3
byte.e9="\E9"
byte.e9.quote=1
byte.e9="."
byte.ea.rv=6
byte.ea="\C3\AA"
byte.ea.msb=3
byte.ea="\EA"
byte.ea.quote=1
byte.ea="."
byte.eb.rv=6
byte.eb="\C3\AB"
byte.eb.msb=3
byte.eb="\EB"
byte.eb.quote=1
byte.eb="."
byte.ec.rv=6
byte.ec="\C3\AC"
byte.ec.msb=3
byte.ec="\EC"
byte.ec.quote=1
byte.ec="."
byte.ed.rv=6
byte.ed="\C3\AD"
byte.ed.msb=3
byte.ed="\ED"
byte.ed.quote=1
byte.ed="."
byte.ee.rv=6
byte.ee="\C3\AE"
byte.ee.msb=3
byte.ee="\EE"
byte.ee.quote=1
byte.ee="."
byte.ef.rv=6
byte.ef="\C3\AF"
byte.ef.msb=3
byte.ef="\EF"
byte.ef.quote=1
byte.ef="."
byte.f0.rv=6
byte.f0="\C3\B0"
byte.f0.msb=3
byte.f0="\F0"
byte.f0.quote=1
byte.f0="."
byte.f1.rv=6
byte.f1="\C3\B1"
byte.f1.msb=3
byte.f1="\F1"
byte.f1.quote=1
byte.f1="."
byte.f2.rv=6
byte.f2="\C3\B2"
byte.f2.msb=3
byte.f2="\F2"
byte.f2.quote=1
byte.f2="."
byte.f3.rv=6
byte.f3="\C3\B3"
byte.f3.msb=3
byte.f3="\F3"
byte.f3.quote=1
byte.f3="."
byte.f4.rv=6
byte.f4="\C3\B4"
byte.f4.msb=3
byte.f4="\F4"
byte.f4.quote=1
byte.f4="."
byte.f5.rv=6
byte.f5="\C3\B5"
byte.f5.msb=3
byte.f5="\F5"
byte.f5.quote=1
byte.f5="."
byte.f6.rv=6
byte.f6="\C3\B6"
byte.f6.msb=3
byte.f6="\F6"
byte.f6.quote=1
byte.f6="."
byte.f7.rv=6
byte.f7="\C3\B7"
byte.f7.msb=3
byte.f7="\F7"
byte.f7.quote=1
byte.f7="."
byte.f8.rv=6
byte.f8="\C3\B8"
byte.f8.msb=3
byte.f8="\F8"
byte.f8.quote=1
byte.f8="."
byte.f9.rv=6
byte.f9="\C3\B9"
byte.f9.msb=3
byte.f9="\F9"
byte.f9.quote=1
byte.f9="."
byte.fa.rv=6
byte.fa="\C3\BA"
byte.fa.msb=3
byte.fa="\FA"
byte.fa.quote=1
byte.fa="."
byte.fb.rv=6
byte.fb="\C3\BB"
byte.fb.msb=3
byte.fb="\FB"
byte.fb.quote=1
byte.fb="."
byte.fc.rv=6
byte.fc="\C3\BC"
byte.fc.msb=3
byte.fc="\FC"
byte.fc.quote=1
byte.fc="."
byte.fd.rv=6
byte.fd="\C3\BD"
byte.fd.msb=3
byte.fd="\FD"
byte.fd.quote=1
byte.fd="."
byte.fe.rv=6
byte.fe="\C3\BE"
byte.fe.msb=3
byte.fe="\FE"
byte.fe.quote=1
byte.fe="."
byte.ff.rv=6
byte.ff="\C3\BF"
byte.ff.msb=3
byte.ff="\FF"
byte.ff.quote=1
byte.ff="."
fp.rv=6
fp.len=6
fp="a b\,c"
fp.null=6
toutf8.printable.rv=5
printable=68656c6c6f
toutf8.err=<empty>
toutf8.ia5.rv=5
ia5=68656c6c6f
toutf8.err=<empty>
toutf8.t61_high.rv=4
t61_high=61c3a962
toutf8.err=<empty>
toutf8.numeric.rv=5
numeric=3132203334
toutf8.err=<empty>
toutf8.utctime.rv=13
utctime=3230303130313030303030305a
toutf8.err=<empty>
toutf8.generic_time.rv=15
generic_time=32303230303130313030303030305a
toutf8.err=<empty>
toutf8.utf8_euro.rv=5
utf8_euro=61e282ac62
toutf8.err=<empty>
toutf8.utf8_four.rv=4
utf8_four=f09f9880
toutf8.err=<empty>
toutf8.utf8_bad.rv=-1
utf8_bad=<null>
toutf8.err=invalid utf8string[]
toutf8.bmp.rv=4
bmp=41e282ac
toutf8.err=<empty>
toutf8.univ.rv=4
univ=41e282ac
toutf8.err=<empty>
toutf8.empty.rv=0
empty=
toutf8.err=<empty>
toutf8.octet.rv=-1
octet=<null>
toutf8.err=<empty>
toutf8.boolean.rv=-1
boolean=<null>
toutf8.err=<empty>
toutf8.null_in.rv=0
null_in=
toutf8.err=<empty>
toutf8.null_in=-1
toutf8.null_out_ptr=1
toutf8.type_31.rv=-1
type_31=<null>
toutf8.err=<empty>
toutf8.type_minus_one.rv=-1
type_minus_one=<null>
toutf8.err=<empty>
mask.printable.rv=1
mask.printable.mask=2
mask.err=<empty>
mask.printable_lower.rv=1
mask.printable_lower.mask=2
mask.err=<empty>
mask.mixed_case.rv=1
mask.mixed_case.mask=2
mask.err=<empty>
mask.dir.rv=1
mask.dir.mask=10502
mask.err=<empty>
mask.dir_lower.rv=0
mask.dir_lower.mask=0
mask.err=<empty>
mask.dir_extra.rv=0
mask.dir_extra.mask=0
mask.err=<empty>
mask.two.rv=1
mask.two.mask=18
mask.err=<empty>
mask.three.rv=1
mask.three.mask=22
mask.err=<empty>
mask.spaces.rv=0
mask.spaces.mask=0
mask.err=<empty>
mask.leading_sep.rv=0
mask.leading_sep.mask=0
mask.err=<empty>
mask.trailing_sep.rv=0
mask.trailing_sep.mask=2
mask.err=<empty>
mask.empty.rv=0
mask.empty.mask=0
mask.err=<empty>
mask.only_sep.rv=0
mask.only_sep.mask=0
mask.err=<empty>
mask.unknown.rv=0
mask.unknown.mask=0
mask.err=<empty>
mask.unknown_first.rv=0
mask.unknown_first.mask=0
mask.err=<empty>
mask.unknown_second.rv=0
mask.unknown_second.mask=2
mask.err=<empty>
mask.modifier_exp.rv=0
mask.modifier_exp.mask=0
mask.err=<empty>
mask.modifier_imp.rv=0
mask.modifier_imp.mask=0
mask.err=<empty>
mask.modifier_wrap.rv=0
mask.modifier_wrap.mask=0
mask.err=<empty>
mask.sequence.rv=1
mask.sequence.mask=65536
mask.err=<empty>
mask.set.rv=0
mask.set.mask=0
mask.err=<empty>
mask.null.rv=0
mask.null.mask=0
mask.err=<empty>
mask.bool.rv=0
mask.bool.mask=0
mask.err=<empty>
mask.integer.rv=0
mask.integer.mask=0
mask.err=<empty>
mask.object.rv=0
mask.object.mask=0
mask.err=<empty>
mask.all_strings.rv=1
mask.all_strings.mask=10519
mask.err=<empty>
mask.dup.rv=1
mask.dup.mask=2
mask.err=<empty>
mask.utctime.rv=1
mask.utctime.mask=16384
mask.err=<empty>
mask.gentime.rv=1
mask.gentime.mask=32768
mask.err=<empty>
mask.bitstring.rv=1
mask.bitstring.mask=1024
mask.err=<empty>
mask.octetstring.rv=1
mask.octetstring.mask=512
mask.err=<empty>
mask.teletex.rv=1
mask.teletex.mask=4
mask.err=<empty>
mask.genstr.rv=1
mask.genstr.mask=128
mask.err=<empty>
mask.visible.rv=1
mask.visible.mask=64
mask.err=<empty>
mask.long_name.rv=1
mask.long_name.mask=2
mask.err=<empty>
mask.too_long.rv=0
mask.too_long.mask=0
mask.err=<empty>
mask.lower_dir_prefix.rv=0
mask.lower_dir_prefix.mask=0
mask.err=<empty>
mask.star.rv=0
mask.star.mask=0
mask.err=<empty>
mask.nbsp.rv=0
mask.nbsp.mask=0
mask.err=<empty>
done=1
