FRF-MUTANT:stdout-first-line:transcript.sha256=601538be075a8625692168a70aac9dceff4464249a9ee0c9d885f3b25ffb68a7
case.0.argv=errstr 0x03000041 0x0308010C 0x0A000041 1 0x00000000 nothex
case.0.exit=1
case.0.stdout=error:03000041:digital envelope routines::reason(65)|error:0308010C:digital envelope routines::unsupported|error:0A000041:SSL routines::reason(65)|error:00000001:lib(0)::reason(1)|error:00000000:lib(0)::reason(0)|
case.0.stderr=
case.1.argv=errstr
case.1.exit=0
case.1.stdout=
case.1.stderr=
case.2.argv=errstr 0x00000000
case.2.exit=0
case.2.stdout=error:00000000:lib(0)::reason(0)|
case.2.stderr=
case.3.argv=info -dsoext
case.3.exit=0
case.3.stdout=.so|
case.3.stderr=
case.4.argv=info -dirnamesep
case.4.exit=0
case.4.stdout=/|
case.4.stderr=
case.5.argv=info -listsep
case.5.exit=0
case.5.stdout=:|
case.5.stderr=
case.6.argv=info -windowscontext
case.6.exit=0
case.6.stdout=Undefined|
case.6.stderr=
case.7.argv=info
case.7.exit=1
case.7.stdout=
case.7.stderr=info: No items chosen|info: Use -help for summary.|
case.8.argv=info -dsoext -listsep
case.8.exit=1
case.8.stdout=
case.8.stderr=info: Only one item allowed|info: Use -help for summary.|
case.9.argv=prime 97
case.9.exit=0
case.9.stdout=61 (97) is prime|
case.9.stderr=
case.10.argv=prime -hex 0xFF
case.10.exit=0
case.10.stdout=
case.10.stderr=Failed to process value (0xFF)|
case.11.argv=prime abc
case.11.exit=0
case.11.stdout=
case.11.stderr=Failed to process value (abc)|
case.12.argv=prime
case.12.exit=1
case.12.stdout=
case.12.stderr=Missing number (s) to check|prime: Use -help for summary.|
case.13.argv=prime -generate
case.13.exit=1
case.13.stdout=
case.13.stderr=Specify the number of bits.|
case.14.argv=skeyutl
case.14.exit=1
case.14.stdout=
case.14.stderr=Either -skeymgmt -or -cipher option should be specified|
case.15.argv=skeyutl -genkey
case.15.exit=1
case.15.stdout=
case.15.stderr=Either -skeymgmt -or -cipher option should be specified|
case.16.argv=skeyutl -skeymgmt foo
case.16.exit=1
case.16.stdout=
case.16.stderr=Key generation is the only supported operation as of now|
case.17.argv=configutl -config /work/courts/phase17/fixtures/configutl.cnf -noheader
case.17.exit=0
case.17.stdout=HOME = .|alpha = 1|beta = two words|backslash = a\b|hash = a||[alpha]|first = no|spaced = " "x" "||[zeta]|last = yes|
case.17.stderr=
case.18.argv=configutl -config /work/courts/phase17/fixtures/configutl.cnf
case.18.exit=0
case.18.stdout=# This configuration file was linearized and expanded from /work/courts/phase17/fixtures/configutl.cnf|HOME = .|alpha = 1|beta = two words|backslash = a\b|hash = a||[alpha]|first = no|spaced = " "x" "||[zeta]|last = yes|
case.18.stderr=
case.19.argv=pkeyparam -in /work/courts/phase17/fixtures/dhparams.pem
case.19.exit=0
case.19.stdout=-----BEGIN DH PARAMETERS-----|MIGHAoGBANbtqnwjHSC1EIivUM8e2xuSgG1k4LfetWkRNvjf0k+RBKGdtkbCH/0w|Jcdt1v4vC1WeMTFMFEZTEwp0e4LyoD5WQbU76ndlOKXiqSCOwH1v/URH604q0eFP|gXDfnSLoKLqSDjLRkfbBfpyJVrgxqQxMHXXkQxDH2SfBnq6pouizAgEC|-----END DH PARAMETERS-----|
case.19.stderr=
case.20.argv=pkeyparam -in /work/courts/phase17/fixtures/dhparams.pem -noout
case.20.exit=0
case.20.stdout=
case.20.stderr=
case.21.argv=pkeyparam -in /work/courts/phase17/fixtures/dhparams.pem -text
case.21.exit=0
case.21.stdout=-----BEGIN DH PARAMETERS-----|MIGHAoGBANbtqnwjHSC1EIivUM8e2xuSgG1k4LfetWkRNvjf0k+RBKGdtkbCH/0w|Jcdt1v4vC1WeMTFMFEZTEwp0e4LyoD5WQbU76ndlOKXiqSCOwH1v/URH604q0eFP|gXDfnSLoKLqSDjLRkfbBfpyJVrgxqQxMHXXkQxDH2SfBnq6pouizAgEC|-----END DH PARAMETERS-----|DH Parameters: (1024 bit)|P:   |    00:d6:ed:aa:7c:23:1d:20:b5:10:88:af:50:cf:1e:|    db:1b:92:80:6d:64:e0:b7:de:b5:69:11:36:f8:df:|    d2:4f:91:04:a1:9d:b6:46:c2:1f:fd:30:25:c7:6d:|    d6:fe:2f:0b:55:9e:31:31:4c:14:46:53:13:0a:74:|    7b:82:f2:a0:3e:56:41:b5:3b:ea:77:65:38:a5:e2:|    a9:20:8e:c0:7d:6f:fd:44:47:eb:4e:2a:d1:e1:4f:|    81:70:df:9d:22:e8:28:ba:92:0e:32:d1:91:f6:c1:|    7e:9c:89:56:b8:31:a9:0c:4c:1d:75:e4:43:10:c7:|    d9:27:c1:9e:ae:a9:a2:e8:b3|G:    2 (0x2)|
case.21.stderr=
case.22.argv=pkeyparam -in /work/courts/phase17/fixtures/dhparams.pem -check
case.22.exit=0
case.22.stdout=Parameters are valid|-----BEGIN DH PARAMETERS-----|MIGHAoGBANbtqnwjHSC1EIivUM8e2xuSgG1k4LfetWkRNvjf0k+RBKGdtkbCH/0w|Jcdt1v4vC1WeMTFMFEZTEwp0e4LyoD5WQbU76ndlOKXiqSCOwH1v/URH604q0eFP|gXDfnSLoKLqSDjLRkfbBfpyJVrgxqQxMHXXkQxDH2SfBnq6pouizAgEC|-----END DH PARAMETERS-----|
case.22.stderr=
case.23.argv=nseq -toseq -in /work/courts/phase17/fixtures/certs.pem
case.23.exit=0
case.23.stdout=-----BEGIN CERTIFICATE-----|MIIBigYJYIZIAYb4QgIFoIIBezCCAXcwggFzMIIBHQIUSqQyz3GrSp901+Uimip0|No5T9OEwDQYJKoZIhvcNAQEEBQAwOjELMAkGA1UEBhMCQVUxDDAKBgNVBAgMA1FM|RDEdMBsGA1UEAwwUU1NMZWF5IHJzYSB0ZXN0IGNlcnQwIBcNMjAwNzMxMTcxMzQ1|WhgPMjEyMDA3MDcxNzEzNDVaMDoxCzAJBgNVBAYTAkFVMQwwCgYDVQQIDANRTEQx|HTAbBgNVBAMMFFNTTGVheSByc2EgdGVzdCBjZXJ0MFwwDQYJKoZIhvcNAQEBBQAD|SwAwSAJBANRkqBhIy4l2LDZohAgbgsO+b0dtSfInKPpaA+SnD3x1UpOPSOjcXqf9|7dqdjO9Kk6I+RO6/DbT3KyXMmzjRJ/sCAwEAATANBgkqhkiG9w0BAQQFAANBAFXV|tAC/Iu8lCs23tYQqaj+KeKDCOy9BjB2fGZXrNaGqlBmajzr+LG6ZRrrNOWr7Lj7C|KIWeAxnsG3Q7vr02XPE=|-----END CERTIFICATE-----|
case.23.stderr=
case.24.argv=nseq -in /work/courts/phase17/fixtures/seq.pem
case.24.exit=0
case.24.stdout=subject=C=AU, ST=QLD, CN=SSLeay rsa test cert|issuer=C=AU, ST=QLD, CN=SSLeay rsa test cert|-----BEGIN CERTIFICATE-----|MIIBczCCAR0CFEqkMs9xq0qfdNflIpoqdDaOU/ThMA0GCSqGSIb3DQEBBAUAMDox|CzAJBgNVBAYTAkFVMQwwCgYDVQQIDANRTEQxHTAbBgNVBAMMFFNTTGVheSByc2Eg|dGVzdCBjZXJ0MCAXDTIwMDczMTE3MTM0NVoYDzIxMjAwNzA3MTcxMzQ1WjA6MQsw|CQYDVQQGEwJBVTEMMAoGA1UECAwDUUxEMR0wGwYDVQQDDBRTU0xlYXkgcnNhIHRl|c3QgY2VydDBcMA0GCSqGSIb3DQEBAQUAA0sAMEgCQQDUZKgYSMuJdiw2aIQIG4LD|vm9HbUnyJyj6WgPkpw98dVKTj0jo3F6n/e3anYzvSpOiPkTuvw209yslzJs40Sf7|AgMBAAEwDQYJKoZIhvcNAQEEBQADQQBV1bQAvyLvJQrNt7WEKmo/inigwjsvQYwd|nxmV6zWhqpQZmo86/ixumUa6zTlq+y4+wiiFngMZ7Bt0O769Nlzx|-----END CERTIFICATE-----|
case.24.stderr=
case.25.argv=crl2pkcs7 -nocrl -certfile /work/courts/phase17/fixtures/certs.pem
case.25.exit=0
case.25.stdout=-----BEGIN PKCS7-----|MIIBogYJKoZIhvcNAQcCoIIBkzCCAY8CAQExADALBgkqhkiG9w0BBwGgggF3MIIB|czCCAR0CFEqkMs9xq0qfdNflIpoqdDaOU/ThMA0GCSqGSIb3DQEBBAUAMDoxCzAJ|BgNVBAYTAkFVMQwwCgYDVQQIDANRTEQxHTAbBgNVBAMMFFNTTGVheSByc2EgdGVz|dCBjZXJ0MCAXDTIwMDczMTE3MTM0NVoYDzIxMjAwNzA3MTcxMzQ1WjA6MQswCQYD|VQQGEwJBVTEMMAoGA1UECAwDUUxEMR0wGwYDVQQDDBRTU0xlYXkgcnNhIHRlc3Qg|Y2VydDBcMA0GCSqGSIb3DQEBAQUAA0sAMEgCQQDUZKgYSMuJdiw2aIQIG4LDvm9H|bUnyJyj6WgPkpw98dVKTj0jo3F6n/e3anYzvSpOiPkTuvw209yslzJs40Sf7AgMB|AAEwDQYJKoZIhvcNAQEEBQADQQBV1bQAvyLvJQrNt7WEKmo/inigwjsvQYwdnxmV|6zWhqpQZmo86/ixumUa6zTlq+y4+wiiFngMZ7Bt0O769NlzxMQA=|-----END PKCS7-----|
case.25.stderr=
case.26.argv=ciphers -convert TLS_AES_256_GCM_SHA384
case.26.exit=0
case.26.stdout=OpenSSL cipher name: TLS_AES_256_GCM_SHA384|
case.26.stderr=
case.27.argv=ciphers -convert ECDHE-RSA-AES256-GCM-SHA384
case.27.exit=0
case.27.stdout=OpenSSL cipher name: (NONE)|
case.27.stderr=
case.28.argv=ciphers -convert NOPE
case.28.exit=0
case.28.stdout=OpenSSL cipher name: (NONE)|
case.28.stderr=
case.29.argv=sess_id -in /work/courts/phase17/fixtures/session.pem
case.29.exit=0
case.29.stdout=-----BEGIN SSL SESSION PARAMETERS-----|MIIGqQIBAQICAwMEAsAwBCABkpk0q01VEnPtcNWLtYg1xZJLreP0C1r4wPOakiLu|8AQwi0opOLa+Omt26PqbLUcmI1H7F/n7qRy6TaL9Lxf2/ZBUDgRG3aSuSejO+gki|F2U9oQYCBFR6XVaiBAICASyjggVjMIIFXzCCBEegAwIBAgIQNdDRF5hINFi7kAeK|0fP5FjANBgkqhkiG9w0BAQUFADBBMQswCQYDVQQGEwJGUjESMBAGA1UEChMJR0FO|REkgU0FTMR4wHAYDVQQDExVHYW5kaSBTdGFuZGFyZCBTU0wgQ0EwHhcNMTMxMjMx|MDAwMDAwWhcNMTQxMjMxMjM1OTU5WjBYMSEwHwYDVQQLExhEb21haW4gQ29udHJv|bCBWYWxpZGF0ZWQxGzAZBgNVBAsTEkdhbmRpIFN0YW5kYXJkIFNTTDEWMBQGA1UE|AxMNZGIuZGViaWFuLm9yZzCCAaIwDQYJKoZIhvcNAQEBBQADggGPADCCAYoCggGB|AN/7DlZZKR5SELzF7rdn6LWxuebpVyFu1eXltzxi+Mig9cR0ZZD3hp0JcUresABO|zE66AuhGtcFus/J/88CGM2r39u3n5ac5O/4Ypp57997YJRV725dL4oX75Vpc4p8j|EI/LyIFteZN22ziv9zW7qCKKahnq1tuqDkV+84BEARpVdIaaWmn/KqsEgxeNKomy|OLvn96IVCTAF78rudPmJHfSCl++NFmg0yu7DPyuXf8YJfA6j8/kFueanK2B1y/ww|8MSbL3iAdgLwVtRJkwRYyKn8p5+ybwzX9L36GWgYs9OXUn8x494T5GjbGQVxUNt7|qJnRtiUwYVoiOARrv1EI0Cq4ANXVaLDckc5y0a2PY3c4NWVlKGYbdxdQC1n6nH93|mWDIr6vu7JX3CqDDr8FBlNVVtiBiv0q/eiVb9dzBzOntt3hA6GOJFAuwDDf7g7nq|Gq8qqcr7EIyVB8ytQ5XMgtLCpmJkLzIdRYfdsQMa7cAbl0THAwwXigcotFA0aYIP|BQIDAQABo4IBujCCAbYwHwYDVR0jBBgwFoAUtqj/oqgv0KbNS7Fo8+dQEDGneSEw|HQYDVR0OBBYEFDJGWXznCu/+qyFLCmUI4cmXy1DCMA4GA1UdDwEB/wQEAwIFoDAM|BgNVHRMBAf8EAjAAMB0GA1UdJQQWMBQGCCsGAQUFBwMBBggrBgEFBQcDAjBgBgNV|HSAEWTBXMEsGCysGAQQBsjEBAgIaMDwwOgYIKwYBBQUHAgEWLmh0dHA6Ly93d3cu|Z2FuZGkubmV0L2NvbnRyYWN0cy9mci9zc2wvY3BzL3BkZi8wCAYGZ4EMAQIBMDwG|A1UdHwQ1MDMwMaAvoC2GK2h0dHA6Ly9jcmwuZ2FuZGkubmV0L0dhbmRpU3RhbmRh|cmRTU0xDQS5jcmwwagYIKwYBBQUHAQEEXjBcMDcGCCsGAQUFBzAChitodHRwOi8v|Y3J0LmdhbmRpLm5ldC9HYW5kaVN0YW5kYXJkU1NMQ0EuY3J0MCEGCCsGAQUFBzAB|hhVodHRwOi8vb2NzcC5nYW5kaS5uZXQwKwYDVR0RBCQwIoINZGIuZGViaWFuLm9y|Z4IRd3d3LmRiLmRlYmlhbi5vcmcwDQYJKoZIhvcNAQEFBQADggEBAK+ix7EQNPgU|qDx46gAPifcm6b2FvXq+gtlB9h6UaDDO7fxDzmoU5V4WtdBM5uvIfOmpeNuCxPaj|18cUlj9PPjL3eK43UCVu6w5hN3p2/2BPvFjQRhtBcIcEWsMal1DCtS/vCBkQt1lS|gd4/xiMfK4cQYtwRu47gB0HuM2lecYHA42EC5hqupY/2tHo54AdyU46TxgUQcm0e|icLtYuTjIYQWdUgM92heDw8caey5GKL2/TmYM2iWy/csFLm4tJAwPMtvy1KWdJQE|iqYIuI9Lb4/xOyjSwVNLIJmbEzE6Sds9sjxqEcU4CconTVJazvHZtnBRV8GiRYKa|d/xgQ6J+/Z2kAgQAqQQCAgEsqoHDBIHAPGxCacLRMYb3hbL3lRqQIfH3xoufIwKn|zOAIyjxH7GPZpI87/e93AF1uw6eyy+aWJM6G/71E8Ln1iQtZjrGkGQCjEcIrUhEk|Bgg93A28zly2zu2aBwi2yT4bUcyHxE3P3Q4R8xkQxrdWSMfCjCy9HKUViOENKET6|avKXF7lDT1iG/x8RtTHtFGYX4YcFVhdEqcqnZ7tw5sqkHG2D0gLzO2SETF9KPHCq|zAHQtw5r4Dgl+a+BGLczh6as4yIH+xH+swMCAQA=|-----END SSL SESSION PARAMETERS-----|
case.29.stderr=
case.30.argv=sess_id -in /work/courts/phase17/fixtures/session.pem -text
case.30.exit=0
case.30.stdout=SSL-Session:|    Protocol  : TLSv1.2|    Cipher    : ECDHE-RSA-AES256-GCM-SHA384|    Session-ID: 01929934AB4D551273ED70D58BB58835C5924BADE3F40B5AF8C0F39A9222EEF0|    Session-ID-ctx: |    Master-Key: 8B4A2938B6BE3A6B76E8FA9B2D47262351FB17F9FBA91CBA4DA2FD2F17F6FD90540E0446DDA4AE49E8CEFA092217653D|    PSK identity: None|    PSK identity hint: None|    SRP username: None|    TLS session ticket lifetime hint: 300 (seconds)|    TLS session ticket:|    0000 - 3c 6c 42 69 c2 d1 31 86-f7 85 b2 f7 95 1a 90 21   <lBi..1........!|    0010 - f1 f7 c6 8b 9f 23 02 a7-cc e0 08 ca 3c 47 ec 63   .....#......<G.c|    0020 - d9 a4 8f 3b fd ef 77 00-5d 6e c3 a7 b2 cb e6 96   ...;..w.]n......|    0030 - 24 ce 86 ff bd 44 f0 b9-f5 89 0b 59 8e b1 a4 19   $....D.....Y....|    0040 - 00 a3 11 c2 2b 52 11 24-06 08 3d dc 0d bc ce 5c   ....+R.$..=....\|    0050 - b6 ce ed 9a 07 08 b6 c9-3e 1b 51 cc 87 c4 4d cf   ........>.Q...M.|    0060 - dd 0e 11 f3 19 10 c6 b7-56 48 c7 c2 8c 2c bd 1c   ........VH...,..|    0070 - a5 15 88 e1 0d 28 44 fa-6a f2 97 17 b9 43 4f 58   .....(D.j....COX|    0080 - 86 ff 1f 11 b5 31 ed 14-66 17 e1 87 05 56 17 44   .....1..f....V.D|    0090 - a9 ca a7 67 bb 70 e6 ca-a4 1c 6d 83 d2 02 f3 3b   ...g.p....m....;|    00a0 - 64 84 4c 5f 4a 3c 70 aa-cc 01 d0 b7 0e 6b e0 38   d.L_J<p......k.8|    00b0 - 25 f9 af 81 18 b7 33 87-a6 ac e3 22 07 fb 11 fe   %.....3...."....||    Start Time: 1417305430|    Timeout   : 300 (sec)|    Verify return code: 0 (ok)|    Extended master secret: no|-----BEGIN SSL SESSION PARAMETERS-----|MIIGqQIBAQICAwMEAsAwBCABkpk0q01VEnPtcNWLtYg1xZJLreP0C1r4wPOakiLu|8AQwi0opOLa+Omt26PqbLUcmI1H7F/n7qRy6TaL9Lxf2/ZBUDgRG3aSuSejO+gki|F2U9oQYCBFR6XVaiBAICASyjggVjMIIFXzCCBEegAwIBAgIQNdDRF5hINFi7kAeK|0fP5FjANBgkqhkiG9w0BAQUFADBBMQswCQYDVQQGEwJGUjESMBAGA1UEChMJR0FO|REkgU0FTMR4wHAYDVQQDExVHYW5kaSBTdGFuZGFyZCBTU0wgQ0EwHhcNMTMxMjMx|MDAwMDAwWhcNMTQxMjMxMjM1OTU5WjBYMSEwHwYDVQQLExhEb21haW4gQ29udHJv|bCBWYWxpZGF0ZWQxGzAZBgNVBAsTEkdhbmRpIFN0YW5kYXJkIFNTTDEWMBQGA1UE|AxMNZGIuZGViaWFuLm9yZzCCAaIwDQYJKoZIhvcNAQEBBQADggGPADCCAYoCggGB|AN/7DlZZKR5SELzF7rdn6LWxuebpVyFu1eXltzxi+Mig9cR0ZZD3hp0JcUresABO|zE66AuhGtcFus/J/88CGM2r39u3n5ac5O/4Ypp57997YJRV725dL4oX75Vpc4p8j|EI/LyIFteZN22ziv9zW7qCKKahnq1tuqDkV+84BEARpVdIaaWmn/KqsEgxeNKomy|OLvn96IVCTAF78rudPmJHfSCl++NFmg0yu7DPyuXf8YJfA6j8/kFueanK2B1y/ww|8MSbL3iAdgLwVtRJkwRYyKn8p5+ybwzX9L36GWgYs9OXUn8x494T5GjbGQVxUNt7|qJnRtiUwYVoiOARrv1EI0Cq4ANXVaLDckc5y0a2PY3c4NWVlKGYbdxdQC1n6nH93|mWDIr6vu7JX3CqDDr8FBlNVVtiBiv0q/eiVb9dzBzOntt3hA6GOJFAuwDDf7g7nq|Gq8qqcr7EIyVB8ytQ5XMgtLCpmJkLzIdRYfdsQMa7cAbl0THAwwXigcotFA0aYIP|BQIDAQABo4IBujCCAbYwHwYDVR0jBBgwFoAUtqj/oqgv0KbNS7Fo8+dQEDGneSEw|HQYDVR0OBBYEFDJGWXznCu/+qyFLCmUI4cmXy1DCMA4GA1UdDwEB/wQEAwIFoDAM|BgNVHRMBAf8EAjAAMB0GA1UdJQQWMBQGCCsGAQUFBwMBBggrBgEFBQcDAjBgBgNV|HSAEWTBXMEsGCysGAQQBsjEBAgIaMDwwOgYIKwYBBQUHAgEWLmh0dHA6Ly93d3cu|Z2FuZGkubmV0L2NvbnRyYWN0cy9mci9zc2wvY3BzL3BkZi8wCAYGZ4EMAQIBMDwG|A1UdHwQ1MDMwMaAvoC2GK2h0dHA6Ly9jcmwuZ2FuZGkubmV0L0dhbmRpU3RhbmRh|cmRTU0xDQS5jcmwwagYIKwYBBQUHAQEEXjBcMDcGCCsGAQUFBzAChitodHRwOi8v|Y3J0LmdhbmRpLm5ldC9HYW5kaVN0YW5kYXJkU1NMQ0EuY3J0MCEGCCsGAQUFBzAB|hhVodHRwOi8vb2NzcC5nYW5kaS5uZXQwKwYDVR0RBCQwIoINZGIuZGViaWFuLm9y|Z4IRd3d3LmRiLmRlYmlhbi5vcmcwDQYJKoZIhvcNAQEFBQADggEBAK+ix7EQNPgU|qDx46gAPifcm6b2FvXq+gtlB9h6UaDDO7fxDzmoU5V4WtdBM5uvIfOmpeNuCxPaj|18cUlj9PPjL3eK43UCVu6w5hN3p2/2BPvFjQRhtBcIcEWsMal1DCtS/vCBkQt1lS|gd4/xiMfK4cQYtwRu47gB0HuM2lecYHA42EC5hqupY/2tHo54AdyU46TxgUQcm0e|icLtYuTjIYQWdUgM92heDw8caey5GKL2/TmYM2iWy/csFLm4tJAwPMtvy1KWdJQE|iqYIuI9Lb4/xOyjSwVNLIJmbEzE6Sds9sjxqEcU4CconTVJazvHZtnBRV8GiRYKa|d/xgQ6J+/Z2kAgQAqQQCAgEsqoHDBIHAPGxCacLRMYb3hbL3lRqQIfH3xoufIwKn|zOAIyjxH7GPZpI87/e93AF1uw6eyy+aWJM6G/71E8Ln1iQtZjrGkGQCjEcIrUhEk|Bgg93A28zly2zu2aBwi2yT4bUcyHxE3P3Q4R8xkQxrdWSMfCjCy9HKUViOENKET6|avKXF7lDT1iG/x8RtTHtFGYX4YcFVhdEqcqnZ7tw5sqkHG2D0gLzO2SETF9KPHCq|zAHQtw5r4Dgl+a+BGLczh6as4yIH+xH+swMCAQA=|-----END SSL SESSION PARAMETERS-----|
case.30.stderr=
case.31.argv=sess_id -in /work/courts/phase17/fixtures/session.pem -cert
case.31.exit=0
case.31.stdout=-----BEGIN CERTIFICATE-----|MIIFXzCCBEegAwIBAgIQNdDRF5hINFi7kAeK0fP5FjANBgkqhkiG9w0BAQUFADBB|MQswCQYDVQQGEwJGUjESMBAGA1UEChMJR0FOREkgU0FTMR4wHAYDVQQDExVHYW5k|aSBTdGFuZGFyZCBTU0wgQ0EwHhcNMTMxMjMxMDAwMDAwWhcNMTQxMjMxMjM1OTU5|WjBYMSEwHwYDVQQLExhEb21haW4gQ29udHJvbCBWYWxpZGF0ZWQxGzAZBgNVBAsT|EkdhbmRpIFN0YW5kYXJkIFNTTDEWMBQGA1UEAxMNZGIuZGViaWFuLm9yZzCCAaIw|DQYJKoZIhvcNAQEBBQADggGPADCCAYoCggGBAN/7DlZZKR5SELzF7rdn6LWxuebp|VyFu1eXltzxi+Mig9cR0ZZD3hp0JcUresABOzE66AuhGtcFus/J/88CGM2r39u3n|5ac5O/4Ypp57997YJRV725dL4oX75Vpc4p8jEI/LyIFteZN22ziv9zW7qCKKahnq|1tuqDkV+84BEARpVdIaaWmn/KqsEgxeNKomyOLvn96IVCTAF78rudPmJHfSCl++N|Fmg0yu7DPyuXf8YJfA6j8/kFueanK2B1y/ww8MSbL3iAdgLwVtRJkwRYyKn8p5+y|bwzX9L36GWgYs9OXUn8x494T5GjbGQVxUNt7qJnRtiUwYVoiOARrv1EI0Cq4ANXV|aLDckc5y0a2PY3c4NWVlKGYbdxdQC1n6nH93mWDIr6vu7JX3CqDDr8FBlNVVtiBi|v0q/eiVb9dzBzOntt3hA6GOJFAuwDDf7g7nqGq8qqcr7EIyVB8ytQ5XMgtLCpmJk|LzIdRYfdsQMa7cAbl0THAwwXigcotFA0aYIPBQIDAQABo4IBujCCAbYwHwYDVR0j|BBgwFoAUtqj/oqgv0KbNS7Fo8+dQEDGneSEwHQYDVR0OBBYEFDJGWXznCu/+qyFL|CmUI4cmXy1DCMA4GA1UdDwEB/wQEAwIFoDAMBgNVHRMBAf8EAjAAMB0GA1UdJQQW|MBQGCCsGAQUFBwMBBggrBgEFBQcDAjBgBgNVHSAEWTBXMEsGCysGAQQBsjEBAgIa|MDwwOgYIKwYBBQUHAgEWLmh0dHA6Ly93d3cuZ2FuZGkubmV0L2NvbnRyYWN0cy9m|ci9zc2wvY3BzL3BkZi8wCAYGZ4EMAQIBMDwGA1UdHwQ1MDMwMaAvoC2GK2h0dHA6|Ly9jcmwuZ2FuZGkubmV0L0dhbmRpU3RhbmRhcmRTU0xDQS5jcmwwagYIKwYBBQUH|AQEEXjBcMDcGCCsGAQUFBzAChitodHRwOi8vY3J0LmdhbmRpLm5ldC9HYW5kaVN0|YW5kYXJkU1NMQ0EuY3J0MCEGCCsGAQUFBzABhhVodHRwOi8vb2NzcC5nYW5kaS5u|ZXQwKwYDVR0RBCQwIoINZGIuZGViaWFuLm9yZ4IRd3d3LmRiLmRlYmlhbi5vcmcw|DQYJKoZIhvcNAQEFBQADggEBAK+ix7EQNPgUqDx46gAPifcm6b2FvXq+gtlB9h6U|aDDO7fxDzmoU5V4WtdBM5uvIfOmpeNuCxPaj18cUlj9PPjL3eK43UCVu6w5hN3p2|/2BPvFjQRhtBcIcEWsMal1DCtS/vCBkQt1lSgd4/xiMfK4cQYtwRu47gB0HuM2le|cYHA42EC5hqupY/2tHo54AdyU46TxgUQcm0eicLtYuTjIYQWdUgM92heDw8caey5|GKL2/TmYM2iWy/csFLm4tJAwPMtvy1KWdJQEiqYIuI9Lb4/xOyjSwVNLIJmbEzE6|Sds9sjxqEcU4CconTVJazvHZtnBRV8GiRYKad/xgQ6J+/Z0=|-----END CERTIFICATE-----|
case.31.stderr=
case.32.argv=sess_id -in /work/courts/phase17/fixtures/session.pem -noout
case.32.exit=0
case.32.stdout=
case.32.stderr=
case.33.argv=sess_id -in /work/courts/phase17/fixtures/session.pem -text -noout
case.33.exit=0
case.33.stdout=SSL-Session:|    Protocol  : TLSv1.2|    Cipher    : ECDHE-RSA-AES256-GCM-SHA384|    Session-ID: 01929934AB4D551273ED70D58BB58835C5924BADE3F40B5AF8C0F39A9222EEF0|    Session-ID-ctx: |    Master-Key: 8B4A2938B6BE3A6B76E8FA9B2D47262351FB17F9FBA91CBA4DA2FD2F17F6FD90540E0446DDA4AE49E8CEFA092217653D|    PSK identity: None|    PSK identity hint: None|    SRP username: None|    TLS session ticket lifetime hint: 300 (seconds)|    TLS session ticket:|    0000 - 3c 6c 42 69 c2 d1 31 86-f7 85 b2 f7 95 1a 90 21   <lBi..1........!|    0010 - f1 f7 c6 8b 9f 23 02 a7-cc e0 08 ca 3c 47 ec 63   .....#......<G.c|    0020 - d9 a4 8f 3b fd ef 77 00-5d 6e c3 a7 b2 cb e6 96   ...;..w.]n......|    0030 - 24 ce 86 ff bd 44 f0 b9-f5 89 0b 59 8e b1 a4 19   $....D.....Y....|    0040 - 00 a3 11 c2 2b 52 11 24-06 08 3d dc 0d bc ce 5c   ....+R.$..=....\|    0050 - b6 ce ed 9a 07 08 b6 c9-3e 1b 51 cc 87 c4 4d cf   ........>.Q...M.|    0060 - dd 0e 11 f3 19 10 c6 b7-56 48 c7 c2 8c 2c bd 1c   ........VH...,..|    0070 - a5 15 88 e1 0d 28 44 fa-6a f2 97 17 b9 43 4f 58   .....(D.j....COX|    0080 - 86 ff 1f 11 b5 31 ed 14-66 17 e1 87 05 56 17 44   .....1..f....V.D|    0090 - a9 ca a7 67 bb 70 e6 ca-a4 1c 6d 83 d2 02 f3 3b   ...g.p....m....;|    00a0 - 64 84 4c 5f 4a 3c 70 aa-cc 01 d0 b7 0e 6b e0 38   d.L_J<p......k.8|    00b0 - 25 f9 af 81 18 b7 33 87-a6 ac e3 22 07 fb 11 fe   %.....3...."....||    Start Time: 1417305430|    Timeout   : 300 (sec)|    Verify return code: 0 (ok)|    Extended master secret: no|
case.33.stderr=
case.34.argv=sess_id -in /work/courts/phase17/fixtures/session.pem -context abc
case.34.exit=0
case.34.stdout=-----BEGIN SSL SESSION PARAMETERS-----|MIIGrAIBAQICAwMEAsAwBCABkpk0q01VEnPtcNWLtYg1xZJLreP0C1r4wPOakiLu|8AQwi0opOLa+Omt26PqbLUcmI1H7F/n7qRy6TaL9Lxf2/ZBUDgRG3aSuSejO+gki|F2U9oQYCBFR6XVaiBAICASyjggVjMIIFXzCCBEegAwIBAgIQNdDRF5hINFi7kAeK|0fP5FjANBgkqhkiG9w0BAQUFADBBMQswCQYDVQQGEwJGUjESMBAGA1UEChMJR0FO|REkgU0FTMR4wHAYDVQQDExVHYW5kaSBTdGFuZGFyZCBTU0wgQ0EwHhcNMTMxMjMx|MDAwMDAwWhcNMTQxMjMxMjM1OTU5WjBYMSEwHwYDVQQLExhEb21haW4gQ29udHJv|bCBWYWxpZGF0ZWQxGzAZBgNVBAsTEkdhbmRpIFN0YW5kYXJkIFNTTDEWMBQGA1UE|AxMNZGIuZGViaWFuLm9yZzCCAaIwDQYJKoZIhvcNAQEBBQADggGPADCCAYoCggGB|AN/7DlZZKR5SELzF7rdn6LWxuebpVyFu1eXltzxi+Mig9cR0ZZD3hp0JcUresABO|zE66AuhGtcFus/J/88CGM2r39u3n5ac5O/4Ypp57997YJRV725dL4oX75Vpc4p8j|EI/LyIFteZN22ziv9zW7qCKKahnq1tuqDkV+84BEARpVdIaaWmn/KqsEgxeNKomy|OLvn96IVCTAF78rudPmJHfSCl++NFmg0yu7DPyuXf8YJfA6j8/kFueanK2B1y/ww|8MSbL3iAdgLwVtRJkwRYyKn8p5+ybwzX9L36GWgYs9OXUn8x494T5GjbGQVxUNt7|qJnRtiUwYVoiOARrv1EI0Cq4ANXVaLDckc5y0a2PY3c4NWVlKGYbdxdQC1n6nH93|mWDIr6vu7JX3CqDDr8FBlNVVtiBiv0q/eiVb9dzBzOntt3hA6GOJFAuwDDf7g7nq|Gq8qqcr7EIyVB8ytQ5XMgtLCpmJkLzIdRYfdsQMa7cAbl0THAwwXigcotFA0aYIP|BQIDAQABo4IBujCCAbYwHwYDVR0jBBgwFoAUtqj/oqgv0KbNS7Fo8+dQEDGneSEw|HQYDVR0OBBYEFDJGWXznCu/+qyFLCmUI4cmXy1DCMA4GA1UdDwEB/wQEAwIFoDAM|BgNVHRMBAf8EAjAAMB0GA1UdJQQWMBQGCCsGAQUFBwMBBggrBgEFBQcDAjBgBgNV|HSAEWTBXMEsGCysGAQQBsjEBAgIaMDwwOgYIKwYBBQUHAgEWLmh0dHA6Ly93d3cu|Z2FuZGkubmV0L2NvbnRyYWN0cy9mci9zc2wvY3BzL3BkZi8wCAYGZ4EMAQIBMDwG|A1UdHwQ1MDMwMaAvoC2GK2h0dHA6Ly9jcmwuZ2FuZGkubmV0L0dhbmRpU3RhbmRh|cmRTU0xDQS5jcmwwagYIKwYBBQUHAQEEXjBcMDcGCCsGAQUFBzAChitodHRwOi8v|Y3J0LmdhbmRpLm5ldC9HYW5kaVN0YW5kYXJkU1NMQ0EuY3J0MCEGCCsGAQUFBzAB|hhVodHRwOi8vb2NzcC5nYW5kaS5uZXQwKwYDVR0RBCQwIoINZGIuZGViaWFuLm9y|Z4IRd3d3LmRiLmRlYmlhbi5vcmcwDQYJKoZIhvcNAQEFBQADggEBAK+ix7EQNPgU|qDx46gAPifcm6b2FvXq+gtlB9h6UaDDO7fxDzmoU5V4WtdBM5uvIfOmpeNuCxPaj|18cUlj9PPjL3eK43UCVu6w5hN3p2/2BPvFjQRhtBcIcEWsMal1DCtS/vCBkQt1lS|gd4/xiMfK4cQYtwRu47gB0HuM2lecYHA42EC5hqupY/2tHo54AdyU46TxgUQcm0e|icLtYuTjIYQWdUgM92heDw8caey5GKL2/TmYM2iWy/csFLm4tJAwPMtvy1KWdJQE|iqYIuI9Lb4/xOyjSwVNLIJmbEzE6Sds9sjxqEcU4CconTVJazvHZtnBRV8GiRYKa|d/xgQ6J+/Z2kBQQDYWJjqQQCAgEsqoHDBIHAPGxCacLRMYb3hbL3lRqQIfH3xouf|IwKnzOAIyjxH7GPZpI87/e93AF1uw6eyy+aWJM6G/71E8Ln1iQtZjrGkGQCjEcIr|UhEkBgg93A28zly2zu2aBwi2yT4bUcyHxE3P3Q4R8xkQxrdWSMfCjCy9HKUViOEN|KET6avKXF7lDT1iG/x8RtTHtFGYX4YcFVhdEqcqnZ7tw5sqkHG2D0gLzO2SETF9K|PHCqzAHQtw5r4Dgl+a+BGLczh6as4yIH+xH+swMCAQA=|-----END SSL SESSION PARAMETERS-----|
case.34.stderr=
case.35.argv=sess_id -in /work/courts/phase17/fixtures/session.pem -context 123456789012345678901234567890123
case.35.exit=1
case.35.stdout=
case.35.stderr=Context too long|
case.36.argv=kdf -keylen 16 -kdfopt pass:password -kdfopt salt:NaCl -kdfopt iter:1 PBKDF2
case.36.exit=0
case.36.stdout=02:42:AD:6F:6A:B6:2C:74:67:43:D4:54:F5:BE:7C:24||
case.36.stderr=
case.37.argv=kdf -keylen 0 PBKDF2
case.37.exit=1
case.37.stdout=
case.37.stderr=Invalid derived key length.|
case.38.argv=kdf -keylen -1 PBKDF2
case.38.exit=1
case.38.stdout=
case.38.stderr=Invalid derived key length.|
case.39.argv=kdf -keylen 16 -kdfopt pass:p -kdfopt salt:s -kdfopt iter:1 -kdfopt digest:SHA256 PBKDF2
case.39.exit=0
case.39.stdout=37:2C:C9:81:52:44:C4:A2:B7:59:55:B1:35:8C:DE:09||
case.39.stderr=
case.40.argv=kdf PBKDF2
case.40.exit=1
case.40.stdout=
case.40.stderr=Invalid derived key length.|
case.41.argv=kdf
case.41.exit=1
case.41.stdout=
case.41.stderr=kdf: Use -help for summary.|
case.42.argv=mac -macopt key:secret HMAC -in /work/courts/phase17/fixtures/certs.pem
case.42.exit=1
case.42.stdout=
case.42.stderr=mac: Extra argument after MAC name: "-in"|mac: Use -help for summary.|
case.43.argv=mac -macopt key:secret -macopt digest:SHA1 HMAC -in /work/courts/phase17/fixtures/certs.pem
case.43.exit=1
case.43.stdout=
case.43.stderr=mac: Extra argument after MAC name: "-in"|mac: Use -help for summary.|
case.44.argv=mac HMAC -in /work/courts/phase17/fixtures/certs.pem
case.44.exit=1
case.44.stdout=
case.44.stderr=mac: Extra argument after MAC name: "-in"|mac: Use -help for summary.|
case.45.argv=mac
case.45.exit=1
case.45.stdout=
case.45.stderr=mac: Missing argument: MAC name|mac: Use -help for summary.|
case.46.argv=spkac -in /work/courts/phase17/fixtures/spkac.cnf
case.46.exit=0
case.46.stdout=Netscape SPKI:|  Public Key Algorithm: rsaEncryption|    Public-Key: (2048 bit)|    Modulus:|        00:c3:7d:0a:cd:5f:ab:e4:93:1d:1a:ab:3e:30:54:|        3a:af:de:40:3a:43:8e:0a:af:f8:e6:93:83:0a:0f:|        0d:01:8a:42:af:c6:fa:36:6f:8e:62:eb:08:ac:e4:|        fe:f3:2c:35:33:7c:2f:ea:bd:b9:2e:0d:0c:ef:9d:|        e4:76:fd:20:96:07:31:e2:01:32:40:a6:d7:2c:99:|        8e:41:38:4d:06:8d:a3:bc:c4:84:d3:97:f4:5f:f1:|        3a:cf:c1:87:56:e6:10:c0:96:cf:d1:b1:89:fa:ca:|        6f:ac:e6:6c:e3:17:4b:a2:89:b3:28:90:72:28:d7:|        ef:e9:77:f7:a3:c5:ce:e6:09:00:67:54:f2:27:43:|        3a:25:3c:cf:41:4b:38:e7:4d:df:48:b1:01:08:e6:|        b5:cb:22:7f:82:a6:c2:43:75:1a:45:6c:56:43:8d:|        af:aa:68:fc:6c:30:ad:81:47:3b:f7:b2:e2:c3:c0:|        9b:8a:b8:90:95:7a:1c:1a:c9:5e:32:41:36:97:a4:|        f5:e2:b7:40:39:a2:6d:b3:90:eb:36:44:8f:71:f8:|        68:c4:37:3d:8c:8b:d0:1e:d4:04:ec:2a:81:4b:19:|        33:9f:4f:b7:9d:66:51:62:32:cf:c6:26:41:9f:e4:|        65:fb:2c:ac:4a:78:3b:8c:5f:47:da:54:95:f7:c0:|        4e:bd|    Exponent: 65537 (0x10001)|  Challenge String: challenge-123|  Signature Algorithm: md5WithRSAEncryption|      00:aa:8e:9f:8e:cc:10:2e:29:ce:ef:17:11:75:0f:39:b7:53:|      bc:b2:2a:ff:9f:58:66:70:42:22:6f:bb:9e:25:ba:8a:aa:7f:|      fe:48:29:89:58:9f:19:40:b2:b5:ac:63:0c:2d:7d:f3:f4:eb:|      e9:3c:90:6a:e6:cd:f6:d3:f5:39:b3:64:97:e9:8b:2b:38:b9:|      0a:8d:2b:2a:18:ee:a3:a7:e5:ca:4f:7b:19:fc:0f:cb:f9:b9:|      9c:a6:b4:e0:10:4d:86:db:19:71:37:d4:eb:a0:bb:72:9f:64:|      2a:18:aa:9e:46:09:de:c2:50:1d:e7:0c:15:92:8c:9a:5e:5d:|      07:b4:c5:47:30:67:bd:9d:84:38:61:7e:65:10:66:d2:c2:82:|      7c:f3:51:34:f2:53:96:cb:d8:41:32:d3:0b:16:10:ef:11:0f:|      a1:c1:01:e9:5d:f5:7d:f2:d0:f2:a5:56:a4:ad:0e:54:36:19:|      81:aa:5f:84:1b:a0:7c:12:f6:08:fb:b2:0e:40:91:58:0c:9e:|      76:35:58:ad:73:1f:05:59:17:78:44:76:d4:e4:d1:a7:36:48:|      eb:86:2c:4e:1c:ae:6a:51:b1:23:cb:55:74:73:32:71:64:f2:|      2f:ff:5f:0c:14:6f:5f:e4:30:f9:77:73:c8:ce:4f:19:6a:e5:|      b4:45:09:a1|
case.46.stderr=
case.47.argv=spkac -in /work/courts/phase17/fixtures/spkac.cnf -noout
case.47.exit=0
case.47.stdout=
case.47.stderr=
case.48.argv=spkac -in /work/courts/phase17/fixtures/spkac.cnf -verify
case.48.exit=0
case.48.stdout=Netscape SPKI:|  Public Key Algorithm: rsaEncryption|    Public-Key: (2048 bit)|    Modulus:|        00:c3:7d:0a:cd:5f:ab:e4:93:1d:1a:ab:3e:30:54:|        3a:af:de:40:3a:43:8e:0a:af:f8:e6:93:83:0a:0f:|        0d:01:8a:42:af:c6:fa:36:6f:8e:62:eb:08:ac:e4:|        fe:f3:2c:35:33:7c:2f:ea:bd:b9:2e:0d:0c:ef:9d:|        e4:76:fd:20:96:07:31:e2:01:32:40:a6:d7:2c:99:|        8e:41:38:4d:06:8d:a3:bc:c4:84:d3:97:f4:5f:f1:|        3a:cf:c1:87:56:e6:10:c0:96:cf:d1:b1:89:fa:ca:|        6f:ac:e6:6c:e3:17:4b:a2:89:b3:28:90:72:28:d7:|        ef:e9:77:f7:a3:c5:ce:e6:09:00:67:54:f2:27:43:|        3a:25:3c:cf:41:4b:38:e7:4d:df:48:b1:01:08:e6:|        b5:cb:22:7f:82:a6:c2:43:75:1a:45:6c:56:43:8d:|        af:aa:68:fc:6c:30:ad:81:47:3b:f7:b2:e2:c3:c0:|        9b:8a:b8:90:95:7a:1c:1a:c9:5e:32:41:36:97:a4:|        f5:e2:b7:40:39:a2:6d:b3:90:eb:36:44:8f:71:f8:|        68:c4:37:3d:8c:8b:d0:1e:d4:04:ec:2a:81:4b:19:|        33:9f:4f:b7:9d:66:51:62:32:cf:c6:26:41:9f:e4:|        65:fb:2c:ac:4a:78:3b:8c:5f:47:da:54:95:f7:c0:|        4e:bd|    Exponent: 65537 (0x10001)|  Challenge String: challenge-123|  Signature Algorithm: md5WithRSAEncryption|      00:aa:8e:9f:8e:cc:10:2e:29:ce:ef:17:11:75:0f:39:b7:53:|      bc:b2:2a:ff:9f:58:66:70:42:22:6f:bb:9e:25:ba:8a:aa:7f:|      fe:48:29:89:58:9f:19:40:b2:b5:ac:63:0c:2d:7d:f3:f4:eb:|      e9:3c:90:6a:e6:cd:f6:d3:f5:39:b3:64:97:e9:8b:2b:38:b9:|      0a:8d:2b:2a:18:ee:a3:a7:e5:ca:4f:7b:19:fc:0f:cb:f9:b9:|      9c:a6:b4:e0:10:4d:86:db:19:71:37:d4:eb:a0:bb:72:9f:64:|      2a:18:aa:9e:46:09:de:c2:50:1d:e7:0c:15:92:8c:9a:5e:5d:|      07:b4:c5:47:30:67:bd:9d:84:38:61:7e:65:10:66:d2:c2:82:|      7c:f3:51:34:f2:53:96:cb:d8:41:32:d3:0b:16:10:ef:11:0f:|      a1:c1:01:e9:5d:f5:7d:f2:d0:f2:a5:56:a4:ad:0e:54:36:19:|      81:aa:5f:84:1b:a0:7c:12:f6:08:fb:b2:0e:40:91:58:0c:9e:|      76:35:58:ad:73:1f:05:59:17:78:44:76:d4:e4:d1:a7:36:48:|      eb:86:2c:4e:1c:ae:6a:51:b1:23:cb:55:74:73:32:71:64:f2:|      2f:ff:5f:0c:14:6f:5f:e4:30:f9:77:73:c8:ce:4f:19:6a:e5:|      b4:45:09:a1|
case.48.stderr=Signature OK|
case.49.argv=spkac -in /work/courts/phase17/fixtures/spkac.cnf -pubkey
case.49.exit=0
case.49.stdout=Netscape SPKI:|  Public Key Algorithm: rsaEncryption|    Public-Key: (2048 bit)|    Modulus:|        00:c3:7d:0a:cd:5f:ab:e4:93:1d:1a:ab:3e:30:54:|        3a:af:de:40:3a:43:8e:0a:af:f8:e6:93:83:0a:0f:|        0d:01:8a:42:af:c6:fa:36:6f:8e:62:eb:08:ac:e4:|        fe:f3:2c:35:33:7c:2f:ea:bd:b9:2e:0d:0c:ef:9d:|        e4:76:fd:20:96:07:31:e2:01:32:40:a6:d7:2c:99:|        8e:41:38:4d:06:8d:a3:bc:c4:84:d3:97:f4:5f:f1:|        3a:cf:c1:87:56:e6:10:c0:96:cf:d1:b1:89:fa:ca:|        6f:ac:e6:6c:e3:17:4b:a2:89:b3:28:90:72:28:d7:|        ef:e9:77:f7:a3:c5:ce:e6:09:00:67:54:f2:27:43:|        3a:25:3c:cf:41:4b:38:e7:4d:df:48:b1:01:08:e6:|        b5:cb:22:7f:82:a6:c2:43:75:1a:45:6c:56:43:8d:|        af:aa:68:fc:6c:30:ad:81:47:3b:f7:b2:e2:c3:c0:|        9b:8a:b8:90:95:7a:1c:1a:c9:5e:32:41:36:97:a4:|        f5:e2:b7:40:39:a2:6d:b3:90:eb:36:44:8f:71:f8:|        68:c4:37:3d:8c:8b:d0:1e:d4:04:ec:2a:81:4b:19:|        33:9f:4f:b7:9d:66:51:62:32:cf:c6:26:41:9f:e4:|        65:fb:2c:ac:4a:78:3b:8c:5f:47:da:54:95:f7:c0:|        4e:bd|    Exponent: 65537 (0x10001)|  Challenge String: challenge-123|  Signature Algorithm: md5WithRSAEncryption|      00:aa:8e:9f:8e:cc:10:2e:29:ce:ef:17:11:75:0f:39:b7:53:|      bc:b2:2a:ff:9f:58:66:70:42:22:6f:bb:9e:25:ba:8a:aa:7f:|      fe:48:29:89:58:9f:19:40:b2:b5:ac:63:0c:2d:7d:f3:f4:eb:|      e9:3c:90:6a:e6:cd:f6:d3:f5:39:b3:64:97:e9:8b:2b:38:b9:|      0a:8d:2b:2a:18:ee:a3:a7:e5:ca:4f:7b:19:fc:0f:cb:f9:b9:|      9c:a6:b4:e0:10:4d:86:db:19:71:37:d4:eb:a0:bb:72:9f:64:|      2a:18:aa:9e:46:09:de:c2:50:1d:e7:0c:15:92:8c:9a:5e:5d:|      07:b4:c5:47:30:67:bd:9d:84:38:61:7e:65:10:66:d2:c2:82:|      7c:f3:51:34:f2:53:96:cb:d8:41:32:d3:0b:16:10:ef:11:0f:|      a1:c1:01:e9:5d:f5:7d:f2:d0:f2:a5:56:a4:ad:0e:54:36:19:|      81:aa:5f:84:1b:a0:7c:12:f6:08:fb:b2:0e:40:91:58:0c:9e:|      76:35:58:ad:73:1f:05:59:17:78:44:76:d4:e4:d1:a7:36:48:|      eb:86:2c:4e:1c:ae:6a:51:b1:23:cb:55:74:73:32:71:64:f2:|      2f:ff:5f:0c:14:6f:5f:e4:30:f9:77:73:c8:ce:4f:19:6a:e5:|      b4:45:09:a1|-----BEGIN PUBLIC KEY-----|MIIBIjANBgkqhkiG9w0BAQEFAAOCAQ8AMIIBCgKCAQEAw30KzV+r5JMdGqs+MFQ6|r95AOkOOCq/45pODCg8NAYpCr8b6Nm+OYusIrOT+8yw1M3wv6r25Lg0M753kdv0g|lgcx4gEyQKbXLJmOQThNBo2jvMSE05f0X/E6z8GHVuYQwJbP0bGJ+spvrOZs4xdL|oomzKJByKNfv6Xf3o8XO5gkAZ1TyJ0M6JTzPQUs4503fSLEBCOa1yyJ/gqbCQ3Ua|RWxWQ42vqmj8bDCtgUc797Liw8CbiriQlXocGsleMkE2l6T14rdAOaJts5DrNkSP|cfhoxDc9jIvQHtQE7CqBSxkzn0+3nWZRYjLPxiZBn+Rl+yysSng7jF9H2lSV98BO|vQIDAQAB|-----END PUBLIC KEY-----|
case.49.stderr=
case.50.argv=spkac -in /work/courts/phase17/fixtures/spkac.cnf -verify -pubkey
case.50.exit=0
case.50.stdout=Netscape SPKI:|  Public Key Algorithm: rsaEncryption|    Public-Key: (2048 bit)|    Modulus:|        00:c3:7d:0a:cd:5f:ab:e4:93:1d:1a:ab:3e:30:54:|        3a:af:de:40:3a:43:8e:0a:af:f8:e6:93:83:0a:0f:|        0d:01:8a:42:af:c6:fa:36:6f:8e:62:eb:08:ac:e4:|        fe:f3:2c:35:33:7c:2f:ea:bd:b9:2e:0d:0c:ef:9d:|        e4:76:fd:20:96:07:31:e2:01:32:40:a6:d7:2c:99:|        8e:41:38:4d:06:8d:a3:bc:c4:84:d3:97:f4:5f:f1:|        3a:cf:c1:87:56:e6:10:c0:96:cf:d1:b1:89:fa:ca:|        6f:ac:e6:6c:e3:17:4b:a2:89:b3:28:90:72:28:d7:|        ef:e9:77:f7:a3:c5:ce:e6:09:00:67:54:f2:27:43:|        3a:25:3c:cf:41:4b:38:e7:4d:df:48:b1:01:08:e6:|        b5:cb:22:7f:82:a6:c2:43:75:1a:45:6c:56:43:8d:|        af:aa:68:fc:6c:30:ad:81:47:3b:f7:b2:e2:c3:c0:|        9b:8a:b8:90:95:7a:1c:1a:c9:5e:32:41:36:97:a4:|        f5:e2:b7:40:39:a2:6d:b3:90:eb:36:44:8f:71:f8:|        68:c4:37:3d:8c:8b:d0:1e:d4:04:ec:2a:81:4b:19:|        33:9f:4f:b7:9d:66:51:62:32:cf:c6:26:41:9f:e4:|        65:fb:2c:ac:4a:78:3b:8c:5f:47:da:54:95:f7:c0:|        4e:bd|    Exponent: 65537 (0x10001)|  Challenge String: challenge-123|  Signature Algorithm: md5WithRSAEncryption|      00:aa:8e:9f:8e:cc:10:2e:29:ce:ef:17:11:75:0f:39:b7:53:|      bc:b2:2a:ff:9f:58:66:70:42:22:6f:bb:9e:25:ba:8a:aa:7f:|      fe:48:29:89:58:9f:19:40:b2:b5:ac:63:0c:2d:7d:f3:f4:eb:|      e9:3c:90:6a:e6:cd:f6:d3:f5:39:b3:64:97:e9:8b:2b:38:b9:|      0a:8d:2b:2a:18:ee:a3:a7:e5:ca:4f:7b:19:fc:0f:cb:f9:b9:|      9c:a6:b4:e0:10:4d:86:db:19:71:37:d4:eb:a0:bb:72:9f:64:|      2a:18:aa:9e:46:09:de:c2:50:1d:e7:0c:15:92:8c:9a:5e:5d:|      07:b4:c5:47:30:67:bd:9d:84:38:61:7e:65:10:66:d2:c2:82:|      7c:f3:51:34:f2:53:96:cb:d8:41:32:d3:0b:16:10:ef:11:0f:|      a1:c1:01:e9:5d:f5:7d:f2:d0:f2:a5:56:a4:ad:0e:54:36:19:|      81:aa:5f:84:1b:a0:7c:12:f6:08:fb:b2:0e:40:91:58:0c:9e:|      76:35:58:ad:73:1f:05:59:17:78:44:76:d4:e4:d1:a7:36:48:|      eb:86:2c:4e:1c:ae:6a:51:b1:23:cb:55:74:73:32:71:64:f2:|      2f:ff:5f:0c:14:6f:5f:e4:30:f9:77:73:c8:ce:4f:19:6a:e5:|      b4:45:09:a1|-----BEGIN PUBLIC KEY-----|MIIBIjANBgkqhkiG9w0BAQEFAAOCAQ8AMIIBCgKCAQEAw30KzV+r5JMdGqs+MFQ6|r95AOkOOCq/45pODCg8NAYpCr8b6Nm+OYusIrOT+8yw1M3wv6r25Lg0M753kdv0g|lgcx4gEyQKbXLJmOQThNBo2jvMSE05f0X/E6z8GHVuYQwJbP0bGJ+spvrOZs4xdL|oomzKJByKNfv6Xf3o8XO5gkAZ1TyJ0M6JTzPQUs4503fSLEBCOa1yyJ/gqbCQ3Ua|RWxWQ42vqmj8bDCtgUc797Liw8CbiriQlXocGsleMkE2l6T14rdAOaJts5DrNkSP|cfhoxDc9jIvQHtQE7CqBSxkzn0+3nWZRYjLPxiZBn+Rl+yysSng7jF9H2lSV98BO|vQIDAQAB|-----END PUBLIC KEY-----|
case.50.stderr=Signature OK|
case.51.argv=genrsa abc
case.51.exit=1
case.51.stdout=
case.51.stderr=genrsa: Can't parse "abc" as a number|
case.52.argv=genrsa 0
case.52.exit=1
case.52.stdout=
case.52.stderr=
case.53.argv=genrsa 99999999999999999999
case.53.exit=1
case.53.stdout=
case.53.stderr=genrsa: Can't parse "99999999999999999999" as a number|
case.54.argv=dsaparam abc
case.54.exit=1
case.54.stdout=
case.54.stderr=dsaparam: Can't parse "abc" as a number|dsaparam: Use -help for summary.|
case.55.argv=dsaparam 1 2 3
case.55.exit=1
case.55.stdout=
case.55.stderr=dsaparam: Extra option: "1"|dsaparam: Use -help for summary.|
case.56.argv=dsaparam -text abc
case.56.exit=1
case.56.stdout=
case.56.stderr=dsaparam: Can't parse "abc" as a number|dsaparam: Use -help for summary.|
case.57.argv=asn1parse -in /work/courts/phase17/fixtures/certs.pem
case.57.exit=0
case.57.stdout=    0:d=0  hl=4 l= 371 cons: SEQUENCE          |    4:d=1  hl=4 l= 285 cons: SEQUENCE          |    8:d=2  hl=2 l=  20 prim: INTEGER           :4AA432CF71AB4A9F74D7E5229A2A74368E53F4E1|   30:d=2  hl=2 l=  13 cons: SEQUENCE          |   32:d=3  hl=2 l=   9 prim: OBJECT            :md5WithRSAEncryption|   43:d=3  hl=2 l=   0 prim: NULL              |   45:d=2  hl=2 l=  58 cons: SEQUENCE          |   47:d=3  hl=2 l=  11 cons: SET               |   49:d=4  hl=2 l=   9 cons: SEQUENCE          |   51:d=5  hl=2 l=   3 prim: OBJECT            :countryName|   56:d=5  hl=2 l=   2 prim: PRINTABLESTRING   :AU|   60:d=3  hl=2 l=  12 cons: SET               |   62:d=4  hl=2 l=  10 cons: SEQUENCE          |   64:d=5  hl=2 l=   3 prim: OBJECT            :stateOrProvinceName|   69:d=5  hl=2 l=   3 prim: UTF8STRING        :QLD|   74:d=3  hl=2 l=  29 cons: SET               |   76:d=4  hl=2 l=  27 cons: SEQUENCE          |   78:d=5  hl=2 l=   3 prim: OBJECT            :commonName|   83:d=5  hl=2 l=  20 prim: UTF8STRING        :SSLeay rsa test cert|  105:d=2  hl=2 l=  32 cons: SEQUENCE          |  107:d=3  hl=2 l=  13 prim: UTCTIME           :200731171345Z|  122:d=3  hl=2 l=  15 prim: GENERALIZEDTIME   :21200707171345Z|  139:d=2  hl=2 l=  58 cons: SEQUENCE          |  141:d=3  hl=2 l=  11 cons: SET               |  143:d=4  hl=2 l=   9 cons: SEQUENCE          |  145:d=5  hl=2 l=   3 prim: OBJECT            :countryName|  150:d=5  hl=2 l=   2 prim: PRINTABLESTRING   :AU|  154:d=3  hl=2 l=  12 cons: SET               |  156:d=4  hl=2 l=  10 cons: SEQUENCE          |  158:d=5  hl=2 l=   3 prim: OBJECT            :stateOrProvinceName|  163:d=5  hl=2 l=   3 prim: UTF8STRING        :QLD|  168:d=3  hl=2 l=  29 cons: SET               |  170:d=4  hl=2 l=  27 cons: SEQUENCE          |  172:d=5  hl=2 l=   3 prim: OBJECT            :commonName|  177:d=5  hl=2 l=  20 prim: UTF8STRING        :SSLeay rsa test cert|  199:d=2  hl=2 l=  92 cons: SEQUENCE          |  201:d=3  hl=2 l=  13 cons: SEQUENCE          |  203:d=4  hl=2 l=   9 prim: OBJECT            :rsaEncryption|  214:d=4  hl=2 l=   0 prim: NULL              |  216:d=3  hl=2 l=  75 prim: BIT STRING        |  293:d=1  hl=2 l=  13 cons: SEQUENCE          |  295:d=2  hl=2 l=   9 prim: OBJECT            :md5WithRSAEncryption|  306:d=2  hl=2 l=   0 prim: NULL              |  308:d=1  hl=2 l=  65 prim: BIT STRING        |
case.57.stderr=
case.58.argv=asn1parse -in /work/courts/phase17/fixtures/certs.pem -noout
case.58.exit=0
case.58.stdout=
case.58.stderr=
case.59.argv=asn1parse -in /work/courts/phase17/fixtures/cert.der -inform DER
case.59.exit=0
case.59.stdout=    0:d=0  hl=4 l= 371 cons: SEQUENCE          |    4:d=1  hl=4 l= 285 cons: SEQUENCE          |    8:d=2  hl=2 l=  20 prim: INTEGER           :4AA432CF71AB4A9F74D7E5229A2A74368E53F4E1|   30:d=2  hl=2 l=  13 cons: SEQUENCE          |   32:d=3  hl=2 l=   9 prim: OBJECT            :md5WithRSAEncryption|   43:d=3  hl=2 l=   0 prim: NULL              |   45:d=2  hl=2 l=  58 cons: SEQUENCE          |   47:d=3  hl=2 l=  11 cons: SET               |   49:d=4  hl=2 l=   9 cons: SEQUENCE          |   51:d=5  hl=2 l=   3 prim: OBJECT            :countryName|   56:d=5  hl=2 l=   2 prim: PRINTABLESTRING   :AU|   60:d=3  hl=2 l=  12 cons: SET               |   62:d=4  hl=2 l=  10 cons: SEQUENCE          |   64:d=5  hl=2 l=   3 prim: OBJECT            :stateOrProvinceName|   69:d=5  hl=2 l=   3 prim: UTF8STRING        :QLD|   74:d=3  hl=2 l=  29 cons: SET               |   76:d=4  hl=2 l=  27 cons: SEQUENCE          |   78:d=5  hl=2 l=   3 prim: OBJECT            :commonName|   83:d=5  hl=2 l=  20 prim: UTF8STRING        :SSLeay rsa test cert|  105:d=2  hl=2 l=  32 cons: SEQUENCE          |  107:d=3  hl=2 l=  13 prim: UTCTIME           :200731171345Z|  122:d=3  hl=2 l=  15 prim: GENERALIZEDTIME   :21200707171345Z|  139:d=2  hl=2 l=  58 cons: SEQUENCE          |  141:d=3  hl=2 l=  11 cons: SET               |  143:d=4  hl=2 l=   9 cons: SEQUENCE          |  145:d=5  hl=2 l=   3 prim: OBJECT            :countryName|  150:d=5  hl=2 l=   2 prim: PRINTABLESTRING   :AU|  154:d=3  hl=2 l=  12 cons: SET               |  156:d=4  hl=2 l=  10 cons: SEQUENCE          |  158:d=5  hl=2 l=   3 prim: OBJECT            :stateOrProvinceName|  163:d=5  hl=2 l=   3 prim: UTF8STRING        :QLD|  168:d=3  hl=2 l=  29 cons: SET               |  170:d=4  hl=2 l=  27 cons: SEQUENCE          |  172:d=5  hl=2 l=   3 prim: OBJECT            :commonName|  177:d=5  hl=2 l=  20 prim: UTF8STRING        :SSLeay rsa test cert|  199:d=2  hl=2 l=  92 cons: SEQUENCE          |  201:d=3  hl=2 l=  13 cons: SEQUENCE          |  203:d=4  hl=2 l=   9 prim: OBJECT            :rsaEncryption|  214:d=4  hl=2 l=   0 prim: NULL              |  216:d=3  hl=2 l=  75 prim: BIT STRING        |  293:d=1  hl=2 l=  13 cons: SEQUENCE          |  295:d=2  hl=2 l=   9 prim: OBJECT            :md5WithRSAEncryption|  306:d=2  hl=2 l=   0 prim: NULL              |  308:d=1  hl=2 l=  65 prim: BIT STRING        |
case.59.stderr=
case.60.argv=asn1parse -in /work/courts/phase17/fixtures/cert.der -inform DER -i
case.60.exit=0
case.60.stdout=    0:d=0  hl=4 l= 371 cons: SEQUENCE          |    4:d=1  hl=4 l= 285 cons:  SEQUENCE          |    8:d=2  hl=2 l=  20 prim:   INTEGER           :4AA432CF71AB4A9F74D7E5229A2A74368E53F4E1|   30:d=2  hl=2 l=  13 cons:   SEQUENCE          |   32:d=3  hl=2 l=   9 prim:    OBJECT            :md5WithRSAEncryption|   43:d=3  hl=2 l=   0 prim:    NULL              |   45:d=2  hl=2 l=  58 cons:   SEQUENCE          |   47:d=3  hl=2 l=  11 cons:    SET               |   49:d=4  hl=2 l=   9 cons:     SEQUENCE          |   51:d=5  hl=2 l=   3 prim:      OBJECT            :countryName|   56:d=5  hl=2 l=   2 prim:      PRINTABLESTRING   :AU|   60:d=3  hl=2 l=  12 cons:    SET               |   62:d=4  hl=2 l=  10 cons:     SEQUENCE          |   64:d=5  hl=2 l=   3 prim:      OBJECT            :stateOrProvinceName|   69:d=5  hl=2 l=   3 prim:      UTF8STRING        :QLD|   74:d=3  hl=2 l=  29 cons:    SET               |   76:d=4  hl=2 l=  27 cons:     SEQUENCE          |   78:d=5  hl=2 l=   3 prim:      OBJECT            :commonName|   83:d=5  hl=2 l=  20 prim:      UTF8STRING        :SSLeay rsa test cert|  105:d=2  hl=2 l=  32 cons:   SEQUENCE          |  107:d=3  hl=2 l=  13 prim:    UTCTIME           :200731171345Z|  122:d=3  hl=2 l=  15 prim:    GENERALIZEDTIME   :21200707171345Z|  139:d=2  hl=2 l=  58 cons:   SEQUENCE          |  141:d=3  hl=2 l=  11 cons:    SET               |  143:d=4  hl=2 l=   9 cons:     SEQUENCE          |  145:d=5  hl=2 l=   3 prim:      OBJECT            :countryName|  150:d=5  hl=2 l=   2 prim:      PRINTABLESTRING   :AU|  154:d=3  hl=2 l=  12 cons:    SET               |  156:d=4  hl=2 l=  10 cons:     SEQUENCE          |  158:d=5  hl=2 l=   3 prim:      OBJECT            :stateOrProvinceName|  163:d=5  hl=2 l=   3 prim:      UTF8STRING        :QLD|  168:d=3  hl=2 l=  29 cons:    SET               |  170:d=4  hl=2 l=  27 cons:     SEQUENCE          |  172:d=5  hl=2 l=   3 prim:      OBJECT            :commonName|  177:d=5  hl=2 l=  20 prim:      UTF8STRING        :SSLeay rsa test cert|  199:d=2  hl=2 l=  92 cons:   SEQUENCE          |  201:d=3  hl=2 l=  13 cons:    SEQUENCE          |  203:d=4  hl=2 l=   9 prim:     OBJECT            :rsaEncryption|  214:d=4  hl=2 l=   0 prim:     NULL              |  216:d=3  hl=2 l=  75 prim:    BIT STRING        |  293:d=1  hl=2 l=  13 cons:  SEQUENCE          |  295:d=2  hl=2 l=   9 prim:   OBJECT            :md5WithRSAEncryption|  306:d=2  hl=2 l=   0 prim:   NULL              |  308:d=1  hl=2 l=  65 prim:  BIT STRING        |
case.60.stderr=
case.61.argv=ecparam -list_curves
case.61.exit=0
case.61.stdout=  secp112r1 : SECG/WTLS curve over a 112 bit prime field|  secp112r2 : SECG curve over a 112 bit prime field|  secp128r1 : SECG curve over a 128 bit prime field|  secp128r2 : SECG curve over a 128 bit prime field|  secp160k1 : SECG curve over a 160 bit prime field|  secp160r1 : SECG curve over a 160 bit prime field|  secp160r2 : SECG/WTLS curve over a 160 bit prime field|  secp192k1 : SECG curve over a 192 bit prime field|  secp224k1 : SECG curve over a 224 bit prime field|  secp224r1 : NIST/SECG curve over a 224 bit prime field|  secp256k1 : SECG curve over a 256 bit prime field|  secp384r1 : NIST/SECG curve over a 384 bit prime field|  secp521r1 : NIST/SECG curve over a 521 bit prime field|  prime192v1: NIST/X9.62/SECG curve over a 192 bit prime field|  prime192v2: X9.62 curve over a 192 bit prime field|  prime192v3: X9.62 curve over a 192 bit prime field|  prime239v1: X9.62 curve over a 239 bit prime field|  prime239v2: X9.62 curve over a 239 bit prime field|  prime239v3: X9.62 curve over a 239 bit prime field|  prime256v1: X9.62/SECG curve over a 256 bit prime field|  sect113r1 : SECG curve over a 113 bit binary field|  sect113r2 : SECG curve over a 113 bit binary field|  sect131r1 : SECG/WTLS curve over a 131 bit binary field|  sect131r2 : SECG curve over a 131 bit binary field|  sect163k1 : NIST/SECG/WTLS curve over a 163 bit binary field|  sect163r1 : SECG curve over a 163 bit binary field|  sect163r2 : NIST/SECG curve over a 163 bit binary field|  sect193r1 : SECG curve over a 193 bit binary field|  sect193r2 : SECG curve over a 193 bit binary field|  sect233k1 : NIST/SECG/WTLS curve over a 233 bit binary field|  sect233r1 : NIST/SECG/WTLS curve over a 233 bit binary field|  sect239k1 : SECG curve over a 239 bit binary field|  sect283k1 : NIST/SECG curve over a 283 bit binary field|  sect283r1 : NIST/SECG curve over a 283 bit binary field|  sect409k1 : NIST/SECG curve over a 409 bit binary field|  sect409r1 : NIST/SECG curve over a 409 bit binary field|  sect571k1 : NIST/SECG curve over a 571 bit binary field|  sect571r1 : NIST/SECG curve over a 571 bit binary field|  c2pnb163v1: X9.62 curve over a 163 bit binary field|  c2pnb163v2: X9.62 curve over a 163 bit binary field|  c2pnb163v3: X9.62 curve over a 163 bit binary field|  c2pnb176v1: X9.62 curve over a 176 bit binary field|  c2tnb191v1: X9.62 curve over a 191 bit binary field|  c2tnb191v2: X9.62 curve over a 191 bit binary field|  c2tnb191v3: X9.62 curve over a 191 bit binary field|  c2pnb208w1: X9.62 curve over a 208 bit binary field|  c2tnb239v1: X9.62 curve over a 239 bit binary field|  c2tnb239v2: X9.62 curve over a 239 bit binary field|  c2tnb239v3: X9.62 curve over a 239 bit binary field|  c2pnb272w1: X9.62 curve over a 272 bit binary field|  c2pnb304w1: X9.62 curve over a 304 bit binary field|  c2tnb359v1: X9.62 curve over a 359 bit binary field|  c2pnb368w1: X9.62 curve over a 368 bit binary field|  c2tnb431r1: X9.62 curve over a 431 bit binary field|  wap-wsg-idm-ecid-wtls1: WTLS curve over a 113 bit binary field|  wap-wsg-idm-ecid-wtls3: NIST/SECG/WTLS curve over a 163 bit binary field|  wap-wsg-idm-ecid-wtls4: SECG curve over a 113 bit binary field|  wap-wsg-idm-ecid-wtls5: X9.62 curve over a 163 bit binary field|  wap-wsg-idm-ecid-wtls6: SECG/WTLS curve over a 112 bit prime field|  wap-wsg-idm-ecid-wtls7: SECG/WTLS curve over a 160 bit prime field|  wap-wsg-idm-ecid-wtls8: WTLS curve over a 112 bit prime field|  wap-wsg-idm-ecid-wtls9: WTLS curve over a 160 bit prime field|  wap-wsg-idm-ecid-wtls10: NIST/SECG/WTLS curve over a 233 bit binary field|  wap-wsg-idm-ecid-wtls11: NIST/SECG/WTLS curve over a 233 bit binary field|  wap-wsg-idm-ecid-wtls12: WTLS curve over a 224 bit prime field|  Oakley-EC2N-3: |	IPSec/IKE/Oakley curve #3 over a 155 bit binary field.|	Not suitable for ECDSA.|	Questionable extension field!|  Oakley-EC2N-4: |	IPSec/IKE/Oakley curve #4 over a 185 bit binary field.|	Not suitable for ECDSA.|	Questionable extension field!|  brainpoolP160r1: RFC 5639 curve over a 160 bit prime field|  brainpoolP160t1: RFC 5639 curve over a 160 bit prime field|  brainpoolP192r1: RFC 5639 curve over a 192 bit prime field|  brainpoolP192t1: RFC 5639 curve over a 192 bit prime field|  brainpoolP224r1: RFC 5639 curve over a 224 bit prime field|  brainpoolP224t1: RFC 5639 curve over a 224 bit prime field|  brainpoolP256r1: RFC 5639 curve over a 256 bit prime field|  brainpoolP256t1: RFC 5639 curve over a 256 bit prime field|  brainpoolP320r1: RFC 5639 curve over a 320 bit prime field|  brainpoolP320t1: RFC 5639 curve over a 320 bit prime field|  brainpoolP384r1: RFC 5639 curve over a 384 bit prime field|  brainpoolP384t1: RFC 5639 curve over a 384 bit prime field|  brainpoolP512r1: RFC 5639 curve over a 512 bit prime field|  brainpoolP512t1: RFC 5639 curve over a 512 bit prime field|  SM2       : SM2 curve over a 256 bit prime field|
case.61.stderr=
case.62.argv=ecparam -name prime256v1 -noout -text
case.62.exit=0
case.62.stdout=EC-Parameters: (256 bit)|ASN1 OID: prime256v1|NIST CURVE: P-256|
case.62.stderr=
case.63.argv=ecparam -name prime256v1 -noout
case.63.exit=0
case.63.stdout=
case.63.stderr=
case.64.argv=rsa -in /work/courts/phase17/fixtures/rsa-key.pem -noout -text
case.64.exit=0
case.64.stdout=Private-Key: (2048 bit, 2 primes)|modulus:|    00:af:1f:ac:ca:05:2d:d8:c2:66:b5:12:96:11:4d:|    1a:17:cd:95:77:56:f7:52:dd:9b:ff:8d:71:35:d1:|    c8:ac:f3:66:83:3a:60:eb:d2:17:27:50:ca:f4:80:|    49:0a:47:c8:49:b7:8a:50:b5:08:8a:5e:5e:44:3b:|    96:fe:8e:14:e6:44:78:07:e9:5a:22:f5:1a:8c:f2:|    2a:38:c5:45:57:e3:fa:d0:df:44:5b:af:02:43:66:|    4c:0e:2f:dc:41:36:e2:ad:e1:59:b8:c9:9b:fa:5b:|    ea:2f:41:d2:5f:37:70:86:e0:6d:92:e9:a4:fa:67:|    bc:96:44:00:be:c9:09:87:32:22:ef:fa:98:07:47:|    4c:49:a5:93:0a:19:54:08:82:b8:e8:85:7f:d6:88:|    72:52:7b:87:56:30:01:cf:f8:7e:d2:c6:8c:14:8c:|    3d:35:f2:25:67:c9:99:1a:bb:dc:2d:c3:2b:ff:95:|    e5:21:13:98:7d:31:f7:b3:cc:3d:b7:7e:91:31:60:|    c3:11:b3:92:19:00:9b:50:4f:94:22:8e:fb:44:af:|    1e:60:c8:22:47:ff:bf:6e:d5:f2:88:4a:48:c4:8a:|    4b:f6:d3:bb:d8:ee:0d:29:56:b8:c1:c8:07:d3:69:|    70:f3:df:c7:37:b8:7e:cb:ff:55:0d:4d:57:9f:73:|    5e:9b|publicExponent: 65537 (0x10001)|privateExponent:|    33:08:4d:f8:09:0e:55:2e:41:73:de:d8:b0:6e:01:|    7e:92:40:4e:28:9f:a6:1c:42:4b:74:52:5b:56:a8:|    de:0d:88:00:11:d1:10:a7:86:6b:c4:95:80:2e:aa:|    1a:3e:d4:d4:f6:91:6d:f7:73:67:af:1c:55:51:f0:|    2c:7a:07:09:1b:46:c7:37:6f:36:e4:aa:3a:0c:8f:|    d5:3f:57:77:c7:4d:dd:f4:52:1d:4d:a0:a1:37:7c:|    4e:5e:10:17:49:01:41:9e:7b:e0:e7:8f:76:a3:b6:|    58:d3:1b:94:f7:b8:e8:f5:19:b9:48:30:f5:6f:a9:|    7b:38:91:e7:06:fa:a9:d4:ad:05:7b:88:25:73:08:|    35:e4:16:e1:c3:cc:de:a1:21:af:7e:4e:48:3f:e2:|    00:ae:c5:ac:26:67:aa:e8:5c:88:93:1c:e4:b5:4f:|    14:7e:81:a1:53:a8:76:86:58:ad:e4:56:3a:c1:40:|    90:3b:5f:2b:27:b9:12:74:96:82:1f:c6:9b:8b:bb:|    c9:06:c2:88:44:49:b1:57:65:c4:6c:22:98:46:ec:|    f4:de:3a:43:27:4e:54:80:a5:1e:86:3e:bd:de:20:|    9d:9f:e1:cd:76:3b:ea:7b:b6:5b:ea:69:3d:63:50:|    d7:b8:7d:5e:5e:23:56:ca:61:76:e3:df:ba:70:83:|    81|prime1:|    00:d5:2a:60:e5:ac:ef:9c:15:e0:6e:8f:36:a2:b5:|    4d:b9:9a:58:28:55:19:ba:45:3d:7d:81:2e:99:f6:|    1b:5a:50:c8:69:76:4d:2b:9d:d3:69:fe:aa:29:3e:|    89:77:36:b3:f3:11:d9:65:a7:11:02:b1:0f:58:ef:|    86:e4:5d:98:32:72:d6:29:68:67:be:e2:09:85:73:|    1d:a3:ab:ef:03:14:92:74:61:a4:0c:6a:40:ed:d7:|    54:3a:68:16:9b:3c:17:13:64:dc:90:d0:d0:ae:ab:|    ef:de:40:74:65:25:bc:49:2e:8e:2a:67:29:09:25:|    9d:d0:16:c0:90:4b:91:d1:fb|prime2:|    00:d2:50:5b:57:fe:3c:cd:a7:2d:e0:10:af:81:70:|    30:08:8b:cf:b3:5f:76:92:15:1d:23:8e:71:63:c2:|    2a:09:df:b1:fa:4c:b7:9a:f0:98:78:71:9a:a0:a6:|    75:e9:0c:de:52:2b:0e:3f:7d:7f:03:a0:8e:fa:bf:|    0c:34:b8:6c:c7:f3:c7:99:92:19:59:75:fb:7b:8e:|    4e:e0:d6:0a:2c:68:11:a7:e1:a9:72:0b:4c:c0:c2:|    1e:be:c2:3e:99:58:20:e2:3f:8c:35:1e:e6:e6:c0:|    37:0a:a8:c7:84:02:f2:db:1c:14:fb:8b:e8:af:24:|    9a:15:49:43:cb:c6:15:a3:e1|exponent1:|    00:8d:9e:3e:09:d8:be:c7:9f:f1:1f:02:9e:75:b2:|    a6:14:ac:e9:ec:c1:bc:f9:f7:8e:46:97:50:72:91:|    02:d3:19:e0:4b:d0:80:ac:7d:8a:3b:5d:29:87:85:|    38:a6:ae:fd:16:7b:c1:46:bb:9b:9d:82:2c:84:15:|    7e:34:b1:c9:af:9a:83:95:b6:fb:55:e1:ae:19:ae:|    c4:fe:3b:f7:ea:bf:fc:1c:bd:d1:d3:3d:b4:2d:4f:|    65:71:f8:3d:2c:9c:db:67:d3:16:86:4f:74:94:d7:|    3d:e1:16:49:3d:f9:b8:01:96:a0:74:a3:5c:ab:eb:|    05:d1:7d:8c:29:51:4b:6b:89|exponent2:|    0a:98:ad:e1:83:17:c1:2c:d9:2c:de:ea:58:d5:34:|    36:5a:04:fe:fe:a2:54:bd:e7:97:f1:07:59:85:60:|    e4:da:76:77:2c:02:5c:36:1f:18:82:70:ce:03:55:|    11:86:ea:74:ad:62:ac:64:40:50:08:78:eb:bd:50:|    7a:1f:88:ab:92:66:ce:20:04:52:f3:94:d6:26:d7:|    66:90:a2:36:96:8f:bd:2b:ab:83:e9:79:d6:84:71:|    54:1f:29:54:44:92:73:93:cc:16:a9:15:ed:2e:66:|    17:8d:65:70:0b:4d:fd:28:2f:0e:75:80:25:c2:ec:|    58:82:36:7e:3f:de:bb:41|coefficient:|    10:3e:06:ba:f7:b9:2e:0f:31:9a:34:04:74:da:ad:|    bb:ef:d0:27:4e:00:5c:b5:f9:bf:44:1e:8d:9c:4b:|    b7:e0:bb:3b:3e:5d:1d:d0:4d:e3:b3:98:08:f5:30:|    72:eb:0a:55:70:7a:8e:a9:1b:78:ce:b0:18:78:c4:|    3d:c7:2f:c9:3e:bc:5d:65:b6:36:69:23:ed:a5:ab:|    c9:99:b9:f2:f2:4e:4c:7a:18:c8:9a:79:63:f1:5b:|    1f:1a:97:63:b2:eb:cb:9b:a3:45:bc:99:b8:72:fa:|    05:8a:b4:ed:91:41:a9:0c:af:46:5d:76:8a:ca:f9:|    60:86:a4:a9:e6:93:5c:d4|
case.64.stderr=
case.65.argv=rsa -in /work/courts/phase17/fixtures/rsa-key.pem -noout
case.65.exit=0
case.65.stdout=
case.65.stderr=
case.66.argv=rsa -in /work/courts/phase17/fixtures/rsa-key.pem -check -noout
case.66.exit=0
case.66.stdout=RSA key ok|
case.66.stderr=
case.67.argv=rsa -in /work/courts/phase17/fixtures/rsa-key.pem -pubin -noout -text
case.67.exit=0
case.67.stdout=Public-Key: (2048 bit)|Modulus:|    00:af:1f:ac:ca:05:2d:d8:c2:66:b5:12:96:11:4d:|    1a:17:cd:95:77:56:f7:52:dd:9b:ff:8d:71:35:d1:|    c8:ac:f3:66:83:3a:60:eb:d2:17:27:50:ca:f4:80:|    49:0a:47:c8:49:b7:8a:50:b5:08:8a:5e:5e:44:3b:|    96:fe:8e:14:e6:44:78:07:e9:5a:22:f5:1a:8c:f2:|    2a:38:c5:45:57:e3:fa:d0:df:44:5b:af:02:43:66:|    4c:0e:2f:dc:41:36:e2:ad:e1:59:b8:c9:9b:fa:5b:|    ea:2f:41:d2:5f:37:70:86:e0:6d:92:e9:a4:fa:67:|    bc:96:44:00:be:c9:09:87:32:22:ef:fa:98:07:47:|    4c:49:a5:93:0a:19:54:08:82:b8:e8:85:7f:d6:88:|    72:52:7b:87:56:30:01:cf:f8:7e:d2:c6:8c:14:8c:|    3d:35:f2:25:67:c9:99:1a:bb:dc:2d:c3:2b:ff:95:|    e5:21:13:98:7d:31:f7:b3:cc:3d:b7:7e:91:31:60:|    c3:11:b3:92:19:00:9b:50:4f:94:22:8e:fb:44:af:|    1e:60:c8:22:47:ff:bf:6e:d5:f2:88:4a:48:c4:8a:|    4b:f6:d3:bb:d8:ee:0d:29:56:b8:c1:c8:07:d3:69:|    70:f3:df:c7:37:b8:7e:cb:ff:55:0d:4d:57:9f:73:|    5e:9b|Exponent: 65537 (0x10001)|
case.67.stderr=
case.68.argv=rsa -check -pubin
case.68.exit=1
case.68.stdout=
case.68.stderr=Only private keys can be checked|
case.69.argv=rsa -in /work/courts/phase17/fixtures/rsa-key.pem
case.69.exit=0
case.69.stdout=-----BEGIN PRIVATE KEY-----|MIIEvQIBADANBgkqhkiG9w0BAQEFAASCBKcwggSjAgEAAoIBAQCvH6zKBS3Ywma1|EpYRTRoXzZV3VvdS3Zv/jXE10cis82aDOmDr0hcnUMr0gEkKR8hJt4pQtQiKXl5E|O5b+jhTmRHgH6Voi9RqM8io4xUVX4/rQ30RbrwJDZkwOL9xBNuKt4Vm4yZv6W+ov|QdJfN3CG4G2S6aT6Z7yWRAC+yQmHMiLv+pgHR0xJpZMKGVQIgrjohX/WiHJSe4dW|MAHP+H7SxowUjD018iVnyZkau9wtwyv/leUhE5h9MfezzD23fpExYMMRs5IZAJtQ|T5QijvtErx5gyCJH/79u1fKISkjEikv207vY7g0pVrjByAfTaXDz38c3uH7L/1UN|TVefc16bAgMBAAECggEAMwhN+AkOVS5Bc97YsG4BfpJATiifphxCS3RSW1ao3g2I|ABHREKeGa8SVgC6qGj7U1PaRbfdzZ68cVVHwLHoHCRtGxzdvNuSqOgyP1T9Xd8dN|3fRSHU2goTd8Tl4QF0kBQZ574OePdqO2WNMblPe46PUZuUgw9W+peziR5wb6qdSt|BXuIJXMINeQW4cPM3qEhr35OSD/iAK7FrCZnquhciJMc5LVPFH6BoVOodoZYreRW|OsFAkDtfKye5EnSWgh/Gm4u7yQbCiERJsVdlxGwimEbs9N46QydOVIClHoY+vd4g|nZ/hzXY76nu2W+ppPWNQ17h9Xl4jVsphduPfunCDgQKBgQDVKmDlrO+cFeBujzai|tU25mlgoVRm6RT19gS6Z9htaUMhpdk0rndNp/qopPol3NrPzEdllpxECsQ9Y74bk|XZgyctYpaGe+4gmFcx2jq+8DFJJ0YaQMakDt11Q6aBabPBcTZNyQ0NCuq+/eQHRl|JbxJLo4qZykJJZ3QFsCQS5HR+wKBgQDSUFtX/jzNpy3gEK+BcDAIi8+zX3aSFR0j|jnFjwioJ37H6TLea8Jh4cZqgpnXpDN5SKw4/fX8DoI76vww0uGzH88eZkhlZdft7|jk7g1gosaBGn4alyC0zAwh6+wj6ZWCDiP4w1HubmwDcKqMeEAvLbHBT7i+ivJJoV|SUPLxhWj4QKBgQCNnj4J2L7Hn/EfAp51sqYUrOnswbz5945Gl1BykQLTGeBL0ICs|fYo7XSmHhTimrv0We8FGu5udgiyEFX40scmvmoOVtvtV4a4ZrsT+O/fqv/wcvdHT|PbQtT2Vx+D0snNtn0xaGT3SU1z3hFkk9+bgBlqB0o1yr6wXRfYwpUUtriQKBgAqY|reGDF8Es2Sze6ljVNDZaBP7+olS955fxB1mFYOTadncsAlw2HxiCcM4DVRGG6nSt|YqxkQFAIeOu9UHofiKuSZs4gBFLzlNYm12aQojaWj70rq4PpedaEcVQfKVREknOT|zBapFe0uZheNZXALTf0oLw51gCXC7FiCNn4/3rtBAoGAED4Guve5Lg8xmjQEdNqt|u+/QJ04AXLX5v0QejZxLt+C7Oz5dHdBN47OYCPUwcusKVXB6jqkbeM6wGHjEPccv|yT68XWW2Nmkj7aWryZm58vJOTHoYyJp5Y/FbHxqXY7Lry5ujRbyZuHL6BYq07ZFB|qQyvRl12isr5YIakqeaTXNQ=|-----END PRIVATE KEY-----|
case.69.stderr=writing RSA key|
case.70.argv=dsa -in /work/courts/phase17/fixtures/dsa-key.pem -noout -text
case.70.exit=0
case.70.stdout=Private-Key: (1024 bit)|priv:|    74:dc:93:3a:cc:d9:15:e4:44:6f:dc:8c:bf:e5:69:|    f9:84:f9:dd:79:76:03:0e:1e:4c:06:a8:a9|pub: |    0a:7e:c3:f0:36:cc:0f:20:bc:d2:6a:68:aa:2b:0b:|    c8:c3:57:b4:8d:df:32:27:a3:87:c9:7c:4f:2c:3e:|    d0:7c:8a:65:33:d3:77:da:1c:bd:79:91:7c:48:ba:|    1f:85:e9:7a:61:54:d7:4e:7d:7d:b5:49:5c:f1:3e:|    77:68:58:ec:3b:be:41:dd:75:af:8e:07:c2:53:a1:|    62:7b:75:32:c5:03:ed:de:68:1d:5d:40:4d:87:75:|    b3:e3:6b:b3:13:25:5d:76:19:65:c8:da:4b:22:50:|    ef:2c:87:8d:26:5c:a9:97:28:8c:50:a3:2c:b4:5f:|    60:ae:ba:c1:6a:2b:40:ed|P:   |    00:fe:d9:f0:e3:06:5a:87:eb:5d:8f:22:dd:a8:43:|    43:b6:b5:11:f0:30:39:65:2b:10:3a:79:46:54:ab:|    b9:9a:9f:e4:e8:3f:44:b2:ad:36:95:da:68:9a:26:|    ef:62:04:93:2d:1f:c3:47:a1:bf:25:c8:9b:5f:13:|    ef:cd:7b:f9:17:4d:49:64:ef:47:33:ef:71:cb:43:|    12:ec:c2:33:b4:5c:ca:b0:dd:fc:10:84:ff:37:48:|    b4:a6:c5:72:1a:a8:6f:90:3b:91:57:25:73:2a:1f:|    6d:e5:61:c0:ec:0b:97:c0:0f:47:0a:7b:2a:f8:2a:|    87:83:40:6d:58:bd:98:fc:db|Q:   |    00:fa:a8:92:ea:39:24:4b:c4:70:1f:db:d3:a1:af:|    a8:2e:75:ea:10:e3:6e:09:5c:4f:c9:df:52:79|G:   |    00:b0:fb:0d:16:79:b5:6c:bc:f6:27:09:ae:4c:68:|    91:e5:7a:cd:f1:e8:ef:56:f4:b3:e2:6d:a7:47:bc:|    40:b8:db:3e:fd:a4:a6:7b:20:0b:6f:a9:8c:41:a0:|    71:9b:e5:2b:c2:86:7c:44:ee:72:df:fc:66:9a:87:|    f7:90:14:6a:fc:44:38:15:3b:d7:53:99:1a:ce:26:|    21:35:e8:99:b7:3a:0f:d3:f4:ad:3a:31:19:9e:7f:|    80:b8:42:20:55:62:d2:9e:ef:74:15:08:83:e2:d6:|    c8:c7:4b:60:1f:37:ba:2c:5a:a0:8a:2f:4c:0b:80:|    ab:ee:30:07:96:db:bd:a8:58|
case.70.stderr=read DSA key|
case.71.argv=dsa -in /work/courts/phase17/fixtures/dsa-key.pem -noout
case.71.exit=0
case.71.stdout=
case.71.stderr=read DSA key|
case.72.argv=dsa -in /work/courts/phase17/fixtures/dsa-pub.pem -pubin -noout -text
case.72.exit=0
case.72.stdout=Public-Key: (1024 bit)|pub: |    0a:7e:c3:f0:36:cc:0f:20:bc:d2:6a:68:aa:2b:0b:|    c8:c3:57:b4:8d:df:32:27:a3:87:c9:7c:4f:2c:3e:|    d0:7c:8a:65:33:d3:77:da:1c:bd:79:91:7c:48:ba:|    1f:85:e9:7a:61:54:d7:4e:7d:7d:b5:49:5c:f1:3e:|    77:68:58:ec:3b:be:41:dd:75:af:8e:07:c2:53:a1:|    62:7b:75:32:c5:03:ed:de:68:1d:5d:40:4d:87:75:|    b3:e3:6b:b3:13:25:5d:76:19:65:c8:da:4b:22:50:|    ef:2c:87:8d:26:5c:a9:97:28:8c:50:a3:2c:b4:5f:|    60:ae:ba:c1:6a:2b:40:ed|P:   |    00:fe:d9:f0:e3:06:5a:87:eb:5d:8f:22:dd:a8:43:|    43:b6:b5:11:f0:30:39:65:2b:10:3a:79:46:54:ab:|    b9:9a:9f:e4:e8:3f:44:b2:ad:36:95:da:68:9a:26:|    ef:62:04:93:2d:1f:c3:47:a1:bf:25:c8:9b:5f:13:|    ef:cd:7b:f9:17:4d:49:64:ef:47:33:ef:71:cb:43:|    12:ec:c2:33:b4:5c:ca:b0:dd:fc:10:84:ff:37:48:|    b4:a6:c5:72:1a:a8:6f:90:3b:91:57:25:73:2a:1f:|    6d:e5:61:c0:ec:0b:97:c0:0f:47:0a:7b:2a:f8:2a:|    87:83:40:6d:58:bd:98:fc:db|Q:   |    00:fa:a8:92:ea:39:24:4b:c4:70:1f:db:d3:a1:af:|    a8:2e:75:ea:10:e3:6e:09:5c:4f:c9:df:52:79|G:   |    00:b0:fb:0d:16:79:b5:6c:bc:f6:27:09:ae:4c:68:|    91:e5:7a:cd:f1:e8:ef:56:f4:b3:e2:6d:a7:47:bc:|    40:b8:db:3e:fd:a4:a6:7b:20:0b:6f:a9:8c:41:a0:|    71:9b:e5:2b:c2:86:7c:44:ee:72:df:fc:66:9a:87:|    f7:90:14:6a:fc:44:38:15:3b:d7:53:99:1a:ce:26:|    21:35:e8:99:b7:3a:0f:d3:f4:ad:3a:31:19:9e:7f:|    80:b8:42:20:55:62:d2:9e:ef:74:15:08:83:e2:d6:|    c8:c7:4b:60:1f:37:ba:2c:5a:a0:8a:2f:4c:0b:80:|    ab:ee:30:07:96:db:bd:a8:58|
case.72.stderr=read DSA key|
case.73.argv=dsa -in /work/courts/phase17/fixtures/dsa-key.pem
case.73.exit=0
case.73.stdout=-----BEGIN DSA PRIVATE KEY-----|MIIBywIBAAKBgQD+2fDjBlqH612PIt2oQ0O2tRHwMDllKxA6eUZUq7man+ToP0Sy|rTaV2miaJu9iBJMtH8NHob8lyJtfE+/Ne/kXTUlk70cz73HLQxLswjO0XMqw3fwQ|hP83SLSmxXIaqG+QO5FXJXMqH23lYcDsC5fAD0cKeyr4KoeDQG1YvZj82wIdAPqo|kuo5JEvEcB/b06GvqC516hDjbglcT8nfUnkCgYEAsPsNFnm1bLz2JwmuTGiR5XrN|8ejvVvSz4m2nR7xAuNs+/aSmeyALb6mMQaBxm+UrwoZ8RO5y3/xmmof3kBRq/EQ4|FTvXU5kaziYhNeiZtzoP0/StOjEZnn+AuEIgVWLSnu90FQiD4tbIx0tgHze6LFqg|ii9MC4Cr7jAHltu9qFgCgYAKfsPwNswPILzSamiqKwvIw1e0jd8yJ6OHyXxPLD7Q|fIplM9N32hy9eZF8SLofhel6YVTXTn19tUlc8T53aFjsO75B3XWvjgfCU6Fie3Uy|xQPt3mgdXUBNh3Wz42uzEyVddhllyNpLIlDvLIeNJlyplyiMUKMstF9grrrBaitA|7QIcdNyTOszZFeREb9yMv+Vp+YT53Xl2Aw4eTAaoqQ==|-----END DSA PRIVATE KEY-----|
case.73.stderr=read DSA key|writing DSA key|
case.74.argv=ec -in /work/courts/phase17/fixtures/ec-key.pem -noout -text
case.74.exit=0
case.74.stdout=Private-Key: (256 bit)|priv:|    6b:21:41:15:72:93:58:20:ef:11:ea:59:45:e0:99:|    18:0f:0b:5b:d8:ab:49:fc:53:3b:6f:5c:fa:94:55:|    cd:87|pub:|    04:1c:05:44:74:5a:cc:4f:05:74:65:a4:6f:57:a2:|    3b:a1:a9:d2:12:39:8d:1c:c6:bc:f4:fa:2b:38:3c:|    a1:90:41:60:ac:0e:25:a5:82:6f:26:ff:56:a8:c5:|    98:3c:74:59:7a:a3:c9:77:5b:47:13:11:0c:8d:ce:|    b0:66:14:03:e6|ASN1 OID: prime256v1|NIST CURVE: P-256|
case.74.stderr=
case.75.argv=ec -in /work/courts/phase17/fixtures/ec-key.pem -noout
case.75.exit=0
case.75.stdout=
case.75.stderr=
case.76.argv=ec -in /work/courts/phase17/fixtures/ec-key.pem -check -noout
case.76.exit=0
case.76.stdout=
case.76.stderr=EC Key valid.|
case.77.argv=ec -in /work/courts/phase17/fixtures/ec-pub.pem -pubin -noout -text
case.77.exit=0
case.77.stdout=Public-Key: (256 bit)|pub:|    04:1c:05:44:74:5a:cc:4f:05:74:65:a4:6f:57:a2:|    3b:a1:a9:d2:12:39:8d:1c:c6:bc:f4:fa:2b:38:3c:|    a1:90:41:60:ac:0e:25:a5:82:6f:26:ff:56:a8:c5:|    98:3c:74:59:7a:a3:c9:77:5b:47:13:11:0c:8d:ce:|    b0:66:14:03:e6|ASN1 OID: prime256v1|NIST CURVE: P-256|
case.77.stderr=
case.78.argv=ec -in /work/courts/phase17/fixtures/ec-key.pem
case.78.exit=0
case.78.stdout=-----BEGIN EC PRIVATE KEY-----|MHcCAQEEIGshQRVyk1gg7xHqWUXgmRgPC1vYq0n8UztvXPqUVc2HoAoGCCqGSM49|AwEHoUQDQgAEHAVEdFrMTwV0ZaRvV6I7oanSEjmNHMa89PorODyhkEFgrA4lpYJv|Jv9WqMWYPHRZeqPJd1tHExEMjc6wZhQD5g==|-----END EC PRIVATE KEY-----|
case.78.stderr=
case.79.argv=pkey -in /work/courts/phase17/fixtures/rsa-key.pem -noout -text
case.79.exit=0
case.79.stdout=Private-Key: (2048 bit, 2 primes)|modulus:|    00:af:1f:ac:ca:05:2d:d8:c2:66:b5:12:96:11:4d:|    1a:17:cd:95:77:56:f7:52:dd:9b:ff:8d:71:35:d1:|    c8:ac:f3:66:83:3a:60:eb:d2:17:27:50:ca:f4:80:|    49:0a:47:c8:49:b7:8a:50:b5:08:8a:5e:5e:44:3b:|    96:fe:8e:14:e6:44:78:07:e9:5a:22:f5:1a:8c:f2:|    2a:38:c5:45:57:e3:fa:d0:df:44:5b:af:02:43:66:|    4c:0e:2f:dc:41:36:e2:ad:e1:59:b8:c9:9b:fa:5b:|    ea:2f:41:d2:5f:37:70:86:e0:6d:92:e9:a4:fa:67:|    bc:96:44:00:be:c9:09:87:32:22:ef:fa:98:07:47:|    4c:49:a5:93:0a:19:54:08:82:b8:e8:85:7f:d6:88:|    72:52:7b:87:56:30:01:cf:f8:7e:d2:c6:8c:14:8c:|    3d:35:f2:25:67:c9:99:1a:bb:dc:2d:c3:2b:ff:95:|    e5:21:13:98:7d:31:f7:b3:cc:3d:b7:7e:91:31:60:|    c3:11:b3:92:19:00:9b:50:4f:94:22:8e:fb:44:af:|    1e:60:c8:22:47:ff:bf:6e:d5:f2:88:4a:48:c4:8a:|    4b:f6:d3:bb:d8:ee:0d:29:56:b8:c1:c8:07:d3:69:|    70:f3:df:c7:37:b8:7e:cb:ff:55:0d:4d:57:9f:73:|    5e:9b|publicExponent: 65537 (0x10001)|privateExponent:|    33:08:4d:f8:09:0e:55:2e:41:73:de:d8:b0:6e:01:|    7e:92:40:4e:28:9f:a6:1c:42:4b:74:52:5b:56:a8:|    de:0d:88:00:11:d1:10:a7:86:6b:c4:95:80:2e:aa:|    1a:3e:d4:d4:f6:91:6d:f7:73:67:af:1c:55:51:f0:|    2c:7a:07:09:1b:46:c7:37:6f:36:e4:aa:3a:0c:8f:|    d5:3f:57:77:c7:4d:dd:f4:52:1d:4d:a0:a1:37:7c:|    4e:5e:10:17:49:01:41:9e:7b:e0:e7:8f:76:a3:b6:|    58:d3:1b:94:f7:b8:e8:f5:19:b9:48:30:f5:6f:a9:|    7b:38:91:e7:06:fa:a9:d4:ad:05:7b:88:25:73:08:|    35:e4:16:e1:c3:cc:de:a1:21:af:7e:4e:48:3f:e2:|    00:ae:c5:ac:26:67:aa:e8:5c:88:93:1c:e4:b5:4f:|    14:7e:81:a1:53:a8:76:86:58:ad:e4:56:3a:c1:40:|    90:3b:5f:2b:27:b9:12:74:96:82:1f:c6:9b:8b:bb:|    c9:06:c2:88:44:49:b1:57:65:c4:6c:22:98:46:ec:|    f4:de:3a:43:27:4e:54:80:a5:1e:86:3e:bd:de:20:|    9d:9f:e1:cd:76:3b:ea:7b:b6:5b:ea:69:3d:63:50:|    d7:b8:7d:5e:5e:23:56:ca:61:76:e3:df:ba:70:83:|    81|prime1:|    00:d5:2a:60:e5:ac:ef:9c:15:e0:6e:8f:36:a2:b5:|    4d:b9:9a:58:28:55:19:ba:45:3d:7d:81:2e:99:f6:|    1b:5a:50:c8:69:76:4d:2b:9d:d3:69:fe:aa:29:3e:|    89:77:36:b3:f3:11:d9:65:a7:11:02:b1:0f:58:ef:|    86:e4:5d:98:32:72:d6:29:68:67:be:e2:09:85:73:|    1d:a3:ab:ef:03:14:92:74:61:a4:0c:6a:40:ed:d7:|    54:3a:68:16:9b:3c:17:13:64:dc:90:d0:d0:ae:ab:|    ef:de:40:74:65:25:bc:49:2e:8e:2a:67:29:09:25:|    9d:d0:16:c0:90:4b:91:d1:fb|prime2:|    00:d2:50:5b:57:fe:3c:cd:a7:2d:e0:10:af:81:70:|    30:08:8b:cf:b3:5f:76:92:15:1d:23:8e:71:63:c2:|    2a:09:df:b1:fa:4c:b7:9a:f0:98:78:71:9a:a0:a6:|    75:e9:0c:de:52:2b:0e:3f:7d:7f:03:a0:8e:fa:bf:|    0c:34:b8:6c:c7:f3:c7:99:92:19:59:75:fb:7b:8e:|    4e:e0:d6:0a:2c:68:11:a7:e1:a9:72:0b:4c:c0:c2:|    1e:be:c2:3e:99:58:20:e2:3f:8c:35:1e:e6:e6:c0:|    37:0a:a8:c7:84:02:f2:db:1c:14:fb:8b:e8:af:24:|    9a:15:49:43:cb:c6:15:a3:e1|exponent1:|    00:8d:9e:3e:09:d8:be:c7:9f:f1:1f:02:9e:75:b2:|    a6:14:ac:e9:ec:c1:bc:f9:f7:8e:46:97:50:72:91:|    02:d3:19:e0:4b:d0:80:ac:7d:8a:3b:5d:29:87:85:|    38:a6:ae:fd:16:7b:c1:46:bb:9b:9d:82:2c:84:15:|    7e:34:b1:c9:af:9a:83:95:b6:fb:55:e1:ae:19:ae:|    c4:fe:3b:f7:ea:bf:fc:1c:bd:d1:d3:3d:b4:2d:4f:|    65:71:f8:3d:2c:9c:db:67:d3:16:86:4f:74:94:d7:|    3d:e1:16:49:3d:f9:b8:01:96:a0:74:a3:5c:ab:eb:|    05:d1:7d:8c:29:51:4b:6b:89|exponent2:|    0a:98:ad:e1:83:17:c1:2c:d9:2c:de:ea:58:d5:34:|    36:5a:04:fe:fe:a2:54:bd:e7:97:f1:07:59:85:60:|    e4:da:76:77:2c:02:5c:36:1f:18:82:70:ce:03:55:|    11:86:ea:74:ad:62:ac:64:40:50:08:78:eb:bd:50:|    7a:1f:88:ab:92:66:ce:20:04:52:f3:94:d6:26:d7:|    66:90:a2:36:96:8f:bd:2b:ab:83:e9:79:d6:84:71:|    54:1f:29:54:44:92:73:93:cc:16:a9:15:ed:2e:66:|    17:8d:65:70:0b:4d:fd:28:2f:0e:75:80:25:c2:ec:|    58:82:36:7e:3f:de:bb:41|coefficient:|    10:3e:06:ba:f7:b9:2e:0f:31:9a:34:04:74:da:ad:|    bb:ef:d0:27:4e:00:5c:b5:f9:bf:44:1e:8d:9c:4b:|    b7:e0:bb:3b:3e:5d:1d:d0:4d:e3:b3:98:08:f5:30:|    72:eb:0a:55:70:7a:8e:a9:1b:78:ce:b0:18:78:c4:|    3d:c7:2f:c9:3e:bc:5d:65:b6:36:69:23:ed:a5:ab:|    c9:99:b9:f2:f2:4e:4c:7a:18:c8:9a:79:63:f1:5b:|    1f:1a:97:63:b2:eb:cb:9b:a3:45:bc:99:b8:72:fa:|    05:8a:b4:ed:91:41:a9:0c:af:46:5d:76:8a:ca:f9:|    60:86:a4:a9:e6:93:5c:d4|
case.79.stderr=
case.80.argv=pkey -in /work/courts/phase17/fixtures/rsa-key.pem -check -noout
case.80.exit=0
case.80.stdout=Key is valid|
case.80.stderr=
case.81.argv=pkey -in /work/courts/phase17/fixtures/rsa-key.pem -pubout -noout -text
case.81.exit=0
case.81.stdout=Public-Key: (2048 bit)|Modulus:|    00:af:1f:ac:ca:05:2d:d8:c2:66:b5:12:96:11:4d:|    1a:17:cd:95:77:56:f7:52:dd:9b:ff:8d:71:35:d1:|    c8:ac:f3:66:83:3a:60:eb:d2:17:27:50:ca:f4:80:|    49:0a:47:c8:49:b7:8a:50:b5:08:8a:5e:5e:44:3b:|    96:fe:8e:14:e6:44:78:07:e9:5a:22:f5:1a:8c:f2:|    2a:38:c5:45:57:e3:fa:d0:df:44:5b:af:02:43:66:|    4c:0e:2f:dc:41:36:e2:ad:e1:59:b8:c9:9b:fa:5b:|    ea:2f:41:d2:5f:37:70:86:e0:6d:92:e9:a4:fa:67:|    bc:96:44:00:be:c9:09:87:32:22:ef:fa:98:07:47:|    4c:49:a5:93:0a:19:54:08:82:b8:e8:85:7f:d6:88:|    72:52:7b:87:56:30:01:cf:f8:7e:d2:c6:8c:14:8c:|    3d:35:f2:25:67:c9:99:1a:bb:dc:2d:c3:2b:ff:95:|    e5:21:13:98:7d:31:f7:b3:cc:3d:b7:7e:91:31:60:|    c3:11:b3:92:19:00:9b:50:4f:94:22:8e:fb:44:af:|    1e:60:c8:22:47:ff:bf:6e:d5:f2:88:4a:48:c4:8a:|    4b:f6:d3:bb:d8:ee:0d:29:56:b8:c1:c8:07:d3:69:|    70:f3:df:c7:37:b8:7e:cb:ff:55:0d:4d:57:9f:73:|    5e:9b|Exponent: 65537 (0x10001)|
case.81.stderr=
case.82.argv=pkey -in /work/courts/phase17/fixtures/rsa-pub.pem -pubin -noout -text
case.82.exit=0
case.82.stdout=Public-Key: (2048 bit)|Modulus:|    00:af:1f:ac:ca:05:2d:d8:c2:66:b5:12:96:11:4d:|    1a:17:cd:95:77:56:f7:52:dd:9b:ff:8d:71:35:d1:|    c8:ac:f3:66:83:3a:60:eb:d2:17:27:50:ca:f4:80:|    49:0a:47:c8:49:b7:8a:50:b5:08:8a:5e:5e:44:3b:|    96:fe:8e:14:e6:44:78:07:e9:5a:22:f5:1a:8c:f2:|    2a:38:c5:45:57:e3:fa:d0:df:44:5b:af:02:43:66:|    4c:0e:2f:dc:41:36:e2:ad:e1:59:b8:c9:9b:fa:5b:|    ea:2f:41:d2:5f:37:70:86:e0:6d:92:e9:a4:fa:67:|    bc:96:44:00:be:c9:09:87:32:22:ef:fa:98:07:47:|    4c:49:a5:93:0a:19:54:08:82:b8:e8:85:7f:d6:88:|    72:52:7b:87:56:30:01:cf:f8:7e:d2:c6:8c:14:8c:|    3d:35:f2:25:67:c9:99:1a:bb:dc:2d:c3:2b:ff:95:|    e5:21:13:98:7d:31:f7:b3:cc:3d:b7:7e:91:31:60:|    c3:11:b3:92:19:00:9b:50:4f:94:22:8e:fb:44:af:|    1e:60:c8:22:47:ff:bf:6e:d5:f2:88:4a:48:c4:8a:|    4b:f6:d3:bb:d8:ee:0d:29:56:b8:c1:c8:07:d3:69:|    70:f3:df:c7:37:b8:7e:cb:ff:55:0d:4d:57:9f:73:|    5e:9b|Exponent: 65537 (0x10001)|
case.82.stderr=
case.83.argv=pkey -in /work/courts/phase17/fixtures/rsa-key.pem
case.83.exit=0
case.83.stdout=-----BEGIN PRIVATE KEY-----|MIIEvQIBADANBgkqhkiG9w0BAQEFAASCBKcwggSjAgEAAoIBAQCvH6zKBS3Ywma1|EpYRTRoXzZV3VvdS3Zv/jXE10cis82aDOmDr0hcnUMr0gEkKR8hJt4pQtQiKXl5E|O5b+jhTmRHgH6Voi9RqM8io4xUVX4/rQ30RbrwJDZkwOL9xBNuKt4Vm4yZv6W+ov|QdJfN3CG4G2S6aT6Z7yWRAC+yQmHMiLv+pgHR0xJpZMKGVQIgrjohX/WiHJSe4dW|MAHP+H7SxowUjD018iVnyZkau9wtwyv/leUhE5h9MfezzD23fpExYMMRs5IZAJtQ|T5QijvtErx5gyCJH/79u1fKISkjEikv207vY7g0pVrjByAfTaXDz38c3uH7L/1UN|TVefc16bAgMBAAECggEAMwhN+AkOVS5Bc97YsG4BfpJATiifphxCS3RSW1ao3g2I|ABHREKeGa8SVgC6qGj7U1PaRbfdzZ68cVVHwLHoHCRtGxzdvNuSqOgyP1T9Xd8dN|3fRSHU2goTd8Tl4QF0kBQZ574OePdqO2WNMblPe46PUZuUgw9W+peziR5wb6qdSt|BXuIJXMINeQW4cPM3qEhr35OSD/iAK7FrCZnquhciJMc5LVPFH6BoVOodoZYreRW|OsFAkDtfKye5EnSWgh/Gm4u7yQbCiERJsVdlxGwimEbs9N46QydOVIClHoY+vd4g|nZ/hzXY76nu2W+ppPWNQ17h9Xl4jVsphduPfunCDgQKBgQDVKmDlrO+cFeBujzai|tU25mlgoVRm6RT19gS6Z9htaUMhpdk0rndNp/qopPol3NrPzEdllpxECsQ9Y74bk|XZgyctYpaGe+4gmFcx2jq+8DFJJ0YaQMakDt11Q6aBabPBcTZNyQ0NCuq+/eQHRl|JbxJLo4qZykJJZ3QFsCQS5HR+wKBgQDSUFtX/jzNpy3gEK+BcDAIi8+zX3aSFR0j|jnFjwioJ37H6TLea8Jh4cZqgpnXpDN5SKw4/fX8DoI76vww0uGzH88eZkhlZdft7|jk7g1gosaBGn4alyC0zAwh6+wj6ZWCDiP4w1HubmwDcKqMeEAvLbHBT7i+ivJJoV|SUPLxhWj4QKBgQCNnj4J2L7Hn/EfAp51sqYUrOnswbz5945Gl1BykQLTGeBL0ICs|fYo7XSmHhTimrv0We8FGu5udgiyEFX40scmvmoOVtvtV4a4ZrsT+O/fqv/wcvdHT|PbQtT2Vx+D0snNtn0xaGT3SU1z3hFkk9+bgBlqB0o1yr6wXRfYwpUUtriQKBgAqY|reGDF8Es2Sze6ljVNDZaBP7+olS955fxB1mFYOTadncsAlw2HxiCcM4DVRGG6nSt|YqxkQFAIeOu9UHofiKuSZs4gBFLzlNYm12aQojaWj70rq4PpedaEcVQfKVREknOT|zBapFe0uZheNZXALTf0oLw51gCXC7FiCNn4/3rtBAoGAED4Guve5Lg8xmjQEdNqt|u+/QJ04AXLX5v0QejZxLt+C7Oz5dHdBN47OYCPUwcusKVXB6jqkbeM6wGHjEPccv|yT68XWW2Nmkj7aWryZm58vJOTHoYyJp5Y/FbHxqXY7Lry5ujRbyZuHL6BYq07ZFB|qQyvRl12isr5YIakqeaTXNQ=|-----END PRIVATE KEY-----|
case.83.stderr=
case.84.argv=pkcs8 -topk8 -nocrypt -in /work/courts/phase17/fixtures/rsa-key.pem
case.84.exit=0
case.84.stdout=-----BEGIN PRIVATE KEY-----|MIIEvQIBADANBgkqhkiG9w0BAQEFAASCBKcwggSjAgEAAoIBAQCvH6zKBS3Ywma1|EpYRTRoXzZV3VvdS3Zv/jXE10cis82aDOmDr0hcnUMr0gEkKR8hJt4pQtQiKXl5E|O5b+jhTmRHgH6Voi9RqM8io4xUVX4/rQ30RbrwJDZkwOL9xBNuKt4Vm4yZv6W+ov|QdJfN3CG4G2S6aT6Z7yWRAC+yQmHMiLv+pgHR0xJpZMKGVQIgrjohX/WiHJSe4dW|MAHP+H7SxowUjD018iVnyZkau9wtwyv/leUhE5h9MfezzD23fpExYMMRs5IZAJtQ|T5QijvtErx5gyCJH/79u1fKISkjEikv207vY7g0pVrjByAfTaXDz38c3uH7L/1UN|TVefc16bAgMBAAECggEAMwhN+AkOVS5Bc97YsG4BfpJATiifphxCS3RSW1ao3g2I|ABHREKeGa8SVgC6qGj7U1PaRbfdzZ68cVVHwLHoHCRtGxzdvNuSqOgyP1T9Xd8dN|3fRSHU2goTd8Tl4QF0kBQZ574OePdqO2WNMblPe46PUZuUgw9W+peziR5wb6qdSt|BXuIJXMINeQW4cPM3qEhr35OSD/iAK7FrCZnquhciJMc5LVPFH6BoVOodoZYreRW|OsFAkDtfKye5EnSWgh/Gm4u7yQbCiERJsVdlxGwimEbs9N46QydOVIClHoY+vd4g|nZ/hzXY76nu2W+ppPWNQ17h9Xl4jVsphduPfunCDgQKBgQDVKmDlrO+cFeBujzai|tU25mlgoVRm6RT19gS6Z9htaUMhpdk0rndNp/qopPol3NrPzEdllpxECsQ9Y74bk|XZgyctYpaGe+4gmFcx2jq+8DFJJ0YaQMakDt11Q6aBabPBcTZNyQ0NCuq+/eQHRl|JbxJLo4qZykJJZ3QFsCQS5HR+wKBgQDSUFtX/jzNpy3gEK+BcDAIi8+zX3aSFR0j|jnFjwioJ37H6TLea8Jh4cZqgpnXpDN5SKw4/fX8DoI76vww0uGzH88eZkhlZdft7|jk7g1gosaBGn4alyC0zAwh6+wj6ZWCDiP4w1HubmwDcKqMeEAvLbHBT7i+ivJJoV|SUPLxhWj4QKBgQCNnj4J2L7Hn/EfAp51sqYUrOnswbz5945Gl1BykQLTGeBL0ICs|fYo7XSmHhTimrv0We8FGu5udgiyEFX40scmvmoOVtvtV4a4ZrsT+O/fqv/wcvdHT|PbQtT2Vx+D0snNtn0xaGT3SU1z3hFkk9+bgBlqB0o1yr6wXRfYwpUUtriQKBgAqY|reGDF8Es2Sze6ljVNDZaBP7+olS955fxB1mFYOTadncsAlw2HxiCcM4DVRGG6nSt|YqxkQFAIeOu9UHofiKuSZs4gBFLzlNYm12aQojaWj70rq4PpedaEcVQfKVREknOT|zBapFe0uZheNZXALTf0oLw51gCXC7FiCNn4/3rtBAoGAED4Guve5Lg8xmjQEdNqt|u+/QJ04AXLX5v0QejZxLt+C7Oz5dHdBN47OYCPUwcusKVXB6jqkbeM6wGHjEPccv|yT68XWW2Nmkj7aWryZm58vJOTHoYyJp5Y/FbHxqXY7Lry5ujRbyZuHL6BYq07ZFB|qQyvRl12isr5YIakqeaTXNQ=|-----END PRIVATE KEY-----|
case.84.stderr=
case.85.argv=pkcs8 -topk8 -nocrypt -in /work/courts/phase17/fixtures/rsa-key-trad.pem
case.85.exit=0
case.85.stdout=-----BEGIN PRIVATE KEY-----|MIIEvQIBADANBgkqhkiG9w0BAQEFAASCBKcwggSjAgEAAoIBAQCvH6zKBS3Ywma1|EpYRTRoXzZV3VvdS3Zv/jXE10cis82aDOmDr0hcnUMr0gEkKR8hJt4pQtQiKXl5E|O5b+jhTmRHgH6Voi9RqM8io4xUVX4/rQ30RbrwJDZkwOL9xBNuKt4Vm4yZv6W+ov|QdJfN3CG4G2S6aT6Z7yWRAC+yQmHMiLv+pgHR0xJpZMKGVQIgrjohX/WiHJSe4dW|MAHP+H7SxowUjD018iVnyZkau9wtwyv/leUhE5h9MfezzD23fpExYMMRs5IZAJtQ|T5QijvtErx5gyCJH/79u1fKISkjEikv207vY7g0pVrjByAfTaXDz38c3uH7L/1UN|TVefc16bAgMBAAECggEAMwhN+AkOVS5Bc97YsG4BfpJATiifphxCS3RSW1ao3g2I|ABHREKeGa8SVgC6qGj7U1PaRbfdzZ68cVVHwLHoHCRtGxzdvNuSqOgyP1T9Xd8dN|3fRSHU2goTd8Tl4QF0kBQZ574OePdqO2WNMblPe46PUZuUgw9W+peziR5wb6qdSt|BXuIJXMINeQW4cPM3qEhr35OSD/iAK7FrCZnquhciJMc5LVPFH6BoVOodoZYreRW|OsFAkDtfKye5EnSWgh/Gm4u7yQbCiERJsVdlxGwimEbs9N46QydOVIClHoY+vd4g|nZ/hzXY76nu2W+ppPWNQ17h9Xl4jVsphduPfunCDgQKBgQDVKmDlrO+cFeBujzai|tU25mlgoVRm6RT19gS6Z9htaUMhpdk0rndNp/qopPol3NrPzEdllpxECsQ9Y74bk|XZgyctYpaGe+4gmFcx2jq+8DFJJ0YaQMakDt11Q6aBabPBcTZNyQ0NCuq+/eQHRl|JbxJLo4qZykJJZ3QFsCQS5HR+wKBgQDSUFtX/jzNpy3gEK+BcDAIi8+zX3aSFR0j|jnFjwioJ37H6TLea8Jh4cZqgpnXpDN5SKw4/fX8DoI76vww0uGzH88eZkhlZdft7|jk7g1gosaBGn4alyC0zAwh6+wj6ZWCDiP4w1HubmwDcKqMeEAvLbHBT7i+ivJJoV|SUPLxhWj4QKBgQCNnj4J2L7Hn/EfAp51sqYUrOnswbz5945Gl1BykQLTGeBL0ICs|fYo7XSmHhTimrv0We8FGu5udgiyEFX40scmvmoOVtvtV4a4ZrsT+O/fqv/wcvdHT|PbQtT2Vx+D0snNtn0xaGT3SU1z3hFkk9+bgBlqB0o1yr6wXRfYwpUUtriQKBgAqY|reGDF8Es2Sze6ljVNDZaBP7+olS955fxB1mFYOTadncsAlw2HxiCcM4DVRGG6nSt|YqxkQFAIeOu9UHofiKuSZs4gBFLzlNYm12aQojaWj70rq4PpedaEcVQfKVREknOT|zBapFe0uZheNZXALTf0oLw51gCXC7FiCNn4/3rtBAoGAED4Guve5Lg8xmjQEdNqt|u+/QJ04AXLX5v0QejZxLt+C7Oz5dHdBN47OYCPUwcusKVXB6jqkbeM6wGHjEPccv|yT68XWW2Nmkj7aWryZm58vJOTHoYyJp5Y/FbHxqXY7Lry5ujRbyZuHL6BYq07ZFB|qQyvRl12isr5YIakqeaTXNQ=|-----END PRIVATE KEY-----|
case.85.stderr=
case.86.argv=pkcs8 -in /work/courts/phase17/fixtures/rsa-key.pem -nocrypt
case.86.exit=0
case.86.stdout=-----BEGIN PRIVATE KEY-----|MIIEvQIBADANBgkqhkiG9w0BAQEFAASCBKcwggSjAgEAAoIBAQCvH6zKBS3Ywma1|EpYRTRoXzZV3VvdS3Zv/jXE10cis82aDOmDr0hcnUMr0gEkKR8hJt4pQtQiKXl5E|O5b+jhTmRHgH6Voi9RqM8io4xUVX4/rQ30RbrwJDZkwOL9xBNuKt4Vm4yZv6W+ov|QdJfN3CG4G2S6aT6Z7yWRAC+yQmHMiLv+pgHR0xJpZMKGVQIgrjohX/WiHJSe4dW|MAHP+H7SxowUjD018iVnyZkau9wtwyv/leUhE5h9MfezzD23fpExYMMRs5IZAJtQ|T5QijvtErx5gyCJH/79u1fKISkjEikv207vY7g0pVrjByAfTaXDz38c3uH7L/1UN|TVefc16bAgMBAAECggEAMwhN+AkOVS5Bc97YsG4BfpJATiifphxCS3RSW1ao3g2I|ABHREKeGa8SVgC6qGj7U1PaRbfdzZ68cVVHwLHoHCRtGxzdvNuSqOgyP1T9Xd8dN|3fRSHU2goTd8Tl4QF0kBQZ574OePdqO2WNMblPe46PUZuUgw9W+peziR5wb6qdSt|BXuIJXMINeQW4cPM3qEhr35OSD/iAK7FrCZnquhciJMc5LVPFH6BoVOodoZYreRW|OsFAkDtfKye5EnSWgh/Gm4u7yQbCiERJsVdlxGwimEbs9N46QydOVIClHoY+vd4g|nZ/hzXY76nu2W+ppPWNQ17h9Xl4jVsphduPfunCDgQKBgQDVKmDlrO+cFeBujzai|tU25mlgoVRm6RT19gS6Z9htaUMhpdk0rndNp/qopPol3NrPzEdllpxECsQ9Y74bk|XZgyctYpaGe+4gmFcx2jq+8DFJJ0YaQMakDt11Q6aBabPBcTZNyQ0NCuq+/eQHRl|JbxJLo4qZykJJZ3QFsCQS5HR+wKBgQDSUFtX/jzNpy3gEK+BcDAIi8+zX3aSFR0j|jnFjwioJ37H6TLea8Jh4cZqgpnXpDN5SKw4/fX8DoI76vww0uGzH88eZkhlZdft7|jk7g1gosaBGn4alyC0zAwh6+wj6ZWCDiP4w1HubmwDcKqMeEAvLbHBT7i+ivJJoV|SUPLxhWj4QKBgQCNnj4J2L7Hn/EfAp51sqYUrOnswbz5945Gl1BykQLTGeBL0ICs|fYo7XSmHhTimrv0We8FGu5udgiyEFX40scmvmoOVtvtV4a4ZrsT+O/fqv/wcvdHT|PbQtT2Vx+D0snNtn0xaGT3SU1z3hFkk9+bgBlqB0o1yr6wXRfYwpUUtriQKBgAqY|reGDF8Es2Sze6ljVNDZaBP7+olS955fxB1mFYOTadncsAlw2HxiCcM4DVRGG6nSt|YqxkQFAIeOu9UHofiKuSZs4gBFLzlNYm12aQojaWj70rq4PpedaEcVQfKVREknOT|zBapFe0uZheNZXALTf0oLw51gCXC7FiCNn4/3rtBAoGAED4Guve5Lg8xmjQEdNqt|u+/QJ04AXLX5v0QejZxLt+C7Oz5dHdBN47OYCPUwcusKVXB6jqkbeM6wGHjEPccv|yT68XWW2Nmkj7aWryZm58vJOTHoYyJp5Y/FbHxqXY7Lry5ujRbyZuHL6BYq07ZFB|qQyvRl12isr5YIakqeaTXNQ=|-----END PRIVATE KEY-----|
case.86.stderr=
case.87.argv=verify -no-CApath -no-CAstore -CAfile /work/courts/phase17/fixtures/ca.pem /work/courts/phase17/fixtures/leaf.pem
case.87.exit=0
case.87.stdout=/work/courts/phase17/fixtures/leaf.pem: OK|
case.87.stderr=
case.88.argv=verify -CAfile /work/courts/phase17/fixtures/ca.pem /work/courts/phase17/fixtures/leaf.pem
case.88.exit=0
case.88.stdout=/work/courts/phase17/fixtures/leaf.pem: OK|
case.88.stderr=
case.89.argv=crl -in /work/courts/phase17/fixtures/crl.pem -noout
case.89.exit=0
case.89.stdout=
case.89.stderr=
case.90.argv=crl -in /work/courts/phase17/fixtures/crl.pem -text -noout
case.90.exit=0
case.90.stdout=Certificate Revocation List (CRL):|    Version 2 (0x1)|    Signature Algorithm: sha256WithRSAEncryption|    Issuer: CN=openssl-rs court CA|    Last Update: Oct  4 07:27:21 2026 GMT|    Next Update: Oct  1 07:27:21 2036 GMT|    CRL extensions:|        X509v3 CRL Number: |            4096|No Revoked Certificates.|    Signature Algorithm: sha256WithRSAEncryption|    Signature Value:|        16:a7:3e:aa:fa:a2:10:2f:ec:a3:6c:05:84:c4:35:de:0b:4f:|        19:a6:9b:6d:9b:1f:d8:a1:d9:4b:30:b4:43:b0:d5:c5:29:90:|        b4:28:cb:38:fc:88:e8:03:1a:87:76:18:93:05:a7:27:b0:e2:|        24:76:68:17:6b:be:0c:ae:d5:3d:0a:f7:55:5c:4e:51:08:a0:|        90:2a:68:88:09:1e:ff:2a:24:fa:d0:ce:ae:90:24:c2:31:b7:|        d9:49:da:c4:cb:db:4a:91:73:7e:70:6c:21:1f:b1:f9:a3:66:|        d7:44:eb:f8:a0:9e:ad:1a:77:b5:27:d6:5b:a2:12:f2:12:61:|        5c:ed:31:34:98:cf:cf:7b:47:9e:91:54:37:e5:63:58:72:68:|        d6:7b:89:5f:04:a9:c3:0a:d1:c3:4a:ad:38:e8:0c:84:f1:68:|        9e:1c:12:ca:6d:85:0e:75:a0:c8:b2:ec:23:eb:cc:36:ae:b2:|        9a:85:88:d2:25:67:d4:cc:5d:a1:a8:88:d1:bb:50:f3:66:7b:|        ed:a2:b0:72:41:0f:eb:56:ac:2e:84:c5:f3:d7:eb:46:6f:bd:|        91:3f:ba:5c:02:c1:6b:7f:20:75:e5:0b:0d:f0:97:2e:66:2e:|        01:3b:9a:82:b7:c8:34:35:72:00:a6:80:5d:27:8f:2d:2d:b0:|        c8:98:f4:8a|
case.90.stderr=
case.91.argv=crl -in /work/courts/phase17/fixtures/crl.pem -issuer -noout
case.91.exit=0
case.91.stdout=issuer=CN=openssl-rs court CA|
case.91.stderr=
case.92.argv=crl -in /work/courts/phase17/fixtures/crl.pem -lastupdate -noout
case.92.exit=0
case.92.stdout=lastUpdate=Oct  4 07:27:21 2026 GMT|
case.92.stderr=
case.93.argv=crl -in /work/courts/phase17/fixtures/crl.pem -nextupdate -noout
case.93.exit=0
case.93.stdout=nextUpdate=Oct  1 07:27:21 2036 GMT|
case.93.stderr=
case.94.argv=crl -in /work/courts/phase17/fixtures/crl.pem -crlnumber -noout
case.94.exit=0
case.94.stdout=crlNumber=0x1000|
case.94.stderr=
case.95.argv=crl -in /work/courts/phase17/fixtures/crl.pem -hash -noout
case.95.exit=0
case.95.stdout=bbce5402|
case.95.stderr=
case.96.argv=crl -in /work/courts/phase17/fixtures/crl.pem -fingerprint -noout
case.96.exit=0
case.96.stdout=SHA1 Fingerprint=DF:13:D2:9D:C2:9B:A6:FF:59:F2:9C:8A:2C:10:ED:5D:D0:3E:EA:90|
case.96.stderr=
case.97.argv=crl -in /work/courts/phase17/fixtures/crl.pem
case.97.exit=0
case.97.stdout=-----BEGIN X509 CRL-----|MIIBdzBhAgEBMA0GCSqGSIb3DQEBCwUAMB4xHDAaBgNVBAMME29wZW5zc2wtcnMg|Y291cnQgQ0EXDTI2MTAwNDA3MjcyMVoXDTM2MTAwMTA3MjcyMVqgDzANMAsGA1Ud|FAQEAgIQADANBgkqhkiG9w0BAQsFAAOCAQEAFqc+qvqiEC/so2wFhMQ13gtPGaab|bZsf2KHZSzC0Q7DVxSmQtCjLOPyI6AMah3YYkwWnJ7DiJHZoF2u+DK7VPQr3VVxO|UQigkCpoiAke/yok+tDOrpAkwjG32UnaxMvbSpFzfnBsIR+x+aNm10Tr+KCerRp3|tSfWW6IS8hJhXO0xNJjPz3tHnpFUN+VjWHJo1nuJXwSpwwrRw0qtOOgMhPFonhwS|ym2FDnWgyLLsI+vMNq6ymoWI0iVn1MxdoaiI0btQ82Z77aKwckEP61asLoTF89fr|Rm+9kT+6XALBa38gdeULDfCXLmYuATuagrfINDVyAKaAXSePLS2wyJj0ig==|-----END X509 CRL-----|
case.97.stderr=
case.98.argv=rsautl -sign -pubin
case.98.exit=1
case.98.stdout=
case.98.stderr=The command rsautl was deprecated in version 3.0. Use 'pkeyutl' instead.|A private key is needed for this operation|
case.99.argv=rsautl -decrypt -certin
case.99.exit=1
case.99.stdout=
case.99.stderr=The command rsautl was deprecated in version 3.0. Use 'pkeyutl' instead.|A private key is needed for this operation|
case.100.argv=rsautl -bogus
case.100.exit=1
case.100.stdout=
case.100.stderr=The command rsautl was deprecated in version 3.0. Use 'pkeyutl' instead.|rsautl: Unknown option: -bogus|rsautl: Use -help for summary.|
case.101.argv=gendsa
case.101.exit=1
case.101.stdout=
case.101.stderr=gendsa: Missing argument: params file|gendsa: Use -help for summary.|
case.102.argv=rand
case.102.exit=0
case.102.stdout=
case.102.stderr=
case.103.argv=rand 0
case.103.exit=1
case.103.stdout=
case.103.stderr=rand: Use -help for summary.|
case.104.argv=rand abc
case.104.exit=1
case.104.stdout=
case.104.stderr=Invalid size suffix abc|rand: Use -help for summary.|
case.105.argv=rand -hex abc
case.105.exit=1
case.105.stdout=
case.105.stderr=Invalid size suffix abc|rand: Use -help for summary.|
case.106.argv=rehash /nonexistent-phase17e
case.106.exit=1
case.106.stdout=
case.106.stderr=Skipping /nonexistent-phase17e, can't write|
case.107.argv=rehash -v /nonexistent-phase17e
case.107.exit=1
case.107.stdout=
case.107.stderr=Skipping /nonexistent-phase17e, can't write|
case.108.argv=storeutl -noout -keys /work/courts/phase17/fixtures/rsa-key.pem
case.108.exit=0
case.108.stdout=0: Pkey|Total found: 1|
case.108.stderr=
case.109.argv=storeutl -noout -certs /work/courts/phase17/fixtures/certs.pem
case.109.exit=0
case.109.stdout=0: Certificate|Total found: 1|
case.109.stderr=
case.110.argv=dhparam -in /work/courts/phase17/fixtures/dhparams.pem -text -noout
case.110.exit=0
case.110.stdout=    DH Parameters: (1024 bit)|    P:   |        00:d6:ed:aa:7c:23:1d:20:b5:10:88:af:50:cf:1e:|        db:1b:92:80:6d:64:e0:b7:de:b5:69:11:36:f8:df:|        d2:4f:91:04:a1:9d:b6:46:c2:1f:fd:30:25:c7:6d:|        d6:fe:2f:0b:55:9e:31:31:4c:14:46:53:13:0a:74:|        7b:82:f2:a0:3e:56:41:b5:3b:ea:77:65:38:a5:e2:|        a9:20:8e:c0:7d:6f:fd:44:47:eb:4e:2a:d1:e1:4f:|        81:70:df:9d:22:e8:28:ba:92:0e:32:d1:91:f6:c1:|        7e:9c:89:56:b8:31:a9:0c:4c:1d:75:e4:43:10:c7:|        d9:27:c1:9e:ae:a9:a2:e8:b3|    G:    2 (0x2)|
case.110.stderr=
case.111.argv=dhparam -in /work/courts/phase17/fixtures/dhparams.pem -noout
case.111.exit=0
case.111.stdout=
case.111.stderr=
case.112.argv=dhparam -in /work/courts/phase17/fixtures/dhparams.pem -check
case.112.exit=0
case.112.stdout=-----BEGIN DH PARAMETERS-----|MIGHAoGBANbtqnwjHSC1EIivUM8e2xuSgG1k4LfetWkRNvjf0k+RBKGdtkbCH/0w|Jcdt1v4vC1WeMTFMFEZTEwp0e4LyoD5WQbU76ndlOKXiqSCOwH1v/URH604q0eFP|gXDfnSLoKLqSDjLRkfbBfpyJVrgxqQxMHXXkQxDH2SfBnq6pouizAgEC|-----END DH PARAMETERS-----|
case.112.stderr=DH parameters appear to be ok.|
case.113.argv=genpkey
case.113.exit=1
case.113.stdout=
case.113.stderr=genpkey: Use -help for summary.|
case.114.argv=passwd -1 -salt abcdefgh secret
case.114.exit=0
case.114.stdout=$1$abcdefgh$cHJi5PXp/ki/ktXzqlk6I1|
case.114.stderr=
case.115.argv=passwd -5 -salt abcdefgh01234567 secret
case.115.exit=0
case.115.stdout=$5$abcdefgh01234567$rdiPGx6jTgUOtYsB3rTnUuzmr09o1IkArIkGpBQTWR1|
case.115.stderr=
case.116.argv=passwd -6 -salt abcdefgh01234567 secret
case.116.exit=0
case.116.stdout=$6$abcdefgh01234567$8X2xROWm5Qq2E1IZ90S22NQk02J9n71lqu7GOMw1odIJWf.lIok..9FROVfdBmEBYTKA4AFnCjJeXvjL4DV.O/|
case.116.stderr=
case.117.argv=passwd -1 -salt abcdefgh -in /work/courts/phase17/fixtures/pwfile.txt
case.117.exit=0
case.117.stdout=$1$abcdefgh$cHJi5PXp/ki/ktXzqlk6I1|
case.117.stderr=
case.118.argv=passwd -1 -salt abcdefgh -table secret
case.118.exit=0
case.118.stdout=secret	$1$abcdefgh$cHJi5PXp/ki/ktXzqlk6I1|
case.118.stderr=
case.119.argv=passwd -1 -salt abcdefgh -table -reverse secret
case.119.exit=0
case.119.stdout=$1$abcdefgh$cHJi5PXp/ki/ktXzqlk6I1	secret|
case.119.stderr=
case.120.argv=pkeyutl -sign -inkey /work/courts/phase17/fixtures/rsa-key.pem -in /work/courts/phase17/fixtures/small.bin
case.120.exit=0
case.120.stdout=hàû?Ñ¥:π‡Üˇ±••!MG·@~‰∆ﬁ◊$€$‚óƒ>©`ø¿≥¬˘Í⁄ÄÁÛÈd1çıyòB˛Óı≠—fØ%¡ XÇ∆$æ„«‹&Á¯ñ5ZCÜ"è¯ËÖh/‹Ê¯ºÔã~â£ï…9>=’Êé^ù…Ò∏Qö|5nù)WºYybæÏÑé|d‹ç|>~ª*1v9À¬Üe4dPxd¢Ö±∑	Ú§á˘"•7f}¢pÅIˆ˜FgºjA(ÃÙZ~)çØÑé˛mıI4πs?µ¥±Ë‘I46w#Ÿ˘ì$ÖÓ…›—º®Ëˆû6K	knŸ”èÇÕÂÜÊ 5ÿj
case.120.stderr=
case.121.argv=pkeyutl -verify -pubin -inkey /work/courts/phase17/fixtures/rsa-pub.pem -in /work/courts/phase17/fixtures/small.bin -sigfile /work/courts/phase17/fixtures/small.sig
case.121.exit=0
case.121.stdout=Signature Verified Successfully|
case.121.stderr=
case.122.argv=pkeyutl -encrypt -pubin -inkey /work/courts/phase17/fixtures/rsa-pub.pem -in /work/courts/phase17/fixtures/rsa256.bin -pkeyopt rsa_padding_mode:none
case.122.exit=0
case.122.stdout=¶∫ÊÆÁ√?≥Œb∆zì†1_aµ#c;uΩskÜáœÙÂh£ø»TkaêÑ∏ñü˛J–5¯y}≥CI¥N˚ï…˘ÙÁG{ÏNõ˙∏HààlØ-˚ÌﬂÃz=raÉW;£-‡ﬂ<ˇ?u⁄Qd?hæRÚ˘RÙ€™ÁÊ&:¶‚;'≈h¿∑¢SÉ•#Ï[AßáöÊC‚…ΩgŸÏrÍOÏ¡ êGO:tP5“ª©Ù}lÚüÆ!ÂÅ7—µ™	#‡ÄL4µ]ç•Ôê®ÍJ{˚y>¢1J†ú£\V@é•àúöŸx4Np_<©Ka2]D—Ï…Êuüy{’¶
case.122.stderr=
case.123.argv=pkeyutl -decrypt -inkey /work/courts/phase17/fixtures/rsa-key.pem -in /work/courts/phase17/fixtures/rsa256.ct -pkeyopt rsa_padding_mode:none
case.123.exit=0
case.123.stdout=AAAAAAAAAAAAAAAAAAAAAAAAAAAAAAAAAAAAAAAAAAAAAAAAAAAAAAAAAAAAAAAAAAAAAAAAAAAAAAAAAAAAAAAAAAAAAAAAAAAAAAAAAAAAAAAAAAAAAAAAAAAAAAAAAAAAAAAAAAAAAAAAAAAAAAAAAAAAAAAAAAAAAAAAAAAAAAAAAAAAAAAAAAAAAAAAAAAAAAAAAAAAAAAAAAAAAAAAAAAAAAAAAAAAAAAAAAAAAAAAAAAAAAAAAAAAAAAA
case.123.stderr=
case.124.argv=enc -aes-128-cbc -K 000102030405060708090a0b0c0d0e0f -iv 000102030405060708090a0b0c0d0e0f -in /work/courts/phase17/fixtures/small.bin
case.124.exit=0
case.124.stdout=°ÑåBªã^F¨ŸXÃ˛≈O¬∏˙Æì0‹‘ﬂ¢!≠Õ\iß.1œ≥Œ~ÄÆey¡©!/
case.124.stderr=
case.125.argv=enc -aes-128-cbc -K 000102030405060708090a0b0c0d0e0f -iv 000102030405060708090a0b0c0d0e0f -in /work/courts/phase17/fixtures/small.enc -d
case.125.exit=0
case.125.stdout=0123456789abcdef0123456789abcdef
case.125.stderr=
case.126.argv=enc -aes-128-cbc -K 000102030405060708090a0b0c0d0e0f -iv 000102030405060708090a0b0c0d0e0f -in /work/courts/phase17/fixtures/small.bin -a
case.126.exit=0
case.126.stdout=oYSMQruLXhpGrNlYzP7FT8K4+q6TMNzU36Ihrc1caacuMc+zzhF+gK5lAHnBqSEv|
case.126.stderr=
case.127.argv=enc -aes-128-cbc -K 000102030405060708090a0b0c0d0e0f -iv 000102030405060708090a0b0c0d0e0f -in /work/courts/phase17/fixtures/small.bin -a -A
case.127.exit=0
case.127.stdout=oYSMQruLXhpGrNlYzP7FT8K4+q6TMNzU36Ihrc1caacuMc+zzhF+gK5lAHnBqSEv
case.127.stderr=
case.128.argv=enc -aes-128-cbc -K 000102030405060708090a0b0c0d0e0f -iv 000102030405060708090a0b0c0d0e0f -in /work/courts/phase17/fixtures/small.bin -nopad
case.128.exit=0
case.128.stdout=°ÑåBªã^F¨ŸXÃ˛≈O¬∏˙Æì0‹‘ﬂ¢!≠Õ\iß
case.128.stderr=
case.129.argv=enc -aes-128-cbc -K 000102030405060708090a0b0c0d0e0f -iv 000102030405060708090a0b0c0d0e0f -in /work/courts/phase17/fixtures/small.bin -P -nosalt
case.129.exit=0
case.129.stdout=key=000102030405060708090A0B0C0D0E0F|iv =000102030405060708090A0B0C0D0E0F|
case.129.stderr=
case.130.argv=dgst -sha256 /work/courts/phase17/fixtures/small.bin
case.130.exit=0
case.130.stdout=SHA2-256(/work/courts/phase17/fixtures/small.bin)= 3eb1bd439947eb762998e566ccc2e099c791118b2f40579cc4f7da2b5061b7f9|
case.130.stderr=
case.131.argv=dgst -sha256 -hex /work/courts/phase17/fixtures/small.bin
case.131.exit=0
case.131.stdout=SHA2-256(/work/courts/phase17/fixtures/small.bin)= 3eb1bd439947eb762998e566ccc2e099c791118b2f40579cc4f7da2b5061b7f9|
case.131.stderr=
case.132.argv=dgst -sha256 -binary /work/courts/phase17/fixtures/small.bin
case.132.exit=0
case.132.stdout=>±ΩCôGÎv)òÂfÃ¬‡ô«ëã/@Wúƒ˜⁄+Pa∑˘
case.132.stderr=
case.133.argv=dgst -sha256 -c /work/courts/phase17/fixtures/small.bin
case.133.exit=0
case.133.stdout=SHA2-256(/work/courts/phase17/fixtures/small.bin)= 3e:b1:bd:43:99:47:eb:76:29:98:e5:66:cc:c2:e0:99:c7:91:11:8b:2f:40:57:9c:c4:f7:da:2b:50:61:b7:f9|
case.133.stderr=
case.134.argv=dgst -sha256 -r /work/courts/phase17/fixtures/small.bin
case.134.exit=0
case.134.stdout=3eb1bd439947eb762998e566ccc2e099c791118b2f40579cc4f7da2b5061b7f9 */work/courts/phase17/fixtures/small.bin|
case.134.stderr=
case.135.argv=dgst -hmac secret /work/courts/phase17/fixtures/small.bin
case.135.exit=0
case.135.stdout=HMAC-SHA256(/work/courts/phase17/fixtures/small.bin)= 4048002ec5ff2ec0ea0d5a8cc577d5542744d62cdfb71f677645c382ec3373f8|
case.135.stderr=
case.136.argv=dgst -sha256 -hmac secret /work/courts/phase17/fixtures/small.bin
case.136.exit=0
case.136.stdout=HMAC-SHA2-256(/work/courts/phase17/fixtures/small.bin)= 4048002ec5ff2ec0ea0d5a8cc577d5542744d62cdfb71f677645c382ec3373f8|
case.136.stderr=
case.137.argv=dgst -sha256 -sign /work/courts/phase17/fixtures/rsa-key.pem /work/courts/phase17/fixtures/small.bin
case.137.exit=0
case.137.stdout=}.Wr¥‰T5ÇQ #Q/jPÎrË:?bAS—‰≥˙ÈÁBÁy‘õc°´$ÕfÌa∂kBzö⁄Œj·¿%5ÍüA%ÅK©z/A)|◊ò†®:,éÉbúVµ:x#~ÂËêñŸw(Wku].Éâ¿IUÖj·∂}>‡EO[>`Ö5§)Ø;`,L™´ı†™£í|]/cÎy˘D1'È]ü¥\ﬂÜé‘-ë›Æ^ïvÿ⁄‚µú¸}Êπ¸û•/|Â ô,˝qûóﬁÎöèæ[ˇ2R‹áÃÂ∞nP$tC±3ÿ'úÖ3VEÜÇ„ﬂ°yÔñáÀ§Èa¿éƒH
case.137.stderr=
case.138.argv=dgst -sha256 -verify /work/courts/phase17/fixtures/rsa-pub.pem -signature /work/courts/phase17/fixtures/dgst.sig /work/courts/phase17/fixtures/small.bin
case.138.exit=0
case.138.stdout=Verified OK|
case.138.stderr=
case.139.argv=pkcs7 -in /work/courts/phase17/fixtures/p7.pem
case.139.exit=0
case.139.stdout=-----BEGIN PKCS7-----|MIIBogYJKoZIhvcNAQcCoIIBkzCCAY8CAQExADALBgkqhkiG9w0BBwGgggF3MIIB|czCCAR0CFEqkMs9xq0qfdNflIpoqdDaOU/ThMA0GCSqGSIb3DQEBBAUAMDoxCzAJ|BgNVBAYTAkFVMQwwCgYDVQQIDANRTEQxHTAbBgNVBAMMFFNTTGVheSByc2EgdGVz|dCBjZXJ0MCAXDTIwMDczMTE3MTM0NVoYDzIxMjAwNzA3MTcxMzQ1WjA6MQswCQYD|VQQGEwJBVTEMMAoGA1UECAwDUUxEMR0wGwYDVQQDDBRTU0xlYXkgcnNhIHRlc3Qg|Y2VydDBcMA0GCSqGSIb3DQEBAQUAA0sAMEgCQQDUZKgYSMuJdiw2aIQIG4LDvm9H|bUnyJyj6WgPkpw98dVKTj0jo3F6n/e3anYzvSpOiPkTuvw209yslzJs40Sf7AgMB|AAEwDQYJKoZIhvcNAQEEBQADQQBV1bQAvyLvJQrNt7WEKmo/inigwjsvQYwdnxmV|6zWhqpQZmo86/ixumUa6zTlq+y4+wiiFngMZ7Bt0O769NlzxMQA=|-----END PKCS7-----|
case.139.stderr=
case.140.argv=pkcs7 -print_certs -in /work/courts/phase17/fixtures/p7.pem
case.140.exit=0
case.140.stdout=subject=C=AU, ST=QLD, CN=SSLeay rsa test cert|issuer=C=AU, ST=QLD, CN=SSLeay rsa test cert|-----BEGIN CERTIFICATE-----|MIIBczCCAR0CFEqkMs9xq0qfdNflIpoqdDaOU/ThMA0GCSqGSIb3DQEBBAUAMDox|CzAJBgNVBAYTAkFVMQwwCgYDVQQIDANRTEQxHTAbBgNVBAMMFFNTTGVheSByc2Eg|dGVzdCBjZXJ0MCAXDTIwMDczMTE3MTM0NVoYDzIxMjAwNzA3MTcxMzQ1WjA6MQsw|CQYDVQQGEwJBVTEMMAoGA1UECAwDUUxEMR0wGwYDVQQDDBRTU0xlYXkgcnNhIHRl|c3QgY2VydDBcMA0GCSqGSIb3DQEBAQUAA0sAMEgCQQDUZKgYSMuJdiw2aIQIG4LD|vm9HbUnyJyj6WgPkpw98dVKTj0jo3F6n/e3anYzvSpOiPkTuvw209yslzJs40Sf7|AgMBAAEwDQYJKoZIhvcNAQEEBQADQQBV1bQAvyLvJQrNt7WEKmo/inigwjsvQYwd|nxmV6zWhqpQZmo86/ixumUa6zTlq+y4+wiiFngMZ7Bt0O769Nlzx|-----END CERTIFICATE-----||
case.140.stderr=
case.141.argv=pkcs7 -print_certs -quiet -in /work/courts/phase17/fixtures/p7.pem
case.141.exit=0
case.141.stdout=-----BEGIN CERTIFICATE-----|MIIBczCCAR0CFEqkMs9xq0qfdNflIpoqdDaOU/ThMA0GCSqGSIb3DQEBBAUAMDox|CzAJBgNVBAYTAkFVMQwwCgYDVQQIDANRTEQxHTAbBgNVBAMMFFNTTGVheSByc2Eg|dGVzdCBjZXJ0MCAXDTIwMDczMTE3MTM0NVoYDzIxMjAwNzA3MTcxMzQ1WjA6MQsw|CQYDVQQGEwJBVTEMMAoGA1UECAwDUUxEMR0wGwYDVQQDDBRTU0xlYXkgcnNhIHRl|c3QgY2VydDBcMA0GCSqGSIb3DQEBAQUAA0sAMEgCQQDUZKgYSMuJdiw2aIQIG4LD|vm9HbUnyJyj6WgPkpw98dVKTj0jo3F6n/e3anYzvSpOiPkTuvw209yslzJs40Sf7|AgMBAAEwDQYJKoZIhvcNAQEEBQADQQBV1bQAvyLvJQrNt7WEKmo/inigwjsvQYwd|nxmV6zWhqpQZmo86/ixumUa6zTlq+y4+wiiFngMZ7Bt0O769Nlzx|-----END CERTIFICATE-----||
case.141.stderr=
case.142.argv=pkcs7 -in /work/courts/phase17/fixtures/p7.pem -outform DER
case.142.exit=0
case.142.stdout=0Ç¢	*ÜHÜ˜^†Çì0Çè10	*ÜHÜ˜^†Çw0Çs0ÇJ§2œq´Jüt◊Â"ö*t6éSÙ·0^	*ÜHÜ˜^0:10	UAU10|UQLD10USSLeay rsa test cert0 ^200731171345Z21200707171345Z0:10	UAU10|UQLD10USSLeay rsa test cert0\0^	*ÜHÜ˜^K0HA‘d®HÀâv,6hÑÇ√æoGmIÚ'(˙Z‰ß|uRìèHË‹^ß˝Ì⁄ùåÔJì¢>DÓø^¥˜+%Ãõ8—'˚0^	*ÜHÜ˜^AU’¥ø"Ô%|Õ∑µÑ*j?äx†¬;/AåüïÎ5°™îöè:˛,nôF∫Õ9j˚.>¬(ÖûÏt;æΩ6\Ò1
case.142.stderr=
case.143.argv=ocsp
case.143.exit=1
case.143.stdout=
case.143.stderr=ocsp: Use -help for summary.|
case.144.argv=ocsp -issuer /work/courts/phase17/fixtures/ca.pem -cert /work/courts/phase17/fixtures/leaf.pem -no_nonce -reqout /dev/stdout
case.144.exit=0
case.144.stdout=0C0A0?0=0;0	+Z=Ô˙‚Æ¥NÚœ_020Ê2˚ƒ9Â>/@lck{¨ØãjŸ∫
case.144.stderr=
case.145.argv=ocsp -issuer /work/courts/phase17/fixtures/ca.pem -cert /work/courts/phase17/fixtures/leaf.pem -no_nonce -req_text -out /dev/stdout
case.145.exit=0
case.145.stdout=OCSP Request Data:|    Version: 1 (0x0)|    Requestor List:|        Certificate ID:|          Hash Algorithm: sha1|          Issuer Name Hash: 5A3D1CEFFAE2AEB44E0B0FF2CF5F303230E61F03|          Issuer Key Hash: 32FBC439E53E2F406C636B7BACAF8B6A1FD9BA1B|          Serial Number: 1000|
case.145.stderr=
case.146.argv=ts
case.146.exit=1
case.146.stdout=
case.146.stderr=ts: Must give one of -query, -reply, or -verify|ts: Use -help for summary.|
case.147.argv=ts -query -reply
case.147.exit=1
case.147.stdout=
case.147.stderr=ts: Must give only one of -query, -reply, or -verify|ts: Use -help for summary.|
case.148.argv=ts -bogus
case.148.exit=1
case.148.stdout=
case.148.stderr=ts: Must give one of -query, -reply, or -verify|ts: Use -help for summary.|
case.149.argv=ts -query -no_nonce -data /work/courts/phase17/fixtures/small.bin
case.149.exit=0
case.149.stdout=06010^	`ÜHe >±ΩCôGÎv)òÂfÃ¬‡ô«ëã/@Wúƒ˜⁄+Pa∑˘
case.149.stderr=Using configuration from /dev/null|
case.150.argv=ts -query -no_nonce -data /work/courts/phase17/fixtures/small.bin -text
case.150.exit=0
case.150.stdout=Version: 1|Hash Algorithm: sha256|Message data:|    0000 - 3e b1 bd 43 99 47 eb 76-29 98 e5 66 cc c2 e0 99   >..C.G.v)..f....|    0010 - c7 91 11 8b 2f 40 57 9c-c4 f7 da 2b 50 61 b7 f9   ..../@W....+Pa..|Policy OID: unspecified|Nonce: unspecified|Certificate required: no|Extensions:|
case.150.stderr=Using configuration from /dev/null|
case.151.argv=speed -bogus
case.151.exit=1
case.151.stdout=
case.151.stderr=speed: Unknown option: -bogus|speed: Use -help for summary.|
case.152.argv=fipsinstall
case.152.exit=1
case.152.stdout=
case.152.stderr=fipsinstall: Use -help for summary.|
case.153.argv=fipsinstall -verify
case.153.exit=1
case.153.stdout=
case.153.stderr=Missing -in option for -verify|fipsinstall: Use -help for summary.|
case.154.argv=srp
case.154.exit=1
case.154.stdout=
case.154.stderr=Exactly one of the options -add, -delete, -modify -list must be specified.|srp: Use -help for summary.|
case.155.argv=srp -list -add
case.155.exit=1
case.155.stdout=
case.155.stderr=srp: Only one of -add/-delete/-modify/-list|srp: Use -help for summary.|
case.156.argv=srp -add
case.156.exit=1
case.156.stdout=
case.156.stderr=Need at least one user.|srp: Use -help for summary.|
case.157.argv=srp -srpvfile x -config y
case.157.exit=1
case.157.stdout=
case.157.stderr=-srpvfile and -configfile cannot be specified together.|
case.158.argv=x509 -in /work/courts/phase17/fixtures/ca.pem -noout -text
case.158.exit=0
case.158.stdout=Certificate:|    Data:|        Version: 3 (0x2)|        Serial Number:|            6e:79:b2:0d:6f:09:62:0e:18:7d:3a:0a:09:c3:fc:14:93:c8:97:bb|        Signature Algorithm: sha256WithRSAEncryption|        Issuer: CN=openssl-rs court CA|        Validity|            Not Before: Oct  4 07:27:21 2026 GMT|            Not After : Oct  1 07:27:21 2036 GMT|        Subject: CN=openssl-rs court CA|        Subject Public Key Info:|            Public Key Algorithm: rsaEncryption|                Public-Key: (2048 bit)|                Modulus:|                    00:b3:fc:6d:13:5a:0a:d3:48:52:0e:be:9b:0e:fd:|                    55:af:de:1a:f6:b2:26:f6:8d:b9:f4:4c:a9:07:33:|                    b9:39:b7:2b:b8:89:4b:d2:fd:25:46:0c:74:db:11:|                    19:7c:cb:a6:46:7b:8c:d7:df:6e:8b:69:d8:d8:5c:|                    e3:d6:29:b1:8d:0c:77:22:d7:98:c7:83:f2:79:f5:|                    7d:96:0f:dc:f1:01:7a:09:35:9e:ff:ba:f3:e3:6a:|                    83:12:97:49:9f:2a:98:9c:b0:8e:ff:6c:00:1b:bd:|                    ff:0d:c5:14:21:ff:3e:80:dc:1c:af:c8:4d:aa:00:|                    fe:79:6d:6f:a3:8b:a3:a1:5a:12:31:cf:ca:37:fa:|                    e7:68:8a:6b:94:41:d2:ad:d1:45:b5:61:75:b3:f7:|                    b4:84:30:3b:eb:52:30:04:63:1f:b4:fa:d9:fa:51:|                    84:e3:05:c1:8d:94:c1:e7:4e:28:b1:05:7a:5b:64:|                    1b:24:40:07:2e:70:fc:82:46:ef:4a:b1:1b:e2:8e:|                    a9:6b:44:cb:31:18:4c:91:b9:ad:94:46:d1:0e:8b:|                    e2:e6:e2:a7:1e:8d:68:c5:43:6e:85:a5:52:20:c5:|                    e8:2a:08:b3:cc:1f:b7:a7:46:0c:3b:6d:69:cd:75:|                    9b:da:b4:62:39:83:5f:45:0b:52:6b:09:e1:75:76:|                    a0:2b|                Exponent: 65537 (0x10001)|        X509v3 extensions:|            X509v3 Basic Constraints: critical|                CA:TRUE|            X509v3 Key Usage: critical|                Certificate Sign, CRL Sign|            X509v3 Subject Key Identifier: |                32:FB:C4:39:E5:3E:2F:40:6C:63:6B:7B:AC:AF:8B:6A:1F:D9:BA:1B|    Signature Algorithm: sha256WithRSAEncryption|    Signature Value:|        4c:10:62:ea:a8:3b:84:f5:7e:d3:26:3b:d4:ba:57:1a:ed:35:|        99:4e:09:e5:fe:b3:78:d5:f1:b7:75:ac:e2:e2:7a:5e:a7:48:|        43:70:ca:e5:52:f4:27:83:52:74:5f:e5:7e:ad:c1:93:27:1c:|        30:80:01:98:f0:b1:68:23:21:ef:ef:6d:bc:63:9d:d4:12:a5:|        b2:0d:c1:69:94:f1:51:f0:8f:38:6a:a2:d3:51:d1:e8:45:e5:|        67:f3:62:d6:43:e5:38:dd:43:9f:c3:c5:68:ae:16:37:b2:6f:|        af:35:de:38:56:e0:08:16:17:49:75:f2:d4:49:61:49:a5:cf:|        8c:91:61:84:54:7a:ab:2c:3b:4d:62:9c:71:5f:3a:fa:f0:65:|        8e:32:68:03:62:38:bf:a4:06:97:2f:2c:a4:f8:aa:9f:ff:5b:|        8c:6a:7b:74:08:9e:f9:2a:73:cf:2d:22:04:ef:a4:0c:24:73:|        20:9b:e7:fe:d8:cd:57:da:08:a2:30:24:0e:fe:2d:63:0e:e3:|        fa:f8:47:d2:8a:ca:12:be:6d:86:d7:01:79:0f:4c:1d:0e:b5:|        fd:e9:c3:6b:87:84:b3:7e:cc:64:9b:d6:86:48:d7:b0:31:d7:|        00:ac:3a:ea:b9:e4:bf:fb:fe:c1:b4:59:e0:58:d5:d4:10:6f:|        21:fc:50:c9|
case.158.stderr=
case.159.argv=x509 -in /work/courts/phase17/fixtures/ca.pem -noout -subject
case.159.exit=0
case.159.stdout=subject=CN=openssl-rs court CA|
case.159.stderr=
case.160.argv=x509 -in /work/courts/phase17/fixtures/ca.pem -noout -issuer
case.160.exit=0
case.160.stdout=issuer=CN=openssl-rs court CA|
case.160.stderr=
case.161.argv=x509 -in /work/courts/phase17/fixtures/ca.pem -noout -dates
case.161.exit=0
case.161.stdout=notBefore=Oct  4 07:27:21 2026 GMT|notAfter=Oct  1 07:27:21 2036 GMT|
case.161.stderr=
case.162.argv=x509 -in /work/courts/phase17/fixtures/ca.pem -noout -fingerprint
case.162.exit=0
case.162.stdout=SHA1 Fingerprint=6D:0A:9C:3D:E9:49:DB:EC:45:51:2E:E9:BA:85:53:4F:9B:66:75:6F|
case.162.stderr=
case.163.argv=x509 -in /work/courts/phase17/fixtures/ca.pem -noout -serial
case.163.exit=0
case.163.stdout=serial=6E79B20D6F09620E187D3A0A09C3FC1493C897BB|
case.163.stderr=
case.164.argv=x509 -in /work/courts/phase17/fixtures/ca.pem -noout -pubkey
case.164.exit=0
case.164.stdout=-----BEGIN PUBLIC KEY-----|MIIBIjANBgkqhkiG9w0BAQEFAAOCAQ8AMIIBCgKCAQEAs/xtE1oK00hSDr6bDv1V|r94a9rIm9o259EypBzO5ObcruIlL0v0lRgx02xEZfMumRnuM199ui2nY2Fzj1imx|jQx3IteYx4PyefV9lg/c8QF6CTWe/7rz42qDEpdJnyqYnLCO/2wAG73/DcUUIf8+|gNwcr8hNqgD+eW1vo4ujoVoSMc/KN/rnaIprlEHSrdFFtWF1s/e0hDA761IwBGMf|tPrZ+lGE4wXBjZTB504osQV6W2QbJEAHLnD8gkbvSrEb4o6pa0TLMRhMkbmtlEbR|Dovi5uKnHo1oxUNuhaVSIMXoKgizzB+3p0YMO21pzXWb2rRiOYNfRQtSawnhdXag|KwIDAQAB|-----END PUBLIC KEY-----|
case.164.stderr=
case.165.argv=x509 -in /work/courts/phase17/fixtures/ca.pem -noout -subject_hash
case.165.exit=0
case.165.stdout=bbce5402|
case.165.stderr=
case.166.argv=x509 -in /work/courts/phase17/fixtures/ca.pem
case.166.exit=0
case.166.stdout=-----BEGIN CERTIFICATE-----|MIIDDDCCAfSgAwIBAgIUbnmyDW8JYg4YfToKCcP8FJPIl7swDQYJKoZIhvcNAQEL|BQAwHjEcMBoGA1UEAwwTb3BlbnNzbC1ycyBjb3VydCBDQTAeFw0yNjEwMDQwNzI3|MjFaFw0zNjEwMDEwNzI3MjFaMB4xHDAaBgNVBAMME29wZW5zc2wtcnMgY291cnQg|Q0EwggEiMA0GCSqGSIb3DQEBAQUAA4IBDwAwggEKAoIBAQCz/G0TWgrTSFIOvpsO|/VWv3hr2sib2jbn0TKkHM7k5tyu4iUvS/SVGDHTbERl8y6ZGe4zX326LadjYXOPW|KbGNDHci15jHg/J59X2WD9zxAXoJNZ7/uvPjaoMSl0mfKpicsI7/bAAbvf8NxRQh|/z6A3ByvyE2qAP55bW+ji6OhWhIxz8o3+udoimuUQdKt0UW1YXWz97SEMDvrUjAE|Yx+0+tn6UYTjBcGNlMHnTiixBXpbZBskQAcucPyCRu9KsRvijqlrRMsxGEyRua2U|RtEOi+Lm4qcejWjFQ26FpVIgxegqCLPMH7enRgw7bWnNdZvatGI5g19FC1JrCeF1|dqArAgMBAAGjQjBAMA8GA1UdEwEB/wQFMAMBAf8wDgYDVR0PAQH/BAQDAgEGMB0G|A1UdDgQWBBQy+8Q55T4vQGxja3usr4tqH9m6GzANBgkqhkiG9w0BAQsFAAOCAQEA|TBBi6qg7hPV+0yY71LpXGu01mU4J5f6zeNXxt3Ws4uJ6XqdIQ3DK5VL0J4NSdF/l|fq3BkyccMIABmPCxaCMh7+9tvGOd1BKlsg3BaZTxUfCPOGqi01HR6EXlZ/Ni1kPl|ON1Dn8PFaK4WN7JvrzXeOFbgCBYXSXXy1ElhSaXPjJFhhFR6qyw7TWKccV86+vBl|jjJoA2I4v6QGly8spPiqn/9bjGp7dAie+Spzzy0iBO+kDCRzIJvn/tjNV9oIojAk|Dv4tYw7j+vhH0orKEr5thtcBeQ9MHQ61/enDa4eEs37MZJvWhkjXsDHXAKw66rnk|v/v+wbRZ4FjV1BBvIfxQyQ==|-----END CERTIFICATE-----|
case.166.stderr=
case.167.argv=x509 -in /work/courts/phase17/fixtures/leaf.pem -noout -text
case.167.exit=0
case.167.stdout=Certificate:|    Data:|        Version: 3 (0x2)|        Serial Number: 4096 (0x1000)|        Signature Algorithm: sha256WithRSAEncryption|        Issuer: CN=openssl-rs court CA|        Validity|            Not Before: Oct  4 07:27:21 2026 GMT|            Not After : Oct  1 07:27:21 2036 GMT|        Subject: CN=openssl-rs court leaf|        Subject Public Key Info:|            Public Key Algorithm: rsaEncryption|                Public-Key: (2048 bit)|                Modulus:|                    00:95:54:97:e4:d9:2c:c6:36:7b:30:da:3a:5a:2f:|                    bf:4c:a8:2a:56:bc:68:42:44:ab:85:6c:63:e8:8d:|                    c5:0b:3f:74:ab:e2:2b:2e:47:4c:dc:4a:60:75:a3:|                    c3:b5:b0:b4:3e:17:94:94:e4:75:08:87:6a:0f:44:|                    7b:fb:29:c1:78:ff:08:cb:d9:14:b8:81:65:bc:be:|                    54:9e:c7:27:05:1d:0f:a7:47:06:24:21:70:19:1e:|                    6b:b5:59:c5:8e:1b:37:3a:e2:2b:79:95:05:ed:8a:|                    1b:31:20:22:a7:72:fb:3d:89:7c:48:c0:db:1c:e9:|                    5b:22:91:cb:15:b2:cd:83:58:87:c1:a1:f2:34:c5:|                    60:53:7e:24:f7:e2:79:39:16:94:50:8f:94:78:fb:|                    19:f0:cc:6b:e2:d5:80:44:fa:d9:3a:29:dc:91:70:|                    82:41:a0:55:f6:59:35:86:29:f0:0e:8d:8d:14:3c:|                    4b:7d:4b:0b:9e:d2:d7:e8:26:80:9b:30:b3:2b:b3:|                    f9:00:0e:e3:6c:29:86:02:fa:ff:81:a2:58:7f:14:|                    7e:28:e2:4a:7c:d5:e7:f8:3f:82:5c:3c:b2:c4:d3:|                    71:33:88:59:de:ec:93:17:3c:5d:87:c1:4e:39:3d:|                    d3:d7:ac:2c:c0:7c:5d:0f:76:0f:43:5d:3f:d8:1e:|                    27:91|                Exponent: 65537 (0x10001)|        X509v3 extensions:|            X509v3 Subject Key Identifier: |                00:63:49:84:CB:18:3A:B9:A4:66:2D:F4:6D:C4:D4:A3:BC:FD:7F:05|            X509v3 Authority Key Identifier: |                32:FB:C4:39:E5:3E:2F:40:6C:63:6B:7B:AC:AF:8B:6A:1F:D9:BA:1B|    Signature Algorithm: sha256WithRSAEncryption|    Signature Value:|        89:b0:7f:a1:f8:7a:41:8f:c1:da:44:b8:5d:95:55:f5:13:be:|        18:0f:c1:89:dc:72:41:b0:3d:db:f2:66:90:38:2d:16:c8:81:|        ce:d5:c9:de:44:fe:e0:c6:04:36:70:99:1b:39:84:a6:3d:97:|        54:7c:51:ba:44:f8:7d:3f:a1:4f:7c:07:79:a5:67:9c:eb:85:|        61:ab:eb:4c:b7:ad:a4:94:af:c8:d8:1a:da:78:2a:5f:a3:f7:|        03:7b:93:28:61:4c:15:44:34:1c:c3:50:0e:db:a7:c6:14:cf:|        ad:68:a6:78:dc:a9:be:57:be:72:7a:ca:fc:8a:a4:31:74:9f:|        08:f7:6b:f5:fa:d6:c0:02:46:77:89:31:be:45:a3:52:93:b2:|        63:79:8a:a6:91:d5:19:25:f3:0b:10:83:7e:d9:5d:50:5d:ad:|        fe:86:92:52:53:c7:65:f6:27:71:90:66:ac:fb:7b:e3:cc:35:|        0f:6f:b6:51:44:4c:5a:6f:af:f3:5b:c3:59:c1:29:16:74:10:|        3d:80:08:0d:79:ad:e4:35:4f:f8:cd:d3:4f:cd:90:d4:85:29:|        34:7f:95:9d:27:3c:f6:81:2a:dc:c4:2a:a4:b8:fe:14:6b:e4:|        19:be:7b:1b:de:dd:9f:d2:38:64:c0:97:7d:9d:da:12:1d:76:|        2d:bb:ec:3e|
case.167.stderr=
case.168.argv=req -in /work/courts/phase17/fixtures/req.pem -noout -text
case.168.exit=0
case.168.stdout=Certificate Request:|    Data:|        Version: 1 (0x0)|        Subject: C=XX, CN=openssl-rs court req|        Subject Public Key Info:|            Public Key Algorithm: rsaEncryption|                Public-Key: (2048 bit)|                Modulus:|                    00:af:1f:ac:ca:05:2d:d8:c2:66:b5:12:96:11:4d:|                    1a:17:cd:95:77:56:f7:52:dd:9b:ff:8d:71:35:d1:|                    c8:ac:f3:66:83:3a:60:eb:d2:17:27:50:ca:f4:80:|                    49:0a:47:c8:49:b7:8a:50:b5:08:8a:5e:5e:44:3b:|                    96:fe:8e:14:e6:44:78:07:e9:5a:22:f5:1a:8c:f2:|                    2a:38:c5:45:57:e3:fa:d0:df:44:5b:af:02:43:66:|                    4c:0e:2f:dc:41:36:e2:ad:e1:59:b8:c9:9b:fa:5b:|                    ea:2f:41:d2:5f:37:70:86:e0:6d:92:e9:a4:fa:67:|                    bc:96:44:00:be:c9:09:87:32:22:ef:fa:98:07:47:|                    4c:49:a5:93:0a:19:54:08:82:b8:e8:85:7f:d6:88:|                    72:52:7b:87:56:30:01:cf:f8:7e:d2:c6:8c:14:8c:|                    3d:35:f2:25:67:c9:99:1a:bb:dc:2d:c3:2b:ff:95:|                    e5:21:13:98:7d:31:f7:b3:cc:3d:b7:7e:91:31:60:|                    c3:11:b3:92:19:00:9b:50:4f:94:22:8e:fb:44:af:|                    1e:60:c8:22:47:ff:bf:6e:d5:f2:88:4a:48:c4:8a:|                    4b:f6:d3:bb:d8:ee:0d:29:56:b8:c1:c8:07:d3:69:|                    70:f3:df:c7:37:b8:7e:cb:ff:55:0d:4d:57:9f:73:|                    5e:9b|                Exponent: 65537 (0x10001)|        Attributes:|            (none)|            Requested Extensions:|    Signature Algorithm: sha256WithRSAEncryption|    Signature Value:|        20:42:da:b7:a2:d4:a7:d0:d4:99:3d:23:de:30:1a:c9:65:33:|        f0:06:fc:65:09:05:bb:18:24:1e:1b:63:7c:55:07:62:41:bd:|        f3:5b:3a:5d:ba:b7:e9:c6:2d:74:0b:de:2b:8e:61:79:5d:35:|        df:41:de:38:23:90:3d:a6:d7:69:b9:d2:54:fe:c2:89:1e:ef:|        9e:88:fc:7b:ce:f2:43:c2:d1:a1:ac:9b:6d:96:3f:84:a4:91:|        e3:8b:5d:4a:da:de:d1:80:db:be:0f:00:00:3c:70:b0:1c:f9:|        5a:a0:e3:e0:92:3c:0c:a0:28:16:50:d5:31:91:c1:c3:e6:39:|        98:84:cd:37:05:fa:9c:2c:7f:44:22:d6:4a:7f:49:5a:8d:54:|        2b:63:f4:75:eb:bd:45:b6:c1:6a:ab:d5:9c:6d:86:32:2e:14:|        ab:6a:04:c4:c8:68:c7:31:e9:3f:76:ae:7d:fb:28:a8:9c:c7:|        83:68:2e:3d:d9:89:af:6e:01:67:54:a8:d7:72:8e:f8:59:1e:|        b5:dd:a2:66:4d:76:86:5a:35:91:64:2b:cd:91:a5:ce:ac:92:|        d5:39:41:dc:bb:4b:86:e0:f4:ca:58:17:9e:76:12:74:97:2c:|        ba:ea:95:c6:cd:ea:f0:60:34:52:94:08:89:b5:45:51:c3:db:|        97:dd:da:73|
case.168.stderr=
case.169.argv=req -in /work/courts/phase17/fixtures/req.pem -noout -verify
case.169.exit=0
case.169.stdout=Certificate request self-signature verify OK|
case.169.stderr=
case.170.argv=req -in /work/courts/phase17/fixtures/req.pem -noout -subject
case.170.exit=0
case.170.stdout=subject=C=XX, CN=openssl-rs court req|
case.170.stderr=
case.171.argv=req -in /work/courts/phase17/fixtures/req.pem -noout
case.171.exit=0
case.171.stdout=
case.171.stderr=
case.172.argv=smime -sign -noattr -nodetach -outform PEM -in /work/courts/phase17/fixtures/smime.txt -signer /work/courts/phase17/fixtures/signer.pem -inkey /work/courts/phase17/fixtures/rsa-key.pem
case.172.exit=0
case.172.stdout=-----BEGIN PKCS7-----|MIIEtwYJKoZIhvcNAQcCoIIEqDCCBKQCAQExDzANBglghkgBZQMEAgEFADApBgkq|hkiG9w0BBwGgHAQaSGVsbG8sIG9wZW5zc2wtcnMgY291cnQuDQqgggL+MIIC+jCC|AeKgAwIBAgIBATANBgkqhkiG9w0BAQsFADAvMQswCQYDVQQGEwJYWDEgMB4GA1UE|AwwXb3BlbnNzbC1ycyBjb3VydCBzaWduZXIwHhcNMjYxMDA0MDg1NTAwWhcNMzYx|MDAxMDg1NTAwWjAvMQswCQYDVQQGEwJYWDEgMB4GA1UEAwwXb3BlbnNzbC1ycyBj|b3VydCBzaWduZXIwggEiMA0GCSqGSIb3DQEBAQUAA4IBDwAwggEKAoIBAQCvH6zK|BS3Ywma1EpYRTRoXzZV3VvdS3Zv/jXE10cis82aDOmDr0hcnUMr0gEkKR8hJt4pQ|tQiKXl5EO5b+jhTmRHgH6Voi9RqM8io4xUVX4/rQ30RbrwJDZkwOL9xBNuKt4Vm4|yZv6W+ovQdJfN3CG4G2S6aT6Z7yWRAC+yQmHMiLv+pgHR0xJpZMKGVQIgrjohX/W|iHJSe4dWMAHP+H7SxowUjD018iVnyZkau9wtwyv/leUhE5h9MfezzD23fpExYMMR|s5IZAJtQT5QijvtErx5gyCJH/79u1fKISkjEikv207vY7g0pVrjByAfTaXDz38c3|uH7L/1UNTVefc16bAgMBAAGjITAfMB0GA1UdDgQWBBToHagG5qJaTXD1mBFEl5Lm|r6UPSjANBgkqhkiG9w0BAQsFAAOCAQEAo5KT+z9Nj7VrzSb1ic4tojPUbdo0LpkS|7tiGHxoEjlHfZesssuGJlFB7JzDkk5X5wZ8GmYEd3fAOED+b3mejvxsc1qzvSbvN|aa6xUgSQEiPHQ23gFfnzZ7wxHp2kl4gX2kjH6WKS5qdhIkjRbjOhTSRUd0o7M1I7|02wO7ZMGJvKuMk1Pa3GPS+X+aAy2tgchJQsb7mJX4X96phlDAwDAMeEib90RSI0e|FJ6vce22SV4/54po9pGam1ahfLbfRwQ6O3h94N5oo8F21N8lgWTKPgCHBtR1aM+i|YhQvhpHLJtz8EUpAZO5o6Z2zlMHqt12AA8V24MT9fwy3lvhX8E+i3jGCAV8wggFb|AgEBMDQwLzELMAkGA1UEBhMCWFgxIDAeBgNVBAMMF29wZW5zc2wtcnMgY291cnQg|c2lnbmVyAgEBMA0GCWCGSAFlAwQCAQUAMA0GCSqGSIb3DQEBAQUABIIBAAwUVKAt|HrdKACF40dKPopPhLm/LE0kbzo6UGjgT2NeDuxI5J2C0PfVFCZbKNxE5f+0Xn5Vc|UCAsXFUk/d4YEiPRIVPeLyjM/k5A+vkdPQRIcmJgezuAepHNtPcEadMIsCiD6DSJ|ZPrgwQ28dUSEAWVnf8sE1UEHbUHxI81LkL69+AY2pIGJDcbJGdpRdUOnjK8k3JI9|WU7oN/kT8pJdlan78DE1ZyC/R+tQMnzmpDH3tOVbHnt5xMx1uJTq32ftxhEzTjZq|UCjSw02xV9ibYju+jHrFyEunI83624UQ9EzfAaiw9sgLdyDc8HcZanKZ+nFM/Diz|snV6Gr81hMczzls=|-----END PKCS7-----|
case.172.stderr=
case.173.argv=smime -sign -noattr -nodetach -outform DER -in /work/courts/phase17/fixtures/smime.txt -signer /work/courts/phase17/fixtures/signer.pem -inkey /work/courts/phase17/fixtures/rsa-key.pem
case.173.exit=0
case.173.stdout=0Ç∑	*ÜHÜ˜^†Ç®0Ç§10^	`ÜHe0)	*ÜHÜ˜^†Hello, openssl-rs court.^|†Ç˛0Ç˙0Ç‚†0^	*ÜHÜ˜^0/10	UXX1 0Uopenssl-rs court signer0^261004085500Z^361001085500Z0/10	UXX1 0Uopenssl-rs court signer0Ç"0^	*ÜHÜ˜^Ç0Ç|ÇØ¨ -ÿ¬fµñMÕïwV˜R›õˇçq5—»¨ÛfÉ:`Î“'P ÙÄI|G»I∑äPµä^^D;ñ˛éÊDxÈZ"ıåÚ*8≈EW„˙–ﬂD[ØCfL/‹A6‚≠·Y∏…õ˙[Í/A“_7pÜ‡míÈ§˙gºñDæ…	á2"Ô˙òGLI•ì|TÇ∏ËÖ÷àrR{áV0œ¯~“∆åå=5Ú%g…ôª‹-√+ˇïÂ!ò}1˜≥Ã=∑~ë1`√≥íõPOî"é˚DØ`»"Gˇøn’ÚàJHƒäKˆ”ªÿÓ^)V∏¡»”ipÛﬂ«7∏~ÀˇU^MWüs^õ£!00UË®Ê¢ZMpıòDóíÊØ•J0^	*ÜHÜ˜^Ç£íì˚?MèµkÕ&ıâŒ-¢3‘m⁄4.ôÓÿÜéQﬂeÎ,≤·âîP{'0‰ìï˘¡üôÅ›?õﬁg£ø÷¨ÔIªÕiÆ±Rê#«Cm‡˘Ûgº1ù§óà⁄H«ÈbíÊßa"H—n3°M$TwJ;3R;”lÌì&ÚÆ2MOkqèKÂ˛h∂∂!%ÓbW·z¶C¿1·"o›HçûØqÌ∂I^?ÁähˆëöõV°|∂ﬂG:;x}‡ﬁh£¡v‘ﬂ%Åd >á‘uhœ¢b/ÜëÀ&‹¸J@dÓhÈù≥î¡Í∑]Ä≈v‡ƒ˝∑ñ¯WO¢ﬁ1Ç_0Ç[040/10	UXX1 0Uopenssl-rs court signer0^	`ÜHe0^	*ÜHÜ˜^ÇT†-∑J!x—“è¢ì·.oÀIŒéî8ÿ◊Éª9'`¥=ıE	ñ 79Ìüï\P ,\U$˝ﬁ#—!Sﬁ/(Ã˛N@˙˘=Hrb`{;ÄzëÕ¥˜i”∞(ÉË4âd˙‡¡^ºuDÑegÀ’AmAÒ#ÕKêæΩ¯6§Åâ^∆…⁄QuCßåØ$‹í=YNË7˘Úí]ï©˚15g øGÎP2|Ê§1˜¥Â[{yƒÃu∏îÍﬂgÌ∆3N6jP(“√M±Wÿõb;æåz≈»Kß#Õ˙€ÖÙLﬂ®∞ˆ»w ‹wjrô˙qL¸8≥≤uzø5Ñ«3Œ[
case.173.stderr=
case.174.argv=smime -verify -inform PEM -noverify -in /work/courts/phase17/fixtures/smime-signed.pem
case.174.exit=0
case.174.stdout=Hello, openssl-rs court.^|
case.174.stderr=Verification successful|
case.175.argv=smime -decrypt -inform PEM -in /work/courts/phase17/fixtures/smime-enc.pem -recip /work/courts/phase17/fixtures/signer.pem -inkey /work/courts/phase17/fixtures/rsa-key.pem
case.175.exit=0
case.175.stdout=Hello, openssl-rs court.^|
case.175.stderr=
case.176.argv=smime
case.176.exit=0
case.176.stdout=
case.176.stderr=No operation (-encrypt|-sign|...) specified|smime: Use -help for summary.|
case.177.argv=smime -encrypt -in /work/courts/phase17/fixtures/smime.txt
case.177.exit=0
case.177.stdout=
case.177.stderr=No recipient(s) certificate(s) specified|smime: Use -help for summary.|
case.178.argv=smime -decrypt
case.178.exit=0
case.178.stdout=
case.178.stderr=No recipient certificate or key specified|smime: Use -help for summary.|
case.179.argv=smime -sign -in /work/courts/phase17/fixtures/smime.txt -inkey /work/courts/phase17/fixtures/rsa-key.pem
case.179.exit=0
case.179.stdout=
case.179.stderr=Illegal -inkey without -signer|smime: Use -help for summary.|
case.180.argv=smime -sign -in /work/courts/phase17/fixtures/smime.txt
case.180.exit=0
case.180.stdout=
case.180.stderr=No signer certificate specified|smime: Use -help for summary.|
case.181.argv=cms -sign -noattr -nodetach -outform PEM -in /work/courts/phase17/fixtures/smime.txt -signer /work/courts/phase17/fixtures/signer.pem -inkey /work/courts/phase17/fixtures/rsa-key.pem
case.181.exit=0
case.181.stdout=-----BEGIN CMS-----|MIIEswYJKoZIhvcNAQcCoIIEpDCCBKACAQExDTALBglghkgBZQMEAgEwKQYJKoZI|hvcNAQcBoBwEGkhlbGxvLCBvcGVuc3NsLXJzIGNvdXJ0Lg0KoIIC/jCCAvowggHi|oAMCAQICAQEwDQYJKoZIhvcNAQELBQAwLzELMAkGA1UEBhMCWFgxIDAeBgNVBAMM|F29wZW5zc2wtcnMgY291cnQgc2lnbmVyMB4XDTI2MTAwNDA4NTUwMFoXDTM2MTAw|MTA4NTUwMFowLzELMAkGA1UEBhMCWFgxIDAeBgNVBAMMF29wZW5zc2wtcnMgY291|cnQgc2lnbmVyMIIBIjANBgkqhkiG9w0BAQEFAAOCAQ8AMIIBCgKCAQEArx+sygUt|2MJmtRKWEU0aF82Vd1b3Ut2b/41xNdHIrPNmgzpg69IXJ1DK9IBJCkfISbeKULUI|il5eRDuW/o4U5kR4B+laIvUajPIqOMVFV+P60N9EW68CQ2ZMDi/cQTbireFZuMmb|+lvqL0HSXzdwhuBtkumk+me8lkQAvskJhzIi7/qYB0dMSaWTChlUCIK46IV/1ohy|UnuHVjABz/h+0saMFIw9NfIlZ8mZGrvcLcMr/5XlIROYfTH3s8w9t36RMWDDEbOS|GQCbUE+UIo77RK8eYMgiR/+/btXyiEpIxIpL9tO72O4NKVa4wcgH02lw89/HN7h+|y/9VDU1Xn3NemwIDAQABoyEwHzAdBgNVHQ4EFgQU6B2oBuaiWk1w9ZgRRJeS5q+l|D0owDQYJKoZIhvcNAQELBQADggEBAKOSk/s/TY+1a80m9YnOLaIz1G3aNC6ZEu7Y|hh8aBI5R32XrLLLhiZRQeycw5JOV+cGfBpmBHd3wDhA/m95no78bHNas70m7zWmu|sVIEkBIjx0Nt4BX582e8MR6dpJeIF9pIx+likuanYSJI0W4zoU0kVHdKOzNSO9Ns|Du2TBibyrjJNT2txj0vl/mgMtrYHISULG+5iV+F/eqYZQwMAwDHhIm/dEUiNHhSe|r3HttkleP+eKaPaRmptWoXy230cEOjt4feDeaKPBdtTfJYFkyj4AhwbUdWjPomIU|L4aRyybc/BFKQGTuaOmds5TB6rddgAPFduDE/X8Mt5b4V/BPot4xggFdMIIBWQIB|ATA0MC8xCzAJBgNVBAYTAlhYMSAwHgYDVQQDDBdvcGVuc3NsLXJzIGNvdXJ0IHNp|Z25lcgIBATALBglghkgBZQMEAgEwDQYJKoZIhvcNAQEBBQAEggEADBRUoC0et0oA|IXjR0o+ik+Eub8sTSRvOjpQaOBPY14O7EjknYLQ99UUJlso3ETl/7ReflVxQICxc|VST93hgSI9EhU94vKMz+TkD6+R09BEhyYmB7O4B6kc209wRp0wiwKIPoNIlk+uDB|Dbx1RIQBZWd/ywTVQQdtQfEjzUuQvr34BjakgYkNxskZ2lF1Q6eMryTckj1ZTug3|+RPykl2VqfvwMTVnIL9H61AyfOakMfe05Vsee3nEzHW4lOrfZ+3GETNONmpQKNLD|TbFX2JtiO76MesXIS6cjzfrbhRD0TN8BqLD2yAt3INzwdxlqcpn6cUz8OLOydXoa|vzWExzPOWw==|-----END CMS-----|
case.181.stderr=
case.182.argv=cms -sign -noattr -nodetach -outform DER -in /work/courts/phase17/fixtures/smime.txt -signer /work/courts/phase17/fixtures/signer.pem -inkey /work/courts/phase17/fixtures/rsa-key.pem
case.182.exit=0
case.182.stdout=0Ç≥	*ÜHÜ˜^†Ç§0Ç†1^0	`ÜHe0)	*ÜHÜ˜^†Hello, openssl-rs court.^|†Ç˛0Ç˙0Ç‚†0^	*ÜHÜ˜^0/10	UXX1 0Uopenssl-rs court signer0^261004085500Z^361001085500Z0/10	UXX1 0Uopenssl-rs court signer0Ç"0^	*ÜHÜ˜^Ç0Ç|ÇØ¨ -ÿ¬fµñMÕïwV˜R›õˇçq5—»¨ÛfÉ:`Î“'P ÙÄI|G»I∑äPµä^^D;ñ˛éÊDxÈZ"ıåÚ*8≈EW„˙–ﬂD[ØCfL/‹A6‚≠·Y∏…õ˙[Í/A“_7pÜ‡míÈ§˙gºñDæ…	á2"Ô˙òGLI•ì|TÇ∏ËÖ÷àrR{áV0œ¯~“∆åå=5Ú%g…ôª‹-√+ˇïÂ!ò}1˜≥Ã=∑~ë1`√≥íõPOî"é˚DØ`»"Gˇøn’ÚàJHƒäKˆ”ªÿÓ^)V∏¡»”ipÛﬂ«7∏~ÀˇU^MWüs^õ£!00UË®Ê¢ZMpıòDóíÊØ•J0^	*ÜHÜ˜^Ç£íì˚?MèµkÕ&ıâŒ-¢3‘m⁄4.ôÓÿÜéQﬂeÎ,≤·âîP{'0‰ìï˘¡üôÅ›?õﬁg£ø÷¨ÔIªÕiÆ±Rê#«Cm‡˘Ûgº1ù§óà⁄H«ÈbíÊßa"H—n3°M$TwJ;3R;”lÌì&ÚÆ2MOkqèKÂ˛h∂∂!%ÓbW·z¶C¿1·"o›HçûØqÌ∂I^?ÁähˆëöõV°|∂ﬂG:;x}‡ﬁh£¡v‘ﬂ%Åd >á‘uhœ¢b/ÜëÀ&‹¸J@dÓhÈù≥î¡Í∑]Ä≈v‡ƒ˝∑ñ¯WO¢ﬁ1Ç]0ÇY040/10	UXX1 0Uopenssl-rs court signer0	`ÜHe0^	*ÜHÜ˜^ÇT†-∑J!x—“è¢ì·.oÀIŒéî8ÿ◊Éª9'`¥=ıE	ñ 79Ìüï\P ,\U$˝ﬁ#—!Sﬁ/(Ã˛N@˙˘=Hrb`{;ÄzëÕ¥˜i”∞(ÉË4âd˙‡¡^ºuDÑegÀ’AmAÒ#ÕKêæΩ¯6§Åâ^∆…⁄QuCßåØ$‹í=YNË7˘Úí]ï©˚15g øGÎP2|Ê§1˜¥Â[{yƒÃu∏îÍﬂgÌ∆3N6jP(“√M±Wÿõb;æåz≈»Kß#Õ˙€ÖÙLﬂ®∞ˆ»w ‹wjrô˙qL¸8≥≤uzø5Ñ«3Œ[
case.182.stderr=
case.183.argv=cms -verify -inform PEM -noverify -in /work/courts/phase17/fixtures/cms-signed.pem
case.183.exit=0
case.183.stdout=Hello, openssl-rs court.^|
case.183.stderr=CMS Verification successful|
case.184.argv=cms
case.184.exit=1
case.184.stdout=
case.184.stderr=No operation option (-encrypt|-decrypt|-sign|-verify|...) specified.|cms: Use -help for summary.|
case.185.argv=cms -encrypt -in /work/courts/phase17/fixtures/smime.txt
case.185.exit=1
case.185.stdout=
case.185.stderr=No recipient(s) certificate(s) specified|cms: Use -help for summary.|
case.186.argv=cms -decrypt
case.186.exit=1
case.186.stdout=
case.186.stderr=No recipient certificate or key specified|cms: Use -help for summary.|
case.187.argv=cms -sign -in /work/courts/phase17/fixtures/smime.txt -inkey /work/courts/phase17/fixtures/rsa-key.pem
case.187.exit=1
case.187.stdout=
case.187.stderr=Illegal -inkey without -signer|cms: Use -help for summary.|
case.188.argv=cms -sign -in /work/courts/phase17/fixtures/smime.txt
case.188.exit=1
case.188.stdout=
case.188.stderr=No signer certificate specified|cms: Use -help for summary.|
case.189.argv=pkcs12 -export -nomac -keypbe NONE -certpbe NONE -in /work/courts/phase17/fixtures/signer.pem -inkey /work/courts/phase17/fixtures/rsa-key.pem -passout pass:test
case.189.exit=0
case.189.stdout=0Ç£0Çú	*ÜHÜ˜^†ÇçÇâ0ÇÖ0Çi	*ÜHÜ˜^†ÇZÇV0ÇR0ÇN*ÜHÜ˜^|†Ç0Ç|*ÜHÜ˜^	†ÇÇ˛0Ç˙0Ç‚†0^	*ÜHÜ˜^0/10	UXX1 0Uopenssl-rs court signer0^261004085500Z^361001085500Z0/10	UXX1 0Uopenssl-rs court signer0Ç"0^	*ÜHÜ˜^Ç0Ç|ÇØ¨ -ÿ¬fµñMÕïwV˜R›õˇçq5—»¨ÛfÉ:`Î“'P ÙÄI|G»I∑äPµä^^D;ñ˛éÊDxÈZ"ıåÚ*8≈EW„˙–ﬂD[ØCfL/‹A6‚≠·Y∏…õ˙[Í/A“_7pÜ‡míÈ§˙gºñDæ…	á2"Ô˙òGLI•ì|TÇ∏ËÖ÷àrR{áV0œ¯~“∆åå=5Ú%g…ôª‹-√+ˇïÂ!ò}1˜≥Ã=∑~ë1`√≥íõPOî"é˚DØ`»"Gˇøn’ÚàJHƒäKˆ”ªÿÓ^)V∏¡»”ipÛﬂ«7∏~ÀˇU^MWüs^õ£!00UË®Ê¢ZMpıòDóíÊØ•J0^	*ÜHÜ˜^Ç£íì˚?MèµkÕ&ıâŒ-¢3‘m⁄4.ôÓÿÜéQﬂeÎ,≤·âîP{'0‰ìï˘¡üôÅ›?õﬁg£ø÷¨ÔIªÕiÆ±Rê#«Cm‡˘Ûgº1ù§óà⁄H«ÈbíÊßa"H—n3°M$TwJ;3R;”lÌì&ÚÆ2MOkqèKÂ˛h∂∂!%ÓbW·z¶C¿1·"o›HçûØqÌ∂I^?ÁähˆëöõV°|∂ﬂG:;x}‡ﬁh£¡v‘ﬂ%Åd >á‘uhœ¢b/ÜëÀ&‹¸J@dÓhÈù≥î¡Í∑]Ä≈v‡ƒ˝∑ñ¯WO¢ﬁ1%0#	*ÜHÜ˜^	1g;¡¨ìÃ‡Ef`ìüÊ‰¯çÕæ0Ç	*ÜHÜ˜^†ÇÇ0Ç˝0Ç˘*ÜHÜ˜^|†Ç¡0ÇΩ0^	*ÜHÜ˜^Çß0Ç£ÇØ¨ -ÿ¬fµñMÕïwV˜R›õˇçq5—»¨ÛfÉ:`Î“'P ÙÄI|G»I∑äPµä^^D;ñ˛éÊDxÈZ"ıåÚ*8≈EW„˙–ﬂD[ØCfL/‹A6‚≠·Y∏…õ˙[Í/A“_7pÜ‡míÈ§˙gºñDæ…	á2"Ô˙òGLI•ì|TÇ∏ËÖ÷àrR{áV0œ¯~“∆åå=5Ú%g…ôª‹-√+ˇïÂ!ò}1˜≥Ã=∑~ë1`√≥íõPOî"é˚DØ`»"Gˇøn’ÚàJHƒäKˆ”ªÿÓ^)V∏¡»”ipÛﬂ«7∏~ÀˇU^MWüs^õÇ3M¯	U.Asﬁÿ∞n~í@N(ü¶BKtR[V®ﬁ^à—ßÜkƒïÄ.™>‘‘ˆëm˜sgØUQ,z	F«7o6‰™:è’?Ww«M›ÙRM†°7|N^IAû{‡Áèv£∂X”î˜∏ËıπH0ıo©{8ëÁ˙©‘≠{à%s5‰·√Ãﬁ°!Ø~NH?‚Æ≈¨&g™Ë\àì‰µO~Å°S®vÜX≠‰V:¡@ê;_+'πtñÇ∆õãª…¬àDI±Weƒl"òFÏÙﬁ:C'NTÄ•Ü>Ωﬁ ùü·Õv;Í{∂[Íi=cP◊∏}^^#V av„ﬂ∫pÉÅÅÅ’*`Â¨Ôú‡nè6¢µMπöX(U∫E=}Å.ôˆZP»ivM+ù”i˛™)>âw6≥ÛŸeß±XÔÜ‰]ò2r÷)hgæ‚	Ös£´Ôíta§j@Ì◊T:hõ<d‹ê––Æ´Ôﬁ@te%ºI.é*g)	%ù–¿êKë—˚ÅÅ“P[W˛<Õß-‡ØÅp0ãœ≥_ví#éqc¬*	ﬂ±˙L∑öòxqö†¶uÈﬁR+?}†é˙ø4∏l«Û«ôíYu˚{éN‡÷|,hß·©rL¿¬æ¬>ôX ‚?å5ÊÊ¿7|®«ÑÚ€˚ãËØ$öICÀ∆£·ÅÅçû>	ÿæ«üÒûu≤¶¨ÈÏ¡º˘˜éFóPrë”‡K–Ä¨}ä;])áÖ8¶Æ˝{¡FªõùÇ,Ñ~4±…ØöÉï∂˚U·ÆÆƒ˛;˜Íø¸Ω—”=¥-Oeq¯=,ú€g”ÜOtî◊=·I=˘∏ñ†t£\´Î—}å)QKkâÅÄ|ò≠·É¡,Ÿ,ﬁÍX’46Z˛˛¢TΩÁóÒYÖ`‰⁄vw,\6ÇpŒUÜÍt≠b¨d@PxÎΩPzà´ífŒ RÛî÷&◊fê¢6ñèΩ+´ÉÈy÷ÑqT)TDísìÃ©Ì.fçepM˝(/uÄ%¬ÏXÇ6~?ﬁªAÅÄ>∫˜π.1ö4t⁄≠ªÔ–'N\µ˘øDçúK∑‡ª;>]–M„≥òı0rÎ|Upzé©xŒ∞xƒ=«/…>º]e∂6i#Ì•´…ôπÚÚNLz»öycÒ[óc≤ÎÀõ£Eºô∏r˙ä¥ÌëA©ØF]vä ˘`Ü§©Êì\‘1%0#	*ÜHÜ˜^	1g;¡¨ìÃ‡Ef`ìüÊ‰¯çÕæ
case.189.stderr=
case.190.argv=ca -bogus
case.190.exit=1
case.190.stdout=
case.190.stderr=ca: Unknown option: -bogus|ca: Use -help for summary.|
case.191.argv=ca -status
case.191.exit=1
case.191.stdout=
case.191.stderr=ca: Option -status needs a value|ca: Use -help for summary.|
case.192.argv=s_client -bogus
case.192.exit=1
case.192.stdout=
case.192.stderr=s_client: Unknown option: -bogus|s_client: Use -help for summary.|
case.193.argv=s_client -connect
case.193.exit=1
case.193.stdout=
case.193.stderr=s_client: Option -connect needs a value|s_client: Use -help for summary.|
case.194.argv=s_server -bogus
case.194.exit=1
case.194.stdout=
case.194.stderr=s_server: Unknown option: -bogus|s_server: Use -help for summary.|
case.195.argv=s_server -accept
case.195.exit=1
case.195.stdout=
case.195.stderr=s_server: Option -accept needs a value|s_server: Use -help for summary.|
case.196.argv=s_time -bogus
case.196.exit=1
case.196.stdout=
case.196.stderr=s_time: Unknown option: -bogus|s_time: Use -help for summary.|
case.197.argv=s_time -connect
case.197.exit=1
case.197.stdout=
case.197.stderr=s_time: Option -connect needs a value|s_time: Use -help for summary.|
