transcript.sha256=b3c6276cc01a89a39f751e7abea4c5db80c792c938e387f86fc9cbef4d644a1f
probe.rt-err=1
pre.libname=(null)
pre.reason=(null)
pre.generic=(null)
pre.ssl=(null)
pre.error_string=error:078C0102:lib(15)::reason(258)
pre.peek=0
pre.libname_after=bignum routines
pre.error_string_after=error:078C0102:common libcrypto routines::passed a null parameter
empty.peek=0
empty.peek_last=0
empty.get=0
one.peek=125833362
one.peek_last_eq_peek=1
one.code=7801092
one.lib=common libcrypto routines
one.reason=(null)
one.func=(null)
one.get=125833362
one.after_get=0
ring.first_kept_reason=1005
ring.last_reason=1019
ring.survivors=15
ring.drained=0
incomplete.peek=0
incomplete.after_set=125829897
incomplete.reason=777
incomplete.peek_last_after_new=0
incomplete.peek_after_new=125829897
pop.empty=0
pop.before=3
pop.ret=1
pop.after_last=22
pop.count=0
pop.emptied=0
pop.pop_empty=0
mark.empty=0
mark.empty_count=0
mark.one=1
mark.count=2
mark.pop_to=1
mark.kept_reason=1
mark.count_after=1
mark.pop_to_again=0
mark.clear_last=0
mark.clear_last_empty=0
all.code=7800029
all.file=a-file.c
all.line=11
all.func=a-func
all.data=with data
all.flags=3
nodata.code=780002A
nodata.file_is_empty=1
nodata.line=0
nodata.func_is_empty=1
nodata.data_is_empty=1
nodata.flags=0
pld.code=780002B
pld.file=b-file.c
pld.line=12
pld.data=payload
pld.flags=3
pld.get=780002B
pld.get_line=0
acc.func_code=780002C
acc.func=c-func
acc.data_code=780002C
acc.data=d
acc.data_flags=3
acc.line_code=780002C
acc.line=13
acc.file=c-file.c
reuse.first_data=first
reuse.first_flags=3
reuse.pop=1
reuse.second_code=780002F
reuse.second_data=
reuse.second_flags=1
nullmsg.code=780002D
nullmsg.data=
nullmsg.flags=1
code.pack_15_1=7800001
code.get_lib=15
code.get_reason=1
code.lib_offset_shift=800000
code.reason_mask=7FFFFF
code.sys_flag=0
code.sys_is_system=1
code.sys_lib=2
code.sys_reason=2
code.sys_reason_string=(null)
code.sys_error_string=error:80000002:system library::No such file or directory
code.flag_fatal=1
code.flag_common=1
code.flag_rflags=C0000
code.raised=78C0102
code.fallback=error:7F800001:lib(255)::reason(1)
strings.per_library_cases=1462
lib.3_100=bignum routines
reason.3_100=arg2 lt arg3
lib.3_101=bignum routines
reason.3_101=bad reciprocal
lib.3_102=bignum routines
reason.3_102=called with even modulus
lib.3_103=bignum routines
reason.3_103=div by zero
lib.3_104=bignum routines
reason.3_104=encoding error
lib.3_105=bignum routines
reason.3_105=expand on static bignum data
lib.3_106=bignum routines
reason.3_106=invalid length
lib.3_107=bignum routines
reason.3_107=not initialized
lib.3_108=bignum routines
reason.3_108=no inverse
lib.3_109=bignum routines
reason.3_109=too many temporary variables
lib.3_110=bignum routines
reason.3_110=input not reduced
lib.3_111=bignum routines
reason.3_111=not a square
lib.3_112=bignum routines
reason.3_112=p is not prime
lib.3_113=bignum routines
reason.3_113=too many iterations
lib.3_114=bignum routines
reason.3_114=bignum too long
lib.3_115=bignum routines
reason.3_115=invalid range
lib.3_116=bignum routines
reason.3_116=no solution
lib.3_117=bignum routines
reason.3_117=private key too large
lib.3_118=bignum routines
reason.3_118=bits too small
lib.3_119=bignum routines
reason.3_119=invalid shift
lib.3_120=bignum routines
reason.3_120=no suitable digest
lib.3_121=bignum routines
reason.3_121=no prime candidate
lib.4_100=rsa routines
reason.4_100=algorithm mismatch
lib.4_101=rsa routines
reason.4_101=bad e value
lib.4_102=rsa routines
reason.4_102=bad fixed header decrypt
lib.4_103=rsa routines
reason.4_103=bad pad byte count
lib.4_104=rsa routines
reason.4_104=bad signature
lib.4_105=rsa routines
reason.4_105=modulus too large
lib.4_106=rsa routines
reason.4_106=block type is not 01
lib.4_107=rsa routines
reason.4_107=block type is not 02
lib.4_108=rsa routines
reason.4_108=data greater than mod len
lib.4_109=rsa routines
reason.4_109=data too large
lib.4_110=rsa routines
reason.4_110=data too large for key size
lib.4_111=rsa routines
reason.4_111=data too small
lib.4_112=rsa routines
reason.4_112=digest too big for rsa key
lib.4_113=rsa routines
reason.4_113=null before block missing
lib.4_114=rsa routines
reason.4_114=padding check failed
lib.4_115=rsa routines
reason.4_115=sslv3 rollback attack
lib.4_116=rsa routines
reason.4_116=the asn1 object identifier is not known for this md
lib.4_117=rsa routines
reason.4_117=unknown algorithm type
lib.4_118=rsa routines
reason.4_118=unknown padding type
lib.4_119=rsa routines
reason.4_119=wrong signature length
lib.4_120=rsa routines
reason.4_120=key size too small
lib.4_121=rsa routines
reason.4_121=oaep decoding error
lib.4_122=rsa routines
reason.4_122=data too small for key size
lib.4_123=rsa routines
reason.4_123=d e not congruent to 1
lib.4_124=rsa routines
reason.4_124=dmp1 not congruent to d
lib.4_125=rsa routines
reason.4_125=dmq1 not congruent to d
lib.4_126=rsa routines
reason.4_126=iqmp not inverse of q
lib.4_127=rsa routines
reason.4_127=n does not equal p q
lib.4_128=rsa routines
reason.4_128=p not prime
lib.4_129=rsa routines
reason.4_129=q not prime
lib.4_130=rsa routines
reason.4_130=rsa operations not supported
lib.4_131=rsa routines
reason.4_131=invalid message length
lib.4_132=rsa routines
reason.4_132=data too large for modulus
lib.4_133=rsa routines
reason.4_133=first octet invalid
lib.4_134=rsa routines
reason.4_134=last octet invalid
lib.4_135=rsa routines
reason.4_135=salt length recovery failed
lib.4_136=rsa routines
reason.4_136=salt length check failed
lib.4_137=rsa routines
reason.4_137=invalid header
lib.4_138=rsa routines
reason.4_138=invalid padding
lib.4_139=rsa routines
reason.4_139=invalid trailer
lib.4_140=rsa routines
reason.4_140=no public exponent
lib.4_141=rsa routines
reason.4_141=invalid padding mode
lib.4_142=rsa routines
reason.4_142=invalid x931 digest
lib.4_143=rsa routines
reason.4_143=invalid digest length
lib.4_144=rsa routines
reason.4_144=illegal or unsupported padding mode
lib.4_145=rsa routines
reason.4_145=digest not allowed
lib.4_146=rsa routines
reason.4_146=invalid pss saltlen
lib.4_147=rsa routines
reason.4_147=value missing
lib.4_148=rsa routines
reason.4_148=operation not supported for this keytype
lib.4_149=rsa routines
reason.4_149=invalid pss parameters
lib.4_150=rsa routines
reason.4_150=invalid salt length
lib.4_151=rsa routines
reason.4_151=unknown mask digest
lib.4_152=rsa routines
reason.4_152=mgf1 digest not allowed
lib.4_153=rsa routines
reason.4_153=unsupported mask algorithm
lib.4_154=rsa routines
reason.4_154=unsupported mask parameter
lib.4_155=rsa routines
reason.4_155=unsupported signature type
lib.4_156=rsa routines
reason.4_156=invalid mgf1 md
lib.4_157=rsa routines
reason.4_157=invalid digest
lib.4_158=rsa routines
reason.4_158=digest does not match
lib.4_159=rsa routines
reason.4_159=pkcs decoding error
lib.4_160=rsa routines
reason.4_160=invalid label
lib.4_161=rsa routines
reason.4_161=invalid oaep parameters
lib.4_162=rsa routines
reason.4_162=unsupported encryption type
lib.4_163=rsa routines
reason.4_163=unsupported label source
lib.4_164=rsa routines
reason.4_164=pss saltlen too small
lib.4_165=rsa routines
reason.4_165=key prime num invalid
lib.4_166=rsa routines
reason.4_166=unknown digest
lib.4_167=rsa routines
reason.4_167=invalid multi prime key
lib.4_168=rsa routines
reason.4_168=mp coefficient not inverse of r
lib.4_169=rsa routines
reason.4_169=mp exponent not congruent to d
lib.4_170=rsa routines
reason.4_170=mp r not prime
lib.4_171=rsa routines
reason.4_171=invalid keypair
lib.4_172=rsa routines
reason.4_172=n does not equal product of primes
lib.4_173=rsa routines
reason.4_173=invalid key length
lib.4_174=rsa routines
reason.4_174=invalid modulus
lib.4_175=rsa routines
reason.4_175=invalid request
lib.4_176=rsa routines
reason.4_176=invalid strength
lib.4_177=rsa routines
reason.4_177=pairwise test failure
lib.4_178=rsa routines
reason.4_178=pub exponent out of range
lib.4_179=rsa routines
reason.4_179=missing private key
lib.4_180=rsa routines
reason.4_180=randomness source strength insufficient
lib.4_181=rsa routines
reason.4_181=invalid length
lib.5_100=Diffie-Hellman routines
reason.5_100=no private value
lib.5_101=Diffie-Hellman routines
reason.5_101=bad generator
lib.5_102=Diffie-Hellman routines
reason.5_102=invalid public key
lib.5_103=Diffie-Hellman routines
reason.5_103=modulus too large
lib.5_104=Diffie-Hellman routines
reason.5_104=decode error
lib.5_105=Diffie-Hellman routines
reason.5_105=parameter encoding error
lib.5_106=Diffie-Hellman routines
reason.5_106=bn error
lib.5_107=Diffie-Hellman routines
reason.5_107=no parameters set
lib.5_108=Diffie-Hellman routines
reason.5_108=keys not set
lib.5_109=Diffie-Hellman routines
reason.5_109=bn decode error
lib.5_110=Diffie-Hellman routines
reason.5_110=invalid parameter name
lib.5_111=Diffie-Hellman routines
reason.5_111=peer key error
lib.5_112=Diffie-Hellman routines
reason.5_112=kdf parameter error
lib.5_113=Diffie-Hellman routines
reason.5_113=shared info error
lib.5_114=Diffie-Hellman routines
reason.5_114=invalid parameter nid
lib.5_115=Diffie-Hellman routines
reason.5_115=check invalid j value
lib.5_116=Diffie-Hellman routines
reason.5_116=check invalid q value
lib.5_117=Diffie-Hellman routines
reason.5_117=check p not prime
lib.5_118=Diffie-Hellman routines
reason.5_118=check p not safe prime
lib.5_119=Diffie-Hellman routines
reason.5_119=check q not prime
lib.5_120=Diffie-Hellman routines
reason.5_120=not suitable generator
lib.5_121=Diffie-Hellman routines
reason.5_121=unable to check generator
lib.5_122=Diffie-Hellman routines
reason.5_122=check pubkey invalid
lib.5_123=Diffie-Hellman routines
reason.5_123=check pubkey too large
lib.5_124=Diffie-Hellman routines
reason.5_124=check pubkey too small
lib.5_125=Diffie-Hellman routines
reason.5_125=missing pubkey
lib.5_126=Diffie-Hellman routines
reason.5_126=modulus too small
lib.5_127=Diffie-Hellman routines
reason.5_127=bad ffc parameters
lib.5_128=Diffie-Hellman routines
reason.5_128=invalid secret
lib.5_129=Diffie-Hellman routines
reason.5_129=invalid size
lib.5_130=Diffie-Hellman routines
reason.5_130=q too large
lib.6_100=digital envelope routines
reason.6_100=bad decrypt
lib.6_101=digital envelope routines
reason.6_101=different key types
lib.6_103=digital envelope routines
reason.6_103=missing parameters
lib.6_106=digital envelope routines
reason.6_106=public key not rsa
lib.6_107=digital envelope routines
reason.6_107=unsupported cipher
lib.6_108=digital envelope routines
reason.6_108=unsupported key size
lib.6_109=digital envelope routines
reason.6_109=wrong final block length
lib.6_111=digital envelope routines
reason.6_111=input not initialized
lib.6_114=digital envelope routines
reason.6_114=decode error
lib.6_118=digital envelope routines
reason.6_118=unsupported private key algorithm
lib.6_121=digital envelope routines
reason.6_121=unknown pbe algorithm
lib.6_122=digital envelope routines
reason.6_122=cipher parameter error
lib.6_123=digital envelope routines
reason.6_123=unsupported keylength
lib.6_124=digital envelope routines
reason.6_124=unsupported key derivation function
lib.6_125=digital envelope routines
reason.6_125=unsupported prf
lib.6_126=digital envelope routines
reason.6_126=unsupported salt type
lib.6_127=digital envelope routines
reason.6_127=expecting an rsa key
lib.6_128=digital envelope routines
reason.6_128=expecting a dh key
lib.6_129=digital envelope routines
reason.6_129=expecting a dsa key
lib.6_130=digital envelope routines
reason.6_130=invalid key length
lib.6_131=digital envelope routines
reason.6_131=no cipher set
lib.6_132=digital envelope routines
reason.6_132=ctrl not implemented
lib.6_133=digital envelope routines
reason.6_133=ctrl operation not implemented
lib.6_134=digital envelope routines
reason.6_134=initialization error
lib.6_135=digital envelope routines
reason.6_135=unsupported number of rounds
lib.6_138=digital envelope routines
reason.6_138=data not multiple of block length
lib.6_139=digital envelope routines
reason.6_139=no digest set
lib.6_142=digital envelope routines
reason.6_142=expecting an ec key
lib.6_143=digital envelope routines
reason.6_143=aes key setup failed
lib.6_144=digital envelope routines
reason.6_144=method not supported
lib.6_145=digital envelope routines
reason.6_145=private key decode error
lib.6_146=digital envelope routines
reason.6_146=private key encode error
lib.6_147=digital envelope routines
reason.6_147=command not supported
lib.6_148=digital envelope routines
reason.6_148=invalid operation
lib.6_149=digital envelope routines
reason.6_149=no operation set
lib.6_150=digital envelope routines
reason.6_150=operation not supported for this keytype
lib.6_151=digital envelope routines
reason.6_151=operation not initialized
lib.6_152=digital envelope routines
reason.6_152=invalid digest
lib.6_153=digital envelope routines
reason.6_153=different parameters
lib.6_154=digital envelope routines
reason.6_154=no key set
lib.6_155=digital envelope routines
reason.6_155=buffer too small
lib.6_156=digital envelope routines
reason.6_156=unsupported algorithm
lib.6_157=digital envelope routines
reason.6_157=camellia key setup failed
lib.6_158=digital envelope routines
reason.6_158=no default digest
lib.6_159=digital envelope routines
reason.6_159=message digest is null
lib.6_160=digital envelope routines
reason.6_160=unknown cipher
lib.6_161=digital envelope routines
reason.6_161=unknown digest
lib.6_162=digital envelope routines
reason.6_162=partially overlapping buffers
lib.6_163=digital envelope routines
reason.6_163=invalid key
lib.6_164=digital envelope routines
reason.6_164=expecting a poly1305 key
lib.6_165=digital envelope routines
reason.6_165=error loading section
lib.6_166=digital envelope routines
reason.6_166=unknown bits
lib.6_167=digital envelope routines
reason.6_167=unknown max size
lib.6_168=digital envelope routines
reason.6_168=unknown security bits
lib.6_169=digital envelope routines
reason.6_169=unknown option
lib.6_170=digital envelope routines
reason.6_170=wrap mode not allowed
lib.6_171=digital envelope routines
reason.6_171=illegal scrypt parameters
lib.6_172=digital envelope routines
reason.6_172=memory limit exceeded
lib.6_173=digital envelope routines
reason.6_173=copy error
lib.6_174=digital envelope routines
reason.6_174=expecting an hmac key
lib.6_175=digital envelope routines
reason.6_175=expecting a siphash key
lib.6_176=digital envelope routines
reason.6_176=aria key setup failed
lib.6_177=digital envelope routines
reason.6_177=only oneshot supported
lib.6_178=digital envelope routines
reason.6_178=not XOF or invalid length
lib.6_179=digital envelope routines
reason.6_179=pkey application asn1 method already registered
lib.6_180=digital envelope routines
reason.6_180=key setup failed
lib.6_181=digital envelope routines
reason.6_181=pbkdf2 error
lib.6_182=digital envelope routines
reason.6_182=get raw key failed
lib.6_183=digital envelope routines
reason.6_183=too many records
lib.6_184=digital envelope routines
reason.6_184=cipher not gcm mode
lib.6_185=digital envelope routines
reason.6_185=invalid custom length
lib.6_186=digital envelope routines
reason.6_186=invalid salt length
lib.6_187=digital envelope routines
reason.6_187=parameter too large
lib.6_188=digital envelope routines
reason.6_188=final error
lib.6_189=digital envelope routines
reason.6_189=update error
lib.6_190=digital envelope routines
reason.6_190=not able to copy ctx
lib.6_191=digital envelope routines
reason.6_191=xts data unit is too large
lib.6_192=digital envelope routines
reason.6_192=xts duplicated keys
lib.6_193=digital envelope routines
reason.6_193=invalid provider functions
lib.6_194=digital envelope routines
reason.6_194=invalid iv length
lib.6_195=digital envelope routines
reason.6_195=bad key length
lib.6_196=digital envelope routines
reason.6_196=no keymgmt present
lib.6_197=digital envelope routines
reason.6_197=cannot get parameters
lib.6_198=digital envelope routines
reason.6_198=cannot set parameters
lib.6_199=digital envelope routines
reason.6_199=no keymgmt available
lib.6_200=digital envelope routines
reason.6_200=bad algorithm name
lib.6_201=digital envelope routines
reason.6_201=conflicting algorithm name
lib.6_202=digital envelope routines
reason.6_202=output would overflow
lib.6_203=digital envelope routines
reason.6_203=inaccessible key
lib.6_204=digital envelope routines
reason.6_204=inaccessible domain parameters
lib.6_205=digital envelope routines
reason.6_205=keymgmt export failure
lib.6_206=digital envelope routines
reason.6_206=no import function
lib.6_207=digital envelope routines
reason.6_207=unknown key type
lib.6_208=digital envelope routines
reason.6_208=null mac pkey ctx
lib.6_209=digital envelope routines
reason.6_209=set default property failure
lib.6_210=digital envelope routines
reason.6_210=default query parse error
lib.6_211=digital envelope routines
reason.6_211=unable to lock context
lib.6_212=digital envelope routines
reason.6_212=unable to enable locking
lib.6_213=digital envelope routines
reason.6_213=locking not supported
lib.6_214=digital envelope routines
reason.6_214=generate error
lib.6_215=digital envelope routines
reason.6_215=unable to get maximum request size
lib.6_216=digital envelope routines
reason.6_216=unable to get random strength
lib.6_217=digital envelope routines
reason.6_217=unable to set callbacks
lib.6_218=digital envelope routines
reason.6_218=invalid null algorithm
lib.6_219=digital envelope routines
reason.6_219=expecting an ecx key
lib.6_220=digital envelope routines
reason.6_220=invalid seed length
lib.6_221=digital envelope routines
reason.6_221=invalid length
lib.6_222=digital envelope routines
reason.6_222=invalid value
lib.6_223=digital envelope routines
reason.6_223=invalid secret length
lib.6_224=digital envelope routines
reason.6_224=unsupported key type
lib.6_225=digital envelope routines
reason.6_225=cache constants failed
lib.6_226=digital envelope routines
reason.6_226=operation not supported for this signature type
lib.6_227=digital envelope routines
reason.6_227=setting xof failed
lib.6_228=digital envelope routines
reason.6_228=signature type and key type incompatible
lib.6_229=digital envelope routines
reason.6_229=getting AlgorithmIdentifier not supported
lib.6_230=digital envelope routines
reason.6_230=pipeline not supported
lib.6_231=digital envelope routines
reason.6_231=too many pipes
lib.6_232=digital envelope routines
reason.6_232=provider asym cipher failure
lib.6_233=digital envelope routines
reason.6_233=provider keymgmt failure
lib.6_234=digital envelope routines
reason.6_234=provider signature failure
lib.6_235=digital envelope routines
reason.6_235=provider asym cipher not supported
lib.6_236=digital envelope routines
reason.6_236=provider keymgmt not supported
lib.6_237=digital envelope routines
reason.6_237=provider signature not supported
lib.8_101=object identifier routines
reason.8_101=unknown nid
lib.8_102=object identifier routines
reason.8_102=oid exists
lib.8_103=object identifier routines
reason.8_103=unknown object name
lib.9_100=PEM routines
reason.9_100=bad base64 decode
lib.9_101=PEM routines
reason.9_101=bad decrypt
lib.9_102=PEM routines
reason.9_102=bad end line
lib.9_103=PEM routines
reason.9_103=bad iv chars
lib.9_104=PEM routines
reason.9_104=bad password read
lib.9_105=PEM routines
reason.9_105=not dek info
lib.9_106=PEM routines
reason.9_106=not encrypted
lib.9_107=PEM routines
reason.9_107=not proc type
lib.9_108=PEM routines
reason.9_108=no start line
lib.9_109=PEM routines
reason.9_109=problems getting password
lib.9_110=PEM routines
reason.9_110=unsupported public key type
lib.9_111=PEM routines
reason.9_111=read key
lib.9_112=PEM routines
reason.9_112=short header
lib.9_113=PEM routines
reason.9_113=unsupported cipher
lib.9_114=PEM routines
reason.9_114=unsupported encryption
lib.9_115=PEM routines
reason.9_115=error converting private key
lib.9_116=PEM routines
reason.9_116=bad magic number
lib.9_117=PEM routines
reason.9_117=bad version number
lib.9_118=PEM routines
reason.9_118=bio write failure
lib.9_119=PEM routines
reason.9_119=expecting private key blob
lib.9_120=PEM routines
reason.9_120=expecting public key blob
lib.9_121=PEM routines
reason.9_121=inconsistent header
lib.9_122=PEM routines
reason.9_122=keyblob header parse error
lib.9_123=PEM routines
reason.9_123=keyblob too short
lib.9_124=PEM routines
reason.9_124=pvk data too short
lib.9_125=PEM routines
reason.9_125=pvk too short
lib.9_126=PEM routines
reason.9_126=unsupported key components
lib.9_127=PEM routines
reason.9_127=cipher is null
lib.9_128=PEM routines
reason.9_128=header too long
lib.9_129=PEM routines
reason.9_129=missing dek iv
lib.9_130=PEM routines
reason.9_130=unexpected dek iv
lib.9_131=PEM routines
reason.9_131=expecting dss key blob
lib.9_132=PEM routines
reason.9_132=expecting rsa key blob
lib.9_133=PEM routines
reason.9_133=unsupported pvk key type
lib.10_101=dsa routines
reason.10_101=missing parameters
lib.10_102=dsa routines
reason.10_102=bad q value
lib.10_103=dsa routines
reason.10_103=modulus too large
lib.10_104=dsa routines
reason.10_104=decode error
lib.10_105=dsa routines
reason.10_105=parameter encoding error
lib.10_106=dsa routines
reason.10_106=invalid digest type
lib.10_107=dsa routines
reason.10_107=no parameters set
lib.10_108=dsa routines
reason.10_108=bn decode error
lib.10_109=dsa routines
reason.10_109=bn error
lib.10_110=dsa routines
reason.10_110=seed_len is less than the length of q
lib.10_111=dsa routines
reason.10_111=missing private key
lib.10_112=dsa routines
reason.10_112=invalid parameters
lib.10_113=dsa routines
reason.10_113=q not prime
lib.10_114=dsa routines
reason.10_114=bad ffc parameters
lib.10_115=dsa routines
reason.10_115=p not prime
lib.10_116=dsa routines
reason.10_116=too many retries
lib.11_100=x509 certificate routines
reason.11_100=bad x509 filetype
lib.11_101=x509 certificate routines
reason.11_101=cert already in hash table
lib.11_103=x509 certificate routines
reason.11_103=loading cert dir
lib.11_104=x509 certificate routines
reason.11_104=loading defaults
lib.11_105=x509 certificate routines
reason.11_105=no cert set for us to verify
lib.11_106=x509 certificate routines
reason.11_106=should retry
lib.11_107=x509 certificate routines
reason.11_107=unable to find parameters in chain
lib.11_108=x509 certificate routines
reason.11_108=unable to get certs public key
lib.11_109=x509 certificate routines
reason.11_109=unknown nid
lib.11_110=x509 certificate routines
reason.11_110=akid mismatch
lib.11_111=x509 certificate routines
reason.11_111=unsupported algorithm
lib.11_112=x509 certificate routines
reason.11_112=wrong lookup type
lib.11_113=x509 certificate routines
reason.11_113=invalid directory
lib.11_114=x509 certificate routines
reason.11_114=can't check dh key
lib.11_115=x509 certificate routines
reason.11_115=key type mismatch
lib.11_116=x509 certificate routines
reason.11_116=key values mismatch
lib.11_117=x509 certificate routines
reason.11_117=unknown key type
lib.11_118=x509 certificate routines
reason.11_118=base64 decode error
lib.11_119=x509 certificate routines
reason.11_119=invalid field name
lib.11_120=x509 certificate routines
reason.11_120=unknown trust id
lib.11_121=x509 certificate routines
reason.11_121=unknown purpose id
lib.11_122=x509 certificate routines
reason.11_122=wrong type
lib.11_123=x509 certificate routines
reason.11_123=invalid trust
lib.11_124=x509 certificate routines
reason.11_124=method not supported
lib.11_125=x509 certificate routines
reason.11_125=public key decode error
lib.11_126=x509 certificate routines
reason.11_126=public key encode error
lib.11_127=x509 certificate routines
reason.11_127=crl already delta
lib.11_128=x509 certificate routines
reason.11_128=idp mismatch
lib.11_129=x509 certificate routines
reason.11_129=issuer mismatch
lib.11_130=x509 certificate routines
reason.11_130=no crl number
lib.11_131=x509 certificate routines
reason.11_131=crl verify failure
lib.11_132=x509 certificate routines
reason.11_132=newer crl not newer
lib.11_133=x509 certificate routines
reason.11_133=bad selector
lib.11_134=x509 certificate routines
reason.11_134=name too long
lib.11_135=x509 certificate routines
reason.11_135=no certificate found
lib.11_136=x509 certificate routines
reason.11_136=no certificate or crl found
lib.11_137=x509 certificate routines
reason.11_137=no crl found
lib.11_138=x509 certificate routines
reason.11_138=invalid attributes
lib.11_139=x509 certificate routines
reason.11_139=certificate verification failed
lib.11_140=x509 certificate routines
reason.11_140=duplicate attribute
lib.11_141=x509 certificate routines
reason.11_141=error getting md by nid
lib.11_142=x509 certificate routines
reason.11_142=error using siginf set
lib.11_143=x509 certificate routines
reason.11_143=invalid distpoint
lib.11_144=x509 certificate routines
reason.11_144=unknown sigid algs
lib.11_145=x509 certificate routines
reason.11_145=unsupported version
lib.11_147=x509 certificate routines
reason.11_147=crl signature algorithm mismatch
lib.13_100=asn1 encoding routines
reason.13_100=aux error
lib.13_102=asn1 encoding routines
reason.13_102=bad object header
lib.13_105=asn1 encoding routines
reason.13_105=bn lib
lib.13_106=asn1 encoding routines
reason.13_106=boolean is wrong length
lib.13_107=asn1 encoding routines
reason.13_107=buffer too small
lib.13_108=asn1 encoding routines
reason.13_108=cipher has no object identifier
lib.13_109=asn1 encoding routines
reason.13_109=data is wrong
lib.13_110=asn1 encoding routines
reason.13_110=decode error
lib.13_112=asn1 encoding routines
reason.13_112=encode error
lib.13_114=asn1 encoding routines
reason.13_114=error setting cipher params
lib.13_115=asn1 encoding routines
reason.13_115=expecting an integer
lib.13_116=asn1 encoding routines
reason.13_116=expecting an object
lib.13_119=asn1 encoding routines
reason.13_119=explicit length mismatch
lib.13_120=asn1 encoding routines
reason.13_120=explicit tag not constructed
lib.13_121=asn1 encoding routines
reason.13_121=field missing
lib.13_122=asn1 encoding routines
reason.13_122=first num too large
lib.13_123=asn1 encoding routines
reason.13_123=header too long
lib.13_124=asn1 encoding routines
reason.13_124=illegal characters
lib.13_125=asn1 encoding routines
reason.13_125=illegal null
lib.13_126=asn1 encoding routines
reason.13_126=illegal optional any
lib.13_127=asn1 encoding routines
reason.13_127=illegal tagged any
lib.13_128=asn1 encoding routines
reason.13_128=integer too large for long
lib.13_129=asn1 encoding routines
reason.13_129=invalid bmpstring length
lib.13_130=asn1 encoding routines
reason.13_130=invalid digit
lib.13_131=asn1 encoding routines
reason.13_131=invalid separator
lib.13_133=asn1 encoding routines
reason.13_133=invalid universalstring length
lib.13_134=asn1 encoding routines
reason.13_134=invalid utf8string
lib.13_137=asn1 encoding routines
reason.13_137=missing eoc
lib.13_138=asn1 encoding routines
reason.13_138=missing second number
lib.13_139=asn1 encoding routines
reason.13_139=mstring not universal
lib.13_140=asn1 encoding routines
reason.13_140=mstring wrong tag
lib.13_141=asn1 encoding routines
reason.13_141=non hex characters
lib.13_142=asn1 encoding routines
reason.13_142=not enough data
lib.13_143=asn1 encoding routines
reason.13_143=no matching choice type
lib.13_144=asn1 encoding routines
reason.13_144=null is wrong length
lib.13_145=asn1 encoding routines
reason.13_145=odd number of chars
lib.13_147=asn1 encoding routines
reason.13_147=second number too large
lib.13_148=asn1 encoding routines
reason.13_148=sequence length mismatch
lib.13_149=asn1 encoding routines
reason.13_149=sequence not constructed
lib.13_150=asn1 encoding routines
reason.13_150=short line
lib.13_151=asn1 encoding routines
reason.13_151=string too long
lib.13_152=asn1 encoding routines
reason.13_152=string too short
lib.13_154=asn1 encoding routines
reason.13_154=the asn1 object identifier is not known for this md
lib.13_155=asn1 encoding routines
reason.13_155=too long
lib.13_156=asn1 encoding routines
reason.13_156=type not constructed
lib.13_159=asn1 encoding routines
reason.13_159=unexpected eoc
lib.13_160=asn1 encoding routines
reason.13_160=unknown format
lib.13_161=asn1 encoding routines
reason.13_161=unknown message digest algorithm
lib.13_162=asn1 encoding routines
reason.13_162=unknown object type
lib.13_163=asn1 encoding routines
reason.13_163=unknown public key type
lib.13_164=asn1 encoding routines
reason.13_164=unsupported any defined by type
lib.13_167=asn1 encoding routines
reason.13_167=unsupported public key type
lib.13_168=asn1 encoding routines
reason.13_168=wrong tag
lib.13_170=asn1 encoding routines
reason.13_170=illegal options on item template
lib.13_171=asn1 encoding routines
reason.13_171=adding object
lib.13_172=asn1 encoding routines
reason.13_172=error loading section
lib.13_173=asn1 encoding routines
reason.13_173=error getting time
lib.13_174=asn1 encoding routines
reason.13_174=depth exceeded
lib.13_175=asn1 encoding routines
reason.13_175=illegal bitstring format
lib.13_176=asn1 encoding routines
reason.13_176=illegal boolean
lib.13_177=asn1 encoding routines
reason.13_177=illegal format
lib.13_178=asn1 encoding routines
reason.13_178=illegal hex
lib.13_179=asn1 encoding routines
reason.13_179=illegal implicit tag
lib.13_180=asn1 encoding routines
reason.13_180=illegal integer
lib.13_181=asn1 encoding routines
reason.13_181=illegal nested tagging
lib.13_182=asn1 encoding routines
reason.13_182=illegal null value
lib.13_183=asn1 encoding routines
reason.13_183=illegal object
lib.13_184=asn1 encoding routines
reason.13_184=illegal time value
lib.13_185=asn1 encoding routines
reason.13_185=integer not ascii format
lib.13_186=asn1 encoding routines
reason.13_186=invalid modifier
lib.13_187=asn1 encoding routines
reason.13_187=invalid number
lib.13_188=asn1 encoding routines
reason.13_188=list error
lib.13_189=asn1 encoding routines
reason.13_189=missing value
lib.13_190=asn1 encoding routines
reason.13_190=not ascii format
lib.13_191=asn1 encoding routines
reason.13_191=object not ascii format
lib.13_192=asn1 encoding routines
reason.13_192=sequence or set needs config
lib.13_193=asn1 encoding routines
reason.13_193=time not ascii format
lib.13_194=asn1 encoding routines
reason.13_194=unknown tag
lib.13_195=asn1 encoding routines
reason.13_195=type not primitive
lib.13_196=asn1 encoding routines
reason.13_196=unsupported type
lib.13_197=asn1 encoding routines
reason.13_197=nested asn1 string
lib.13_198=asn1 encoding routines
reason.13_198=digest and key type not supported
lib.13_199=asn1 encoding routines
reason.13_199=unknown signature algorithm
lib.13_200=asn1 encoding routines
reason.13_200=wrong public key type
lib.13_201=asn1 encoding routines
reason.13_201=nested too deep
lib.13_202=asn1 encoding routines
reason.13_202=streaming not supported
lib.13_203=asn1 encoding routines
reason.13_203=asn1 parse error
lib.13_204=asn1 encoding routines
reason.13_204=asn1 sig parse error
lib.13_205=asn1 encoding routines
reason.13_205=invalid mime type
lib.13_206=asn1 encoding routines
reason.13_206=mime no content type
lib.13_207=asn1 encoding routines
reason.13_207=mime parse error
lib.13_208=asn1 encoding routines
reason.13_208=mime sig parse error
lib.13_209=asn1 encoding routines
reason.13_209=no content type
lib.13_210=asn1 encoding routines
reason.13_210=no multipart body failure
lib.13_211=asn1 encoding routines
reason.13_211=no multipart boundary
lib.13_212=asn1 encoding routines
reason.13_212=no sig content type
lib.13_213=asn1 encoding routines
reason.13_213=sig invalid mime type
lib.13_214=asn1 encoding routines
reason.13_214=bmpstring is wrong length
lib.13_215=asn1 encoding routines
reason.13_215=universalstring is wrong length
lib.13_216=asn1 encoding routines
reason.13_216=invalid object encoding
lib.13_217=asn1 encoding routines
reason.13_217=context not initialised
lib.13_218=asn1 encoding routines
reason.13_218=invalid string table value
lib.13_219=asn1 encoding routines
reason.13_219=invalid value
lib.13_220=asn1 encoding routines
reason.13_220=invalid bit string bits left
lib.13_221=asn1 encoding routines
reason.13_221=illegal padding
lib.13_222=asn1 encoding routines
reason.13_222=illegal zero content
lib.13_223=asn1 encoding routines
reason.13_223=too large
lib.13_224=asn1 encoding routines
reason.13_224=too small
lib.13_225=asn1 encoding routines
reason.13_225=wrong integer type
lib.13_226=asn1 encoding routines
reason.13_226=illegal negative value
lib.13_227=asn1 encoding routines
reason.13_227=invalid scrypt parameters
lib.13_228=asn1 encoding routines
reason.13_228=unsupported cipher
lib.13_229=asn1 encoding routines
reason.13_229=unknown digest
lib.13_230=asn1 encoding routines
reason.13_230=bad template
lib.13_231=asn1 encoding routines
reason.13_231=length too long
lib.13_232=asn1 encoding routines
reason.13_232=generalizedtime is too short
lib.13_233=asn1 encoding routines
reason.13_233=utctime is too short
lib.14_100=configuration file routines
reason.14_100=missing close square bracket
lib.14_101=configuration file routines
reason.14_101=missing equal sign
lib.14_102=configuration file routines
reason.14_102=no close brace
lib.14_103=configuration file routines
reason.14_103=unable to create new section
lib.14_104=configuration file routines
reason.14_104=variable has no value
lib.14_105=configuration file routines
reason.14_105=no conf
lib.14_106=configuration file routines
reason.14_106=no conf or environment variable
lib.14_107=configuration file routines
reason.14_107=no section
lib.14_108=configuration file routines
reason.14_108=no value
lib.14_109=configuration file routines
reason.14_109=module initialization error
lib.14_110=configuration file routines
reason.14_110=error loading dso
lib.14_111=configuration file routines
reason.14_111=recursive directory include
lib.14_112=configuration file routines
reason.14_112=missing init function
lib.14_113=configuration file routines
reason.14_113=unknown module name
lib.14_114=configuration file routines
reason.14_114=no such file
lib.14_115=configuration file routines
reason.14_115=list cannot be null
lib.14_116=configuration file routines
reason.14_116=variable expansion too long
lib.14_117=configuration file routines
reason.14_117=ssl command section empty
lib.14_118=configuration file routines
reason.14_118=ssl command section not found
lib.14_119=configuration file routines
reason.14_119=ssl section empty
lib.14_120=configuration file routines
reason.14_120=ssl section not found
lib.14_121=configuration file routines
reason.14_121=number too large
lib.14_122=configuration file routines
reason.14_122=invalid pragma
lib.14_123=configuration file routines
reason.14_123=mandatory braces in variable expansion
lib.14_124=configuration file routines
reason.14_124=openssl conf references missing section
lib.14_125=configuration file routines
reason.14_125=relative path
lib.14_126=configuration file routines
reason.14_126=recursive section reference
lib.15_102=common libcrypto routines
reason.15_102=illegal hex digit
lib.15_103=common libcrypto routines
reason.15_103=odd number of digits
lib.15_104=common libcrypto routines
reason.15_104=provider already exists
lib.15_105=common libcrypto routines
reason.15_105=provider section error
lib.15_106=common libcrypto routines
reason.15_106=insufficient data space
lib.15_107=common libcrypto routines
reason.15_107=insufficient param size
lib.15_108=common libcrypto routines
reason.15_108=insufficient secure data space
lib.15_109=common libcrypto routines
reason.15_109=invalid null argument
lib.15_110=common libcrypto routines
reason.15_110=invalid ossl param type
lib.15_111=common libcrypto routines
reason.15_111=secure malloc failure
lib.15_112=common libcrypto routines
reason.15_112=string too long
lib.15_113=common libcrypto routines
reason.15_113=too many bytes
lib.15_114=common libcrypto routines
reason.15_114=too many records
lib.15_115=common libcrypto routines
reason.15_115=zero length number
lib.15_116=common libcrypto routines
reason.15_116=too small buffer
lib.15_117=common libcrypto routines
reason.15_117=bad algorithm name
lib.15_118=common libcrypto routines
reason.15_118=conflicting names
lib.15_119=common libcrypto routines
reason.15_119=random section error
lib.15_120=common libcrypto routines
reason.15_120=unknown name in random section
lib.15_121=common libcrypto routines
reason.15_121=hex string too short
lib.15_122=common libcrypto routines
reason.15_122=invalid negative value
lib.15_123=common libcrypto routines
reason.15_123=param cannot be represented exactly
lib.15_124=common libcrypto routines
reason.15_124=param not integer type
lib.15_125=common libcrypto routines
reason.15_125=param unsigned integer negative value unsupported
lib.15_126=common libcrypto routines
reason.15_126=param value too large for destination
lib.15_127=common libcrypto routines
reason.15_127=integer overflow
lib.15_128=common libcrypto routines
reason.15_128=no space for terminating null
lib.15_129=common libcrypto routines
reason.15_129=param of incompatible type
lib.15_130=common libcrypto routines
reason.15_130=param unsupported floating point format
lib.15_131=common libcrypto routines
reason.15_131=no params to merge
lib.15_132=common libcrypto routines
reason.15_132=too many names
lib.16_100=elliptic curve routines
reason.16_100=buffer too small
lib.16_101=elliptic curve routines
reason.16_101=incompatible objects
lib.16_102=elliptic curve routines
reason.16_102=invalid encoding
lib.16_103=elliptic curve routines
reason.16_103=invalid field
lib.16_104=elliptic curve routines
reason.16_104=invalid form
lib.16_106=elliptic curve routines
reason.16_106=point at infinity
lib.16_107=elliptic curve routines
reason.16_107=point is not on curve
lib.16_108=elliptic curve routines
reason.16_108=slot full
lib.16_109=elliptic curve routines
reason.16_109=invalid compression bit
lib.16_110=elliptic curve routines
reason.16_110=invalid compressed point
lib.16_111=elliptic curve routines
reason.16_111=not initialized
lib.16_112=elliptic curve routines
reason.16_112=invalid argument
lib.16_113=elliptic curve routines
reason.16_113=undefined generator
lib.16_114=elliptic curve routines
reason.16_114=unknown order
lib.16_115=elliptic curve routines
reason.16_115=asn1 error
lib.16_116=elliptic curve routines
reason.16_116=invalid key
lib.16_117=elliptic curve routines
reason.16_117=invalid length
lib.16_118=elliptic curve routines
reason.16_118=discriminant is zero
lib.16_119=elliptic curve routines
reason.16_119=ec group new by name failure
lib.16_120=elliptic curve routines
reason.16_120=group2pkparameters failure
lib.16_121=elliptic curve routines
reason.16_121=i2d ecpkparameters failure
lib.16_122=elliptic curve routines
reason.16_122=invalid group order
lib.16_123=elliptic curve routines
reason.16_123=invalid private key
lib.16_124=elliptic curve routines
reason.16_124=missing parameters
lib.16_125=elliptic curve routines
reason.16_125=missing private key
lib.16_126=elliptic curve routines
reason.16_126=not implemented
lib.16_127=elliptic curve routines
reason.16_127=explicit params not supported
lib.16_128=elliptic curve routines
reason.16_128=undefined order
lib.16_129=elliptic curve routines
reason.16_129=unknown group
lib.16_130=elliptic curve routines
reason.16_130=wrong order
lib.16_131=elliptic curve routines
reason.16_131=unsupported field
lib.16_132=elliptic curve routines
reason.16_132=invalid pentanomial basis
lib.16_133=elliptic curve routines
reason.16_133=invalid peer key
lib.16_134=elliptic curve routines
reason.16_134=passed null parameter
lib.16_135=elliptic curve routines
reason.16_135=not a NIST prime
lib.16_136=elliptic curve routines
reason.16_136=ladder post failure
lib.16_137=elliptic curve routines
reason.16_137=invalid trinomial basis
lib.16_138=elliptic curve routines
reason.16_138=invalid digest type
lib.16_139=elliptic curve routines
reason.16_139=no parameters set
lib.16_140=elliptic curve routines
reason.16_140=keys not set
lib.16_141=elliptic curve routines
reason.16_141=invalid curve
lib.16_142=elliptic curve routines
reason.16_142=decode error
lib.16_143=elliptic curve routines
reason.16_143=field too large
lib.16_144=elliptic curve routines
reason.16_144=bignum out of range
lib.16_145=elliptic curve routines
reason.16_145=wrong curve parameters
lib.16_146=elliptic curve routines
reason.16_146=coordinates out of range
lib.16_147=elliptic curve routines
reason.16_147=gf2m not supported
lib.16_148=elliptic curve routines
reason.16_148=kdf parameter error
lib.16_149=elliptic curve routines
reason.16_149=peer key error
lib.16_150=elliptic curve routines
reason.16_150=shared info error
lib.16_151=elliptic curve routines
reason.16_151=invalid digest
lib.16_152=elliptic curve routines
reason.16_152=operation not supported
lib.16_153=elliptic curve routines
reason.16_153=ladder pre failure
lib.16_154=elliptic curve routines
reason.16_154=no private value
lib.16_155=elliptic curve routines
reason.16_155=point arithmetic failure
lib.16_156=elliptic curve routines
reason.16_156=bad signature
lib.16_157=elliptic curve routines
reason.16_157=need new setup values
lib.16_158=elliptic curve routines
reason.16_158=random number generation failed
lib.16_159=elliptic curve routines
reason.16_159=curve does not support signing
lib.16_160=elliptic curve routines
reason.16_160=curve does not support ecdh
lib.16_161=elliptic curve routines
reason.16_161=invalid output length
lib.16_162=elliptic curve routines
reason.16_162=ladder step failure
lib.16_163=elliptic curve routines
reason.16_163=point coordinates blind failure
lib.16_164=elliptic curve routines
reason.16_164=unknown cofactor
lib.16_165=elliptic curve routines
reason.16_165=cannot invert
lib.16_166=elliptic curve routines
reason.16_166=failed making public key
lib.16_167=elliptic curve routines
reason.16_167=missing OID
lib.16_168=elliptic curve routines
reason.16_168=invalid a
lib.16_169=elliptic curve routines
reason.16_169=invalid b
lib.16_170=elliptic curve routines
reason.16_170=curve does not support ecdsa
lib.16_171=elliptic curve routines
reason.16_171=invalid cofactor
lib.16_172=elliptic curve routines
reason.16_172=invalid p
lib.16_173=elliptic curve routines
reason.16_173=invalid generator
lib.16_174=elliptic curve routines
reason.16_174=invalid named group conversion
lib.16_175=elliptic curve routines
reason.16_175=invalid seed
lib.16_176=elliptic curve routines
reason.16_176=too many retries
lib.32_100=BIO routines
reason.32_100=accept error
lib.32_101=BIO routines
reason.32_101=bad fopen mode
lib.32_102=BIO routines
reason.32_102=length too long
lib.32_103=BIO routines
reason.32_103=connect error
lib.32_104=BIO routines
reason.32_104=transfer error
lib.32_105=BIO routines
reason.32_105=transfer timeout
lib.32_106=BIO routines
reason.32_106=tfo disabled
lib.32_107=BIO routines
reason.32_107=gethostbyname addr is not af inet
lib.32_108=BIO routines
reason.32_108=tfo no kernel support
lib.32_109=BIO routines
reason.32_109=unable to tfo
lib.32_110=BIO routines
reason.32_110=nbio connect error
lib.32_111=BIO routines
reason.32_111=local address not available
lib.32_112=BIO routines
reason.32_112=non-fatal or transient error
lib.32_113=BIO routines
reason.32_113=no port defined
lib.32_117=BIO routines
reason.32_117=unable to bind socket
lib.32_118=BIO routines
reason.32_118=unable to create socket
lib.32_119=BIO routines
reason.32_119=unable to listen socket
lib.32_120=BIO routines
reason.32_120=uninitialized
lib.32_121=BIO routines
reason.32_121=unsupported method
lib.32_122=BIO routines
reason.32_122=WSAStartup
lib.32_123=BIO routines
reason.32_123=in use
lib.32_124=BIO routines
reason.32_124=broken pipe
lib.32_125=BIO routines
reason.32_125=invalid argument
lib.32_126=BIO routines
reason.32_126=write to read only BIO
lib.32_128=BIO routines
reason.32_128=no such file
lib.32_129=BIO routines
reason.32_129=ambiguous host or service
lib.32_130=BIO routines
reason.32_130=malformed host or service
lib.32_131=BIO routines
reason.32_131=unsupported protocol family
lib.32_132=BIO routines
reason.32_132=getsockname error
lib.32_133=BIO routines
reason.32_133=getsockname truncated address
lib.32_134=BIO routines
reason.32_134=getting socktype
lib.32_135=BIO routines
reason.32_135=invalid socket
lib.32_136=BIO routines
reason.32_136=listen v6 only
lib.32_137=BIO routines
reason.32_137=unable to keepalive
lib.32_138=BIO routines
reason.32_138=unable to nodelay
lib.32_139=BIO routines
reason.32_139=unable to reuseaddr
lib.32_140=BIO routines
reason.32_140=unknown info type
lib.32_141=BIO routines
reason.32_141=addrinfo addr is not af inet
lib.32_142=BIO routines
reason.32_142=lookup returned nothing
lib.32_143=BIO routines
reason.32_143=no accept addr or service specified
lib.32_144=BIO routines
reason.32_144=no hostname or service specified
lib.32_145=BIO routines
reason.32_145=unavailable ip family
lib.32_146=BIO routines
reason.32_146=unsupported ip family
lib.32_147=BIO routines
reason.32_147=connect timeout
lib.32_150=BIO routines
reason.32_150=port mismatch
lib.32_151=BIO routines
reason.32_151=peer address not available
lib.33_101=PKCS7 routines
reason.33_101=digest failure
lib.33_104=PKCS7 routines
reason.33_104=operation not supported on this type
lib.33_105=PKCS7 routines
reason.33_105=signature failure
lib.33_106=PKCS7 routines
reason.33_106=unable to find certificate
lib.33_107=PKCS7 routines
reason.33_107=unable to find mem bio
lib.33_108=PKCS7 routines
reason.33_108=unable to find message digest
lib.33_109=PKCS7 routines
reason.33_109=unknown digest type
lib.33_110=PKCS7 routines
reason.33_110=unknown operation
lib.33_111=PKCS7 routines
reason.33_111=unsupported cipher type
lib.33_112=PKCS7 routines
reason.33_112=unsupported content type
lib.33_113=PKCS7 routines
reason.33_113=wrong content type
lib.33_114=PKCS7 routines
reason.33_114=wrong pkcs7 type
lib.33_115=PKCS7 routines
reason.33_115=no recipient matches certificate
lib.33_116=PKCS7 routines
reason.33_116=cipher not initialized
lib.33_117=PKCS7 routines
reason.33_117=certificate verify error
lib.33_118=PKCS7 routines
reason.33_118=content and data present
lib.33_119=PKCS7 routines
reason.33_119=decrypt error
lib.33_120=PKCS7 routines
reason.33_120=error adding recipient
lib.33_121=PKCS7 routines
reason.33_121=error setting cipher
lib.33_122=PKCS7 routines
reason.33_122=no content
lib.33_123=PKCS7 routines
reason.33_123=no signatures on data
lib.33_124=PKCS7 routines
reason.33_124=pkcs7 add signature error
lib.33_127=PKCS7 routines
reason.33_127=private key does not match certificate
lib.33_128=PKCS7 routines
reason.33_128=signer certificate not found
lib.33_129=PKCS7 routines
reason.33_129=smime text error
lib.33_142=PKCS7 routines
reason.33_142=no signers
lib.33_143=PKCS7 routines
reason.33_143=invalid null pointer
lib.33_144=PKCS7 routines
reason.33_144=cipher has no object identifier
lib.33_145=PKCS7 routines
reason.33_145=pkcs7 datasign
lib.33_147=PKCS7 routines
reason.33_147=signing ctrl failure
lib.33_148=PKCS7 routines
reason.33_148=signing not supported for this key type
lib.33_149=PKCS7 routines
reason.33_149=encryption ctrl failure
lib.33_150=PKCS7 routines
reason.33_150=encryption not supported for this key type
lib.33_151=PKCS7 routines
reason.33_151=no default digest
lib.33_152=PKCS7 routines
reason.33_152=ctrl error
lib.33_153=PKCS7 routines
reason.33_153=pkcs7 add signer error
lib.33_154=PKCS7 routines
reason.33_154=no matching digest type found
lib.33_155=PKCS7 routines
reason.33_155=invalid signed data type
lib.34_100=X509 V3 routines
reason.34_100=bn dec2bn error
lib.34_101=X509 V3 routines
reason.34_101=bn to asn1 integer error
lib.34_102=X509 V3 routines
reason.34_102=extension not found
lib.34_103=X509 V3 routines
reason.34_103=extension setting not supported
lib.34_104=X509 V3 routines
reason.34_104=invalid boolean string
lib.34_105=X509 V3 routines
reason.34_105=invalid extension string
lib.34_106=X509 V3 routines
reason.34_106=invalid name
lib.34_107=X509 V3 routines
reason.34_107=invalid null argument
lib.34_108=X509 V3 routines
reason.34_108=invalid empty name
lib.34_109=X509 V3 routines
reason.34_109=invalid null value
lib.34_110=X509 V3 routines
reason.34_110=invalid object identifier
lib.34_111=X509 V3 routines
reason.34_111=unknown bit string argument
lib.34_114=X509 V3 routines
reason.34_114=no public key
lib.34_115=X509 V3 routines
reason.34_115=extension name error
lib.34_116=X509 V3 routines
reason.34_116=extension value error
lib.34_117=X509 V3 routines
reason.34_117=unsupported option
lib.34_118=X509 V3 routines
reason.34_118=bad ip address
lib.34_119=X509 V3 routines
reason.34_119=bad object
lib.34_120=X509 V3 routines
reason.34_120=unknown option
lib.34_121=X509 V3 routines
reason.34_121=no issuer certificate
lib.34_122=X509 V3 routines
reason.34_122=unable to get issuer details
lib.34_123=X509 V3 routines
reason.34_123=unable to get issuer keyid
lib.34_124=X509 V3 routines
reason.34_124=missing value
lib.34_125=X509 V3 routines
reason.34_125=no subject details
lib.34_126=X509 V3 routines
reason.34_126=issuer decode error
lib.34_127=X509 V3 routines
reason.34_127=no issuer details
lib.34_128=X509 V3 routines
reason.34_128=error in extension
lib.34_129=X509 V3 routines
reason.34_129=unknown extension
lib.34_130=X509 V3 routines
reason.34_130=unknown extension name
lib.34_131=X509 V3 routines
reason.34_131=error converting zone
lib.34_132=X509 V3 routines
reason.34_132=user too long
lib.34_133=X509 V3 routines
reason.34_133=duplicate zone id
lib.34_134=X509 V3 routines
reason.34_134=invalid policy identifier
lib.34_135=X509 V3 routines
reason.34_135=invalid section
lib.34_136=X509 V3 routines
reason.34_136=no config database
lib.34_137=X509 V3 routines
reason.34_137=expected a section name
lib.34_138=X509 V3 routines
reason.34_138=invalid option
lib.34_139=X509 V3 routines
reason.34_139=no policy identifier
lib.34_140=X509 V3 routines
reason.34_140=invalid number
lib.34_141=X509 V3 routines
reason.34_141=invalid numbers
lib.34_142=X509 V3 routines
reason.34_142=need organization and numbers
lib.34_143=X509 V3 routines
reason.34_143=invalid syntax
lib.34_144=X509 V3 routines
reason.34_144=error creating extension
lib.34_145=X509 V3 routines
reason.34_145=extension exists
lib.34_146=X509 V3 routines
reason.34_146=invalid purpose
lib.34_147=X509 V3 routines
reason.34_147=othername error
lib.34_148=X509 V3 routines
reason.34_148=operation not defined
lib.34_149=X509 V3 routines
reason.34_149=dirname error
lib.34_150=X509 V3 routines
reason.34_150=section not found
lib.34_151=X509 V3 routines
reason.34_151=illegal empty extension
lib.34_152=X509 V3 routines
reason.34_152=incorrect policy syntax tag
lib.34_153=X509 V3 routines
reason.34_153=invalid proxy policy setting
lib.34_154=X509 V3 routines
reason.34_154=no proxy cert policy language defined
lib.34_155=X509 V3 routines
reason.34_155=policy language already defined
lib.34_156=X509 V3 routines
reason.34_156=policy path length
lib.34_157=X509 V3 routines
reason.34_157=policy path length already defined
lib.34_158=X509 V3 routines
reason.34_158=invalid certificate
lib.34_159=X509 V3 routines
reason.34_159=policy when proxy language requires no policy
lib.34_160=X509 V3 routines
reason.34_160=distpoint already set
lib.34_161=X509 V3 routines
reason.34_161=invalid multiple rdns
lib.34_162=X509 V3 routines
reason.34_162=invalid asnumber
lib.34_163=X509 V3 routines
reason.34_163=invalid asrange
lib.34_164=X509 V3 routines
reason.34_164=invalid safi
lib.34_165=X509 V3 routines
reason.34_165=invalid inheritance
lib.34_166=X509 V3 routines
reason.34_166=invalid ipaddress
lib.34_167=X509 V3 routines
reason.34_167=unsupported type
lib.34_168=X509 V3 routines
reason.34_168=negative pathlen
lib.34_169=X509 V3 routines
reason.34_169=empty key usage
lib.34_170=X509 V3 routines
reason.34_170=bad option
lib.34_171=X509 V3 routines
reason.34_171=bad value
lib.34_172=X509 V3 routines
reason.34_172=unknown value
lib.34_173=X509 V3 routines
reason.34_173=purpose not unique
lib.35_100=PKCS12 routines
reason.35_100=can't pack structure
lib.35_101=PKCS12 routines
reason.35_101=decode error
lib.35_102=PKCS12 routines
reason.35_102=encode error
lib.35_103=PKCS12 routines
reason.35_103=encrypt error
lib.35_104=PKCS12 routines
reason.35_104=invalid null argument
lib.35_105=PKCS12 routines
reason.35_105=invalid null pkcs12 pointer
lib.35_106=PKCS12 routines
reason.35_106=iv gen error
lib.35_107=PKCS12 routines
reason.35_107=key gen error
lib.35_108=PKCS12 routines
reason.35_108=mac absent
lib.35_109=PKCS12 routines
reason.35_109=mac generation error
lib.35_110=PKCS12 routines
reason.35_110=mac setup error
lib.35_111=PKCS12 routines
reason.35_111=mac string set error
lib.35_112=PKCS12 routines
reason.35_112=invalid type
lib.35_113=PKCS12 routines
reason.35_113=mac verify failure
lib.35_114=PKCS12 routines
reason.35_114=parse error
lib.35_115=PKCS12 routines
reason.35_115=callback failed
lib.35_116=PKCS12 routines
reason.35_116=pkcs12 cipherfinal error
lib.35_118=PKCS12 routines
reason.35_118=unknown digest algorithm
lib.35_119=PKCS12 routines
reason.35_119=unsupported pkcs12 mode
lib.35_120=PKCS12 routines
reason.35_120=error setting encrypted data type
lib.35_121=PKCS12 routines
reason.35_121=content type not data
lib.36_100=random number generator
reason.36_100=PRNG not seeded
lib.36_101=random number generator
reason.36_101=Function not implemented
lib.36_102=random number generator
reason.36_102=additional input too long
lib.36_103=random number generator
reason.36_103=already instantiated
lib.36_104=random number generator
reason.36_104=drbg not initialised
lib.36_105=random number generator
reason.36_105=argument out of range
lib.36_106=random number generator
reason.36_106=entropy input too long
lib.36_107=random number generator
reason.36_107=error initialising drbg
lib.36_108=random number generator
reason.36_108=error instantiating drbg
lib.36_109=random number generator
reason.36_109=error retrieving additional input
lib.36_110=random number generator
reason.36_110=error retrieving entropy
lib.36_111=random number generator
reason.36_111=error retrieving nonce
lib.36_112=random number generator
reason.36_112=generate error
lib.36_113=random number generator
reason.36_113=internal error
lib.36_114=random number generator
reason.36_114=in error state
lib.36_115=random number generator
reason.36_115=not instantiated
lib.36_116=random number generator
reason.36_116=personalisation string too long
lib.36_117=random number generator
reason.36_117=request too large for drbg
lib.36_118=random number generator
reason.36_118=reseed error
lib.36_119=random number generator
reason.36_119=selftest failure
lib.36_120=random number generator
reason.36_120=unsupported drbg type
lib.36_121=random number generator
reason.36_121=Cannot open file
lib.36_122=random number generator
reason.36_122=Not a regular file
lib.36_123=random number generator
reason.36_123=Error writing file
lib.36_124=random number generator
reason.36_124=entropy out of range
lib.36_125=random number generator
reason.36_125=random pool overflow
lib.36_126=random number generator
reason.36_126=failed to create lock
lib.36_127=random number generator
reason.36_127=error entropy pool was ignored
lib.36_128=random number generator
reason.36_128=no drbg implementation selected
lib.36_129=random number generator
reason.36_129=drbg already initialized
lib.36_130=random number generator
reason.36_130=parent locking not enabled
lib.36_131=random number generator
reason.36_131=parent strength too weak
lib.36_132=random number generator
reason.36_132=unsupported drbg flags
lib.36_133=random number generator
reason.36_133=prediction resistance not supported
lib.36_134=random number generator
reason.36_134=random pool underflow
lib.36_135=random number generator
reason.36_135=too little nonce requested
lib.36_136=random number generator
reason.36_136=too much nonce requested
lib.36_137=random number generator
reason.36_137=invalid property query
lib.36_138=random number generator
reason.36_138=unable to get parent strength
lib.36_139=random number generator
reason.36_139=insufficient drbg strength
lib.36_140=random number generator
reason.36_140=unable to lock parent
lib.36_141=random number generator
reason.36_141=unable to get parent reseed prop counter
lib.36_142=random number generator
reason.36_142=random pool is empty
lib.36_143=random number generator
reason.36_143=unable to create drbg
lib.36_144=random number generator
reason.36_144=unable to fetch drbg
lib.37_100=DSO support routines
reason.37_100=control command failed
lib.37_101=DSO support routines
reason.37_101=filename too big
lib.37_102=DSO support routines
reason.37_102=cleanup method function failed
lib.37_103=DSO support routines
reason.37_103=could not load the shared library
lib.37_104=DSO support routines
reason.37_104=a null shared library handle was used
lib.37_105=DSO support routines
reason.37_105=the meth_data stack is corrupt
lib.37_106=DSO support routines
reason.37_106=could not bind to the requested symbol name
lib.37_107=DSO support routines
reason.37_107=could not unload the shared library
lib.37_108=DSO support routines
reason.37_108=functionality not supported
lib.37_109=DSO support routines
reason.37_109=name translation failed
lib.37_110=DSO support routines
reason.37_110=dso already loaded
lib.37_111=DSO support routines
reason.37_111=no filename
lib.37_112=DSO support routines
reason.37_112=set filename failed
lib.37_113=DSO support routines
reason.37_113=empty file structure
lib.37_114=DSO support routines
reason.37_114=failure
lib.37_115=DSO support routines
reason.37_115=incorrect file syntax
lib.38_100=engine routines
reason.38_100=already loaded
lib.38_101=engine routines
reason.38_101=unimplemented public key method
lib.38_102=engine routines
reason.38_102=engine configuration error
lib.38_103=engine routines
reason.38_103=conflicting engine id
lib.38_104=engine routines
reason.38_104=DSO failure
lib.38_105=engine routines
reason.38_105=engine is not in the list
lib.38_106=engine routines
reason.38_106=finish failed
lib.38_108=engine routines
reason.38_108='id' or 'name' missing
lib.38_109=engine routines
reason.38_109=init failed
lib.38_110=engine routines
reason.38_110=internal list error
lib.38_112=engine routines
reason.38_112=not loaded
lib.38_116=engine routines
reason.38_116=no such engine
lib.38_117=engine routines
reason.38_117=not initialised
lib.38_119=engine routines
reason.38_119=ctrl command not implemented
lib.38_120=engine routines
reason.38_120=no control function
lib.38_125=engine routines
reason.38_125=no load function
lib.38_128=engine routines
reason.38_128=failed loading private key
lib.38_129=engine routines
reason.38_129=failed loading public key
lib.38_130=engine routines
reason.38_130=no reference
lib.38_132=engine routines
reason.38_132=dso not found
lib.38_133=engine routines
reason.38_133=argument is not a number
lib.38_134=engine routines
reason.38_134=cmd not executable
lib.38_135=engine routines
reason.38_135=command takes input
lib.38_136=engine routines
reason.38_136=command takes no input
lib.38_137=engine routines
reason.38_137=invalid cmd name
lib.38_138=engine routines
reason.38_138=invalid cmd number
lib.38_143=engine routines
reason.38_143=invalid argument
lib.38_144=engine routines
reason.38_144=no index
lib.38_145=engine routines
reason.38_145=version incompatibility
lib.38_146=engine routines
reason.38_146=unimplemented cipher
lib.38_147=engine routines
reason.38_147=unimplemented digest
lib.38_148=engine routines
reason.38_148=engines section error
lib.38_149=engine routines
reason.38_149=engine section error
lib.38_150=engine routines
reason.38_150=invalid string
lib.38_151=engine routines
reason.38_151=invalid init value
lib.39_101=OCSP routines
reason.39_101=certificate verify error
lib.39_102=OCSP routines
reason.39_102=digest err
lib.39_103=OCSP routines
reason.39_103=missing ocspsigning usage
lib.39_104=OCSP routines
reason.39_104=not basic response
lib.39_105=OCSP routines
reason.39_105=no certificates in chain
lib.39_106=OCSP routines
reason.39_106=digest name err
lib.39_107=OCSP routines
reason.39_107=digest size err
lib.39_108=OCSP routines
reason.39_108=no response data
lib.39_109=OCSP routines
reason.39_109=no revoked time
lib.39_110=OCSP routines
reason.39_110=private key does not match certificate
lib.39_111=OCSP routines
reason.39_111=response contains no revocation data
lib.39_112=OCSP routines
reason.39_112=root ca not trusted
lib.39_117=OCSP routines
reason.39_117=signature failure
lib.39_118=OCSP routines
reason.39_118=signer certificate not found
lib.39_119=OCSP routines
reason.39_119=unknown message digest
lib.39_120=OCSP routines
reason.39_120=unknown nid
lib.39_122=OCSP routines
reason.39_122=error in nextupdate field
lib.39_123=OCSP routines
reason.39_123=error in thisupdate field
lib.39_124=OCSP routines
reason.39_124=nextupdate before thisupdate
lib.39_125=OCSP routines
reason.39_125=status expired
lib.39_126=OCSP routines
reason.39_126=status not yet valid
lib.39_127=OCSP routines
reason.39_127=status too old
lib.39_128=OCSP routines
reason.39_128=request not signed
lib.39_129=OCSP routines
reason.39_129=unsupported requestorname type
lib.39_130=OCSP routines
reason.39_130=no signer key
lib.40_100=UI routines
reason.40_100=result too large
lib.40_101=UI routines
reason.40_101=result too small
lib.40_102=UI routines
reason.40_102=index too large
lib.40_103=UI routines
reason.40_103=index too small
lib.40_104=UI routines
reason.40_104=common ok and cancel characters
lib.40_105=UI routines
reason.40_105=no result buffer
lib.40_106=UI routines
reason.40_106=unknown control command
lib.40_107=UI routines
reason.40_107=processing error
lib.40_108=UI routines
reason.40_108=unknown ttyget errno value
lib.40_109=UI routines
reason.40_109=sys$assign error
lib.40_110=UI routines
reason.40_110=sys$dassgn error
lib.40_111=UI routines
reason.40_111=sys$qiow error
lib.40_112=UI routines
reason.40_112=user data duplication unsupported
lib.41_99=(null)
reason.41_99=zlib deflate error
lib.41_100=(null)
reason.41_100=zlib inflate error
lib.41_101=(null)
reason.41_101=zlib not supported
lib.41_102=(null)
reason.41_102=brotli decode error
lib.41_103=(null)
reason.41_103=brotli encode error
lib.41_104=(null)
reason.41_104=brotli not supported
lib.41_105=(null)
reason.41_105=zstd compress error
lib.41_106=(null)
reason.41_106=zstd decode error
lib.41_107=(null)
reason.41_107=zstd decompress error
lib.41_108=(null)
reason.41_108=zstd not supported
lib.44_100=STORE routines
reason.44_100=not a certificate
lib.44_101=STORE routines
reason.44_101=not a crl
lib.44_102=STORE routines
reason.44_102=not a private key
lib.44_103=STORE routines
reason.44_103=not a name
lib.44_104=STORE routines
reason.44_104=not parameters
lib.44_105=STORE routines
reason.44_105=unregistered scheme
lib.44_106=STORE routines
reason.44_106=invalid scheme
lib.44_107=STORE routines
reason.44_107=ambiguous content type
lib.44_108=STORE routines
reason.44_108=path must be absolute
lib.44_109=STORE routines
reason.44_109=ui process interrupted or cancelled
lib.44_110=STORE routines
reason.44_110=unsupported content type
lib.44_111=STORE routines
reason.44_111=uri authority unsupported
lib.44_112=STORE routines
reason.44_112=is not a
lib.44_113=STORE routines
reason.44_113=error verifying pkcs12 mac
lib.44_114=STORE routines
reason.44_114=passphrase callback error
lib.44_115=STORE routines
reason.44_115=bad password read
lib.44_116=STORE routines
reason.44_116=loader incomplete
lib.44_117=STORE routines
reason.44_117=loading started
lib.44_118=STORE routines
reason.44_118=unsupported operation
lib.44_119=STORE routines
reason.44_119=search only supported for directories
lib.44_120=STORE routines
reason.44_120=unsupported search type
lib.44_121=STORE routines
reason.44_121=fingerprint size does not match digest
lib.44_122=STORE routines
reason.44_122=not a public key
lib.44_123=STORE routines
reason.44_123=no loaders found
lib.46_99=CMS routines
reason.46_99=add signer error
lib.46_100=CMS routines
reason.46_100=certificate verify error
lib.46_101=CMS routines
reason.46_101=cipher initialisation error
lib.46_102=CMS routines
reason.46_102=cipher parameter initialisation error
lib.46_103=CMS routines
reason.46_103=cms datafinal error
lib.46_104=CMS routines
reason.46_104=cms lib
lib.46_105=CMS routines
reason.46_105=content not found
lib.46_106=CMS routines
reason.46_106=content type not compressed data
lib.46_107=CMS routines
reason.46_107=content type not enveloped data
lib.46_108=CMS routines
reason.46_108=content type not signed data
lib.46_109=CMS routines
reason.46_109=content verify error
lib.46_110=CMS routines
reason.46_110=ctrl error
lib.46_111=CMS routines
reason.46_111=ctrl failure
lib.46_112=CMS routines
reason.46_112=decrypt error
lib.46_113=CMS routines
reason.46_113=error getting public key
lib.46_114=CMS routines
reason.46_114=error reading messagedigest attribute
lib.46_115=CMS routines
reason.46_115=error setting key
lib.46_116=CMS routines
reason.46_116=error setting recipientinfo
lib.46_117=CMS routines
reason.46_117=invalid encrypted key length
lib.46_118=CMS routines
reason.46_118=invalid key length
lib.46_119=CMS routines
reason.46_119=md bio init error
lib.46_120=CMS routines
reason.46_120=messagedigest attribute wrong length
lib.46_121=CMS routines
reason.46_121=messagedigest wrong length
lib.46_122=CMS routines
reason.46_122=not encrypted data
lib.46_123=CMS routines
reason.46_123=not kek
lib.46_124=CMS routines
reason.46_124=not key transport
lib.46_125=CMS routines
reason.46_125=not supported for this key type
lib.46_126=CMS routines
reason.46_126=no cipher
lib.46_127=CMS routines
reason.46_127=no content
lib.46_128=CMS routines
reason.46_128=no default digest
lib.46_129=CMS routines
reason.46_129=no digest set
lib.46_130=CMS routines
reason.46_130=no key
lib.46_131=CMS routines
reason.46_131=no matching digest
lib.46_132=CMS routines
reason.46_132=no matching recipient
lib.46_133=CMS routines
reason.46_133=no private key
lib.46_134=CMS routines
reason.46_134=no public key
lib.46_135=CMS routines
reason.46_135=no signers
lib.46_136=CMS routines
reason.46_136=private key does not match certificate
lib.46_137=CMS routines
reason.46_137=recipient error
lib.46_138=CMS routines
reason.46_138=signer certificate not found
lib.46_139=CMS routines
reason.46_139=signfinal error
lib.46_140=CMS routines
reason.46_140=smime text error
lib.46_141=CMS routines
reason.46_141=store init error
lib.46_142=CMS routines
reason.46_142=type not compressed data
lib.46_143=CMS routines
reason.46_143=type not data
lib.46_144=CMS routines
reason.46_144=type not digested data
lib.46_145=CMS routines
reason.46_145=type not encrypted data
lib.46_146=CMS routines
reason.46_146=type not enveloped data
lib.46_147=CMS routines
reason.46_147=unable to finalize context
lib.46_148=CMS routines
reason.46_148=unknown cipher
lib.46_149=CMS routines
reason.46_149=unknown digest algorithm
lib.46_150=CMS routines
reason.46_150=unknown id
lib.46_151=CMS routines
reason.46_151=unsupported compression algorithm
lib.46_152=CMS routines
reason.46_152=unsupported content type
lib.46_153=CMS routines
reason.46_153=unsupported kek algorithm
lib.46_154=CMS routines
reason.46_154=unsupported recipient type
lib.46_155=CMS routines
reason.46_155=unsupported recipientinfo type
lib.46_156=CMS routines
reason.46_156=unsupported type
lib.46_157=CMS routines
reason.46_157=unwrap error
lib.46_158=CMS routines
reason.46_158=verification failure
lib.46_159=CMS routines
reason.46_159=wrap error
lib.46_160=CMS routines
reason.46_160=certificate has no keyid
lib.46_161=CMS routines
reason.46_161=attribute error
lib.46_162=CMS routines
reason.46_162=msgsigdigest verification failure
lib.46_163=CMS routines
reason.46_163=msgsigdigest wrong length
lib.46_164=CMS routines
reason.46_164=need one signer
lib.46_165=CMS routines
reason.46_165=not a signed receipt
lib.46_166=CMS routines
reason.46_166=no matching signature
lib.46_167=CMS routines
reason.46_167=no msgsigdigest
lib.46_168=CMS routines
reason.46_168=no receipt request
lib.46_169=CMS routines
reason.46_169=receipt decode error
lib.46_170=CMS routines
reason.46_170=contentidentifier mismatch
lib.46_171=CMS routines
reason.46_171=content type mismatch
lib.46_172=CMS routines
reason.46_172=msgsigdigest error
lib.46_173=CMS routines
reason.46_173=no content type
lib.46_174=CMS routines
reason.46_174=no key or cert
lib.46_175=CMS routines
reason.46_175=certificate already present
lib.46_176=CMS routines
reason.46_176=invalid key encryption parameter
lib.46_177=CMS routines
reason.46_177=not pwri
lib.46_178=CMS routines
reason.46_178=no password
lib.46_179=CMS routines
reason.46_179=unsupported key encryption algorithm
lib.46_180=CMS routines
reason.46_180=unwrap failure
lib.46_181=CMS routines
reason.46_181=not key agreement
lib.46_182=CMS routines
reason.46_182=operation unsupported
lib.46_183=CMS routines
reason.46_183=ess signing certid mismatch error
lib.46_184=CMS routines
reason.46_184=cipher aead set tag error
lib.46_185=CMS routines
reason.46_185=cipher get tag
lib.46_186=CMS routines
reason.46_186=kdf parameter error
lib.46_187=CMS routines
reason.46_187=decode error
lib.46_188=CMS routines
reason.46_188=peer key error
lib.46_189=CMS routines
reason.46_189=shared info error
lib.46_190=CMS routines
reason.46_190=invalid label
lib.46_191=CMS routines
reason.46_191=invalid oaep parameters
lib.46_192=CMS routines
reason.46_192=unsupported encryption type
lib.46_193=CMS routines
reason.46_193=unsupported label source
lib.46_194=CMS routines
reason.46_194=unsupported content encryption algorithm
lib.46_195=CMS routines
reason.46_195=unsupported signature algorithm
lib.46_196=CMS routines
reason.46_196=error unsupported static key agreement
lib.46_197=CMS routines
reason.46_197=not kem
lib.46_198=CMS routines
reason.46_198=unknown kdf algorithm
lib.46_199=CMS routines
reason.46_199=unsupported kdf algorithm
lib.46_200=CMS routines
reason.46_200=cipher aead in enveloped data
lib.47_100=time stamp routines
reason.47_100=certificate verify error
lib.47_101=time stamp routines
reason.47_101=ess signing certificate error
lib.47_102=time stamp routines
reason.47_102=invalid null pointer
lib.47_103=time stamp routines
reason.47_103=message imprint mismatch
lib.47_104=time stamp routines
reason.47_104=nonce mismatch
lib.47_105=time stamp routines
reason.47_105=nonce not returned
lib.47_106=time stamp routines
reason.47_106=no content
lib.47_107=time stamp routines
reason.47_107=no time stamp token
lib.47_108=time stamp routines
reason.47_108=policy mismatch
lib.47_109=time stamp routines
reason.47_109=signature failure
lib.47_110=time stamp routines
reason.47_110=there must be one signer
lib.47_111=time stamp routines
reason.47_111=tsa name mismatch
lib.47_112=time stamp routines
reason.47_112=tsa untrusted
lib.47_113=time stamp routines
reason.47_113=unsupported version
lib.47_114=time stamp routines
reason.47_114=wrong content type
lib.47_115=time stamp routines
reason.47_115=could not set time
lib.47_116=time stamp routines
reason.47_116=ess add signing cert error
lib.47_117=time stamp routines
reason.47_117=invalid signer certificate purpose
lib.47_118=time stamp routines
reason.47_118=pkcs7 add signature error
lib.47_119=time stamp routines
reason.47_119=pkcs7 add signed attr error
lib.47_120=time stamp routines
reason.47_120=private key does not match certificate
lib.47_121=time stamp routines
reason.47_121=response setup error
lib.47_122=time stamp routines
reason.47_122=time syscall error
lib.47_123=time stamp routines
reason.47_123=tst info setup error
lib.47_124=time stamp routines
reason.47_124=ts datasign
lib.47_125=time stamp routines
reason.47_125=unacceptable policy
lib.47_126=time stamp routines
reason.47_126=unsupported md algorithm
lib.47_127=time stamp routines
reason.47_127=could not set engine
lib.47_129=time stamp routines
reason.47_129=pkcs7 to ts tst info failed
lib.47_130=time stamp routines
reason.47_130=token not present
lib.47_131=time stamp routines
reason.47_131=token present
lib.47_132=time stamp routines
reason.47_132=bad pkcs7 type
lib.47_133=time stamp routines
reason.47_133=bad type
lib.47_134=time stamp routines
reason.47_134=detached content
lib.47_135=time stamp routines
reason.47_135=var bad value
lib.47_136=time stamp routines
reason.47_136=cannot find config variable
lib.47_137=time stamp routines
reason.47_137=cannot load certificate
lib.47_138=time stamp routines
reason.47_138=cannot load private key
lib.47_139=time stamp routines
reason.47_139=ess add signing cert v2 error
lib.50_100=CT routines
reason.50_100=invalid log id length
lib.50_101=CT routines
reason.50_101=unrecognized signature nid
lib.50_102=CT routines
reason.50_102=unsupported entry type
lib.50_103=CT routines
reason.50_103=unsupported version
lib.50_104=CT routines
reason.50_104=sct invalid
lib.50_105=CT routines
reason.50_105=sct list invalid
lib.50_106=CT routines
reason.50_106=sct not set
lib.50_107=CT routines
reason.50_107=sct invalid signature
lib.50_108=CT routines
reason.50_108=base64 decode error
lib.50_109=CT routines
reason.50_109=log conf invalid
lib.50_110=CT routines
reason.50_110=log conf invalid key
lib.50_111=CT routines
reason.50_111=log conf missing description
lib.50_112=CT routines
reason.50_112=log conf missing key
lib.50_113=CT routines
reason.50_113=log key invalid
lib.50_114=CT routines
reason.50_114=sct log id mismatch
lib.50_115=CT routines
reason.50_115=sct unsupported version
lib.50_116=CT routines
reason.50_116=sct future timestamp
lib.51_101=ASYNC routines
reason.51_101=failed to set pool
lib.51_102=ASYNC routines
reason.51_102=failed to swap context
lib.51_103=ASYNC routines
reason.51_103=invalid pool size
lib.51_105=ASYNC routines
reason.51_105=init failed
lib.53_100=SM2 routines
reason.53_100=asn1 error
lib.53_101=SM2 routines
reason.53_101=bad signature
lib.53_102=SM2 routines
reason.53_102=invalid digest
lib.53_103=SM2 routines
reason.53_103=invalid digest type
lib.53_104=SM2 routines
reason.53_104=invalid encoding
lib.53_105=SM2 routines
reason.53_105=invalid field
lib.53_106=SM2 routines
reason.53_106=user id too large
lib.53_107=SM2 routines
reason.53_107=buffer too small
lib.53_108=SM2 routines
reason.53_108=invalid curve
lib.53_109=SM2 routines
reason.53_109=no parameters set
lib.53_110=SM2 routines
reason.53_110=dist id too large
lib.53_111=SM2 routines
reason.53_111=id too large
lib.53_112=SM2 routines
reason.53_112=id not set
lib.53_113=SM2 routines
reason.53_113=invalid private key
lib.54_100=ESS routines
reason.54_100=ess signing cert add error
lib.54_101=ESS routines
reason.54_101=ess signing cert v2 add error
lib.54_102=ESS routines
reason.54_102=ess signing certificate error
lib.54_103=ESS routines
reason.54_103=ess cert digest error
lib.54_104=ESS routines
reason.54_104=ess cert id not found
lib.54_105=ESS routines
reason.54_105=ess cert id wrong order
lib.54_106=ESS routines
reason.54_106=ess digest alg unknown
lib.54_107=ESS routines
reason.54_107=empty ess cert id list
lib.54_108=ESS routines
reason.54_108=missing signing certificate attribute
lib.55_100=(null)
reason.55_100=name too long
lib.55_101=(null)
reason.55_101=not an ascii character
lib.55_102=(null)
reason.55_102=not an hexadecimal digit
lib.55_103=(null)
reason.55_103=not an identifier
lib.55_104=(null)
reason.55_104=not an octal digit
lib.55_105=(null)
reason.55_105=not a decimal digit
lib.55_106=(null)
reason.55_106=no matching string delimiter
lib.55_107=(null)
reason.55_107=no value
lib.55_108=(null)
reason.55_108=parse failed
lib.55_109=(null)
reason.55_109=string too long
lib.55_110=(null)
reason.55_110=trailing characters
lib.56_100=CRMF routines
reason.56_100=bad pbm iterationcount
lib.56_101=CRMF routines
reason.56_101=malformed iv
lib.56_102=CRMF routines
reason.56_102=crmferror
lib.56_103=CRMF routines
reason.56_103=error
lib.56_104=CRMF routines
reason.56_104=error decoding certificate
lib.56_105=CRMF routines
reason.56_105=error decrypting certificate
lib.56_106=CRMF routines
reason.56_106=error decrypting symmetric key
lib.56_107=CRMF routines
reason.56_107=failure obtaining random
lib.56_108=CRMF routines
reason.56_108=iterationcount below 100
lib.56_109=CRMF routines
reason.56_109=null argument
lib.56_110=CRMF routines
reason.56_110=setting mac algor failure
lib.56_111=CRMF routines
reason.56_111=setting owf algor failure
lib.56_112=CRMF routines
reason.56_112=unsupported algorithm
lib.56_113=CRMF routines
reason.56_113=poposkinput not supported
lib.56_114=CRMF routines
reason.56_114=unsupported cipher
lib.56_115=CRMF routines
reason.56_115=unsupported method for creating popo
lib.56_116=CRMF routines
reason.56_116=unsupported popo method
lib.56_117=CRMF routines
reason.56_117=popo inconsistent public key
lib.56_118=CRMF routines
reason.56_118=popo missing public key
lib.56_119=CRMF routines
reason.56_119=popo missing subject
lib.56_120=CRMF routines
reason.56_120=popo raverified not accepted
lib.56_121=CRMF routines
reason.56_121=popo missing
lib.56_122=CRMF routines
reason.56_122=cms not supported
lib.56_123=CRMF routines
reason.56_123=error decoding encryptedkey
lib.56_124=CRMF routines
reason.56_124=error decrypting encryptedkey
lib.56_125=CRMF routines
reason.56_125=error decrypting encryptedvalue
lib.56_126=CRMF routines
reason.56_126=error setting purpose
lib.56_127=CRMF routines
reason.56_127=error verifying encryptedkey
lib.56_128=CRMF routines
reason.56_128=popo inconsistent central keygen
lib.57_100=Provider routines
reason.57_100=bad decrypt
lib.57_101=Provider routines
reason.57_101=key setup failed
lib.57_102=Provider routines
reason.57_102=cipher operation failed
lib.57_103=Provider routines
reason.57_103=failed to get parameter
lib.57_104=Provider routines
reason.57_104=failed to set parameter
lib.57_105=Provider routines
reason.57_105=invalid key length
lib.57_106=Provider routines
reason.57_106=output buffer too small
lib.57_107=Provider routines
reason.57_107=wrong final block length
lib.57_108=Provider routines
reason.57_108=invalid aad
lib.57_109=Provider routines
reason.57_109=invalid iv length
lib.57_110=Provider routines
reason.57_110=invalid tag
lib.57_111=Provider routines
reason.57_111=invalid custom length
lib.57_112=Provider routines
reason.57_112=invalid salt length
lib.57_113=Provider routines
reason.57_113=not xof or invalid length
lib.57_114=Provider routines
reason.57_114=no key set
lib.57_115=Provider routines
reason.57_115=invalid data
lib.57_118=Provider routines
reason.57_118=invalid tag length
lib.57_119=Provider routines
reason.57_119=tag not set
lib.57_120=Provider routines
reason.57_120=tag not needed
lib.57_121=Provider routines
reason.57_121=failed to generate key
lib.57_122=Provider routines
reason.57_122=invalid digest
lib.57_123=Provider routines
reason.57_123=invalid iteration count
lib.57_125=Provider routines
reason.57_125=invalid mode
lib.57_126=Provider routines
reason.57_126=too many records
lib.57_128=Provider routines
reason.57_128=missing key
lib.57_129=Provider routines
reason.57_129=missing message digest
lib.57_130=Provider routines
reason.57_130=missing pass
lib.57_131=Provider routines
reason.57_131=missing salt
lib.57_132=Provider routines
reason.57_132=missing secret
lib.57_133=Provider routines
reason.57_133=missing session id
lib.57_134=Provider routines
reason.57_134=missing type
lib.57_135=Provider routines
reason.57_135=missing xcghash
lib.57_136=Provider routines
reason.57_136=not supported
lib.57_137=Provider routines
reason.57_137=unsupported mac type
lib.57_138=Provider routines
reason.57_138=value error
lib.57_139=Provider routines
reason.57_139=wrong output buffer size
lib.57_140=Provider routines
reason.57_140=missing seed
lib.57_141=Provider routines
reason.57_141=bad encoding
lib.57_142=Provider routines
reason.57_142=bad length
lib.57_144=Provider routines
reason.57_144=missing cek alg
lib.57_145=Provider routines
reason.57_145=unsupported cek alg
lib.57_147=Provider routines
reason.57_147=unable to load sha256
lib.57_148=Provider routines
reason.57_148=xts data unit is too large
lib.57_149=Provider routines
reason.57_149=xts duplicated keys
lib.57_150=Provider routines
reason.57_150=missing mac
lib.57_151=Provider routines
reason.57_151=invalid mac
lib.57_152=Provider routines
reason.57_152=unsupported number of rounds
lib.57_153=Provider routines
reason.57_153=unsupported key size
lib.57_154=Provider routines
reason.57_154=invalid seed length
lib.57_155=Provider routines
reason.57_155=missing cipher
lib.57_156=Provider routines
reason.57_156=missing constant
lib.57_157=Provider routines
reason.57_157=invalid constant length
lib.57_158=Provider routines
reason.57_158=invalid key
lib.57_159=Provider routines
reason.57_159=unable to get passphrase
lib.57_160=Provider routines
reason.57_160=bn error
lib.57_161=Provider routines
reason.57_161=bad tls client version
lib.57_162=Provider routines
reason.57_162=failed to decrypt
lib.57_164=Provider routines
reason.57_164=failed during derivation
lib.57_165=Provider routines
reason.57_165=illegal or unsupported padding mode
lib.57_166=Provider routines
reason.57_166=invalid digest length
lib.57_167=Provider routines
reason.57_167=invalid mgf1 md
lib.57_168=Provider routines
reason.57_168=invalid padding mode
lib.57_170=Provider routines
reason.57_170=invalid x931 digest
lib.57_171=Provider routines
reason.57_171=key size too small
lib.57_172=Provider routines
reason.57_172=pss saltlen too small
lib.57_173=Provider routines
reason.57_173=algorithm mismatch
lib.57_174=Provider routines
reason.57_174=digest not allowed
lib.57_175=Provider routines
reason.57_175=failed to sign
lib.57_176=Provider routines
reason.57_176=invalid curve
lib.57_177=Provider routines
reason.57_177=no parameters set
lib.57_178=Provider routines
reason.57_178=operation not supported for this keytype
lib.57_179=Provider routines
reason.57_179=invalid signature size
lib.57_180=Provider routines
reason.57_180=failed to create lock
lib.57_181=Provider routines
reason.57_181=insufficient drbg strength
lib.57_182=Provider routines
reason.57_182=parent locking not enabled
lib.57_183=Provider routines
reason.57_183=xof digests not allowed
lib.57_184=Provider routines
reason.57_184=additional input too long
lib.57_185=Provider routines
reason.57_185=already instantiated
lib.57_186=Provider routines
reason.57_186=entropy source strength too weak
lib.57_187=Provider routines
reason.57_187=parent cannot supply entropy seed
lib.57_188=Provider routines
reason.57_188=error instantiating drbg
lib.57_189=Provider routines
reason.57_189=error retrieving entropy
lib.57_190=Provider routines
reason.57_190=error retrieving nonce
lib.57_191=Provider routines
reason.57_191=generate error
lib.57_192=Provider routines
reason.57_192=in error state
lib.57_193=Provider routines
reason.57_193=not instantiated
lib.57_194=Provider routines
reason.57_194=parent strength too weak
lib.57_195=Provider routines
reason.57_195=personalisation string too long
lib.57_196=Provider routines
reason.57_196=request too large for drbg
lib.57_197=Provider routines
reason.57_197=reseed error
lib.57_198=Provider routines
reason.57_198=invalid pubinfo
lib.57_199=Provider routines
reason.57_199=unable to get parent strength
lib.57_200=Provider routines
reason.57_200=invalid ukm length
lib.57_201=Provider routines
reason.57_201=unable to lock parent
lib.57_202=Provider routines
reason.57_202=length too large
lib.57_203=Provider routines
reason.57_203=mismatching domain parameters
lib.57_204=Provider routines
reason.57_204=unable to reseed
lib.57_205=Provider routines
reason.57_205=derivation function init failed
lib.57_206=Provider routines
reason.57_206=require ctr mode cipher
lib.57_207=Provider routines
reason.57_207=unable to find ciphers
lib.57_208=Provider routines
reason.57_208=unable to initialise ciphers
lib.57_209=Provider routines
reason.57_209=missing OID
lib.57_210=Provider routines
reason.57_210=indicator integrity failure
lib.57_211=Provider routines
reason.57_211=invalid config data
lib.57_212=Provider routines
reason.57_212=invalid state
lib.57_213=Provider routines
reason.57_213=missing config data
lib.57_214=Provider routines
reason.57_214=module integrity failure
lib.57_215=Provider routines
reason.57_215=self test kat failure
lib.57_216=Provider routines
reason.57_216=self test post failure
lib.57_217=Provider routines
reason.57_217=invalid output length
lib.57_218=Provider routines
reason.57_218=invalid digest size
lib.57_219=Provider routines
reason.57_219=path must be absolute
lib.57_220=Provider routines
reason.57_220=not a public key
lib.57_221=Provider routines
reason.57_221=not a private key
lib.57_222=Provider routines
reason.57_222=search only supported for directories
lib.57_223=Provider routines
reason.57_223=uri authority unsupported
lib.57_224=Provider routines
reason.57_224=fips module entering error state
lib.57_225=Provider routines
reason.57_225=fips module in error state
lib.57_226=Provider routines
reason.57_226=not parameters
lib.57_227=Provider routines
reason.57_227=fips module conditional error
lib.57_228=Provider routines
reason.57_228=parent cannot generate random numbers
lib.57_229=Provider routines
reason.57_229=seed sources must not have a parent
lib.57_230=Provider routines
reason.57_230=invalid input length
lib.57_231=Provider routines
reason.57_231=invalid aead
lib.57_232=Provider routines
reason.57_232=invalid kdf
lib.57_233=Provider routines
reason.57_233=ems not enabled
lib.57_234=Provider routines
reason.57_234=invalid thread pool size
lib.57_235=Provider routines
reason.57_235=invalid memory size
lib.57_236=Provider routines
reason.57_236=cofactor required
lib.57_237=Provider routines
reason.57_237=final call out of order
lib.57_238=Provider routines
reason.57_238=init call out of order
lib.57_239=Provider routines
reason.57_239=oneshot call out of order
lib.57_240=Provider routines
reason.57_240=update call out of order
lib.57_241=Provider routines
reason.57_241=invalid prehashed digest length
lib.57_242=Provider routines
reason.57_242=no instance allowed
lib.57_243=Provider routines
reason.57_243=invalid eddsa instance for attempted operation
lib.57_244=Provider routines
reason.57_244=entropy source failed continuous tests
lib.57_245=Provider routines
reason.57_245=ml dsa no format
lib.57_246=Provider routines
reason.57_246=ml kem no format
lib.57_247=Provider routines
reason.57_247=null length pointer
lib.57_248=Provider routines
reason.57_248=null output buffer
lib.57_249=Provider routines
reason.57_249=unexpected key parameters
lib.57_250=Provider routines
reason.57_250=unsupported selection
lib.57_251=Provider routines
reason.57_251=wrong ciphertext size
lib.57_252=Provider routines
reason.57_252=repeated parameter
lib.57_253=Provider routines
reason.57_253=fips module import pct error
lib.58_100=CMP routines
reason.58_100=invalid args
lib.58_101=CMP routines
reason.58_101=unsupported pkibody
lib.58_102=CMP routines
reason.58_102=multiple san sources
lib.58_103=CMP routines
reason.58_103=null argument
lib.58_104=CMP routines
reason.58_104=expected pollreq
lib.58_105=CMP routines
reason.58_105=unexpected pollreq
lib.58_106=CMP routines
reason.58_106=unexpected sender
lib.58_107=CMP routines
reason.58_107=error parsing pkistatus
lib.58_108=CMP routines
reason.58_108=bad request id
lib.58_109=CMP routines
reason.58_109=certid not found
lib.58_110=CMP routines
reason.58_110=failure obtaining random
lib.58_111=CMP routines
reason.58_111=missing sender identification
lib.58_112=CMP routines
reason.58_112=certificate not found
lib.58_113=CMP routines
reason.58_113=certresponse not found
lib.58_114=CMP routines
reason.58_114=cert and key do not match
lib.58_115=CMP routines
reason.58_115=error calculating protection
lib.58_116=CMP routines
reason.58_116=error creating certconf
lib.58_117=CMP routines
reason.58_117=error creating certrep
lib.58_118=CMP routines
reason.58_118=error creating error
lib.58_119=CMP routines
reason.58_119=error creating genm
lib.58_120=CMP routines
reason.58_120=error creating genp
lib.58_121=CMP routines
reason.58_121=missing p10csr
lib.58_122=CMP routines
reason.58_122=error creating pkiconf
lib.58_123=CMP routines
reason.58_123=error creating pollrep
lib.58_124=CMP routines
reason.58_124=error creating pollreq
lib.58_125=CMP routines
reason.58_125=error creating rp
lib.58_126=CMP routines
reason.58_126=error creating rr
lib.58_127=CMP routines
reason.58_127=error protecting message
lib.58_128=CMP routines
reason.58_128=error setting certhash
lib.58_129=CMP routines
reason.58_129=fail info out of range
lib.58_130=CMP routines
reason.58_130=missing key input for creating protection
lib.58_131=CMP routines
reason.58_131=missing private key
lib.58_132=CMP routines
reason.58_132=pkistatusinfo not found
lib.58_133=CMP routines
reason.58_133=unexpected pkibody
lib.58_134=CMP routines
reason.58_134=unknown algorithm id
lib.58_135=CMP routines
reason.58_135=unknown cert type
lib.58_136=CMP routines
reason.58_136=unsupported algorithm
lib.58_137=CMP routines
reason.58_137=unsupported key type
lib.58_138=CMP routines
reason.58_138=wrong algorithm oid
lib.58_139=CMP routines
reason.58_139=algorithm not supported
lib.58_140=CMP routines
reason.58_140=error validating protection
lib.58_141=CMP routines
reason.58_141=failed extracting pubkey
lib.58_142=CMP routines
reason.58_142=missing key usage digitalsignature
lib.58_143=CMP routines
reason.58_143=missing protection
lib.58_144=CMP routines
reason.58_144=missing trust store
lib.58_145=CMP routines
reason.58_145=no suitable sender cert
lib.58_146=CMP routines
reason.58_146=pkibody error
lib.58_147=CMP routines
reason.58_147=potentially invalid certificate
lib.58_148=CMP routines
reason.58_148=recipnonce unmatched
lib.58_149=CMP routines
reason.58_149=request not accepted
lib.58_150=CMP routines
reason.58_150=sender generalname type not supported
lib.58_151=CMP routines
reason.58_151=srvcert does not validate msg
lib.58_152=CMP routines
reason.58_152=transactionid unmatched
lib.58_153=CMP routines
reason.58_153=unexpected pvno
lib.58_154=CMP routines
reason.58_154=unsupported protection alg dhbasedmac
lib.58_155=CMP routines
reason.58_155=wrong pbm value
lib.58_156=CMP routines
reason.58_156=certhash unmatched
lib.58_157=CMP routines
reason.58_157=certreqmsg not found
lib.58_158=CMP routines
reason.58_158=error processing message
lib.58_159=CMP routines
reason.58_159=transfer error
lib.58_160=CMP routines
reason.58_160=error unexpected certconf
lib.58_161=CMP routines
reason.58_161=multiple requests not supported
lib.58_162=CMP routines
reason.58_162=encountered waiting
lib.58_163=CMP routines
reason.58_163=error creating certreq
lib.58_164=CMP routines
reason.58_164=failed building own chain
lib.58_165=CMP routines
reason.58_165=missing certid
lib.58_166=CMP routines
reason.58_166=missing pbm secret
lib.58_167=CMP routines
reason.58_167=bad checkafter in pollrep
lib.58_168=CMP routines
reason.58_168=missing reference cert
lib.58_169=CMP routines
reason.58_169=certificate not accepted
lib.58_170=CMP routines
reason.58_170=multiple responses not supported
lib.58_171=CMP routines
reason.58_171=error validating signature
lib.58_172=CMP routines
reason.58_172=polling failed
lib.58_173=CMP routines
reason.58_173=wrong serial in rp
lib.58_174=CMP routines
reason.58_174=invalid option
lib.58_175=CMP routines
reason.58_175=value too large
lib.58_176=CMP routines
reason.58_176=encountered keyupdatewarning
lib.58_177=CMP routines
reason.58_177=value too small
lib.58_178=CMP routines
reason.58_178=missing secret
lib.58_179=CMP routines
reason.58_179=missing trust anchor
lib.58_180=CMP routines
reason.58_180=received error
lib.58_181=CMP routines
reason.58_181=checkafter out of range
lib.58_182=CMP routines
reason.58_182=request rejected by server
lib.58_183=CMP routines
reason.58_183=missing public key
lib.58_184=CMP routines
reason.58_184=total timeout
lib.58_185=CMP routines
reason.58_185=unexpected pkistatus
lib.58_186=CMP routines
reason.58_186=unknown pkistatus
lib.58_187=CMP routines
reason.58_187=wrong certid in rp
lib.58_188=CMP routines
reason.58_188=wrong rp component count
lib.58_189=CMP routines
reason.58_189=wrong certid
lib.58_190=CMP routines
reason.58_190=missing private key for popo
lib.58_191=CMP routines
reason.58_191=unclean ctx
lib.58_192=CMP routines
reason.58_192=getting genp
lib.58_193=CMP routines
reason.58_193=invalid genp
lib.58_194=CMP routines
reason.58_194=no stdio
lib.58_195=CMP routines
reason.58_195=invalid rootcakeyupdate
lib.58_196=CMP routines
reason.58_196=unexpected certprofile
lib.58_197=CMP routines
reason.58_197=generate certreqtemplate
lib.58_198=CMP routines
reason.58_198=error creating crlstatus
lib.58_199=CMP routines
reason.58_199=get itav
lib.58_200=CMP routines
reason.58_200=unknown crl issuer
lib.58_201=CMP routines
reason.58_201=unexpected crlstatuslist
lib.58_202=CMP routines
reason.58_202=invalid keyspec
lib.58_203=CMP routines
reason.58_203=failed extracting central gen key
lib.58_204=CMP routines
reason.58_204=missing central gen key
lib.58_205=CMP routines
reason.58_205=unexpected central gen key
lib.61_100=HTTP routines
reason.61_100=connect failure
lib.61_101=HTTP routines
reason.61_101=error parsing url
lib.61_102=HTTP routines
reason.61_102=error sending
lib.61_103=HTTP routines
reason.61_103=error receiving
lib.61_104=HTTP routines
reason.61_104=response parse error
lib.61_105=HTTP routines
reason.61_105=received error
lib.61_106=HTTP routines
reason.61_106=received wrong http version
lib.61_107=HTTP routines
reason.61_107=tls not enabled
lib.61_108=HTTP routines
reason.61_108=asn1 len exceeds max resp len
lib.61_109=HTTP routines
reason.61_109=error parsing asn1 length
lib.61_110=HTTP routines
reason.61_110=missing asn1 encoding
lib.61_111=HTTP routines
reason.61_111=missing redirect location
lib.61_112=HTTP routines
reason.61_112=redirection from https to http
lib.61_113=HTTP routines
reason.61_113=response line too long
lib.61_114=HTTP routines
reason.61_114=status code unsupported
lib.61_115=HTTP routines
reason.61_115=too many redirections
lib.61_116=HTTP routines
reason.61_116=redirection not enabled
lib.61_117=HTTP routines
reason.61_117=max resp len exceeded
lib.61_118=HTTP routines
reason.61_118=unexpected content type
lib.61_119=HTTP routines
reason.61_119=error parsing content length
lib.61_120=HTTP routines
reason.61_120=inconsistent content length
lib.61_121=HTTP routines
reason.61_121=missing content type
lib.61_122=HTTP routines
reason.61_122=sock not supported
lib.61_123=HTTP routines
reason.61_123=invalid port number
lib.61_124=HTTP routines
reason.61_124=invalid url scheme
lib.61_125=HTTP routines
reason.61_125=invalid url path
lib.61_126=HTTP routines
reason.61_126=header parse error
lib.61_127=HTTP routines
reason.61_127=server canceled connection
lib.61_128=HTTP routines
reason.61_128=failed reading data
lib.61_129=HTTP routines
reason.61_129=retry timeout
lib.61_130=HTTP routines
reason.61_130=response too many hdrlines
lib.61_131=HTTP routines
reason.61_131=content type mismatch
strings.lib_hits=1441
strings.reason_hits=1462
strings.generic_cases=39
generic.524290=system lib
generic.524291=BN lib
generic.524292=RSA lib
generic.524293=DH lib
generic.524294=EVP lib
generic.524295=BUF lib
generic.524296=OBJ lib
generic.524297=PEM lib
generic.524298=DSA lib
generic.524299=X509 lib
generic.524301=ASN1 lib
generic.524303=CRYPTO lib
generic.524304=EC lib
generic.524320=BIO lib
generic.524321=PKCS7 lib
generic.524322=X509V3 lib
generic.524326=ENGINE lib
generic.524328=UI lib
generic.524330=ECDSA lib
generic.524332=OSSL_STORE lib
generic.524348=OSSL_DECODER lib
generic.524550=passed invalid argument
generic.524553=interrupted or cancelled
generic.524554=nested asn1 error
generic.524555=missing asn1 eos
generic.524556=unsupported
generic.524557=fetch failed
generic.524558=invalid property definition
generic.786432=fatal
generic.786688=malloc failure
generic.786689=called a function you should not call
generic.786690=passed a null parameter
generic.786691=internal error
generic.786692=called a function that was disabled at compile-time
generic.786693=init fail
generic.786695=operation fail
generic.786696=invalid provider functions
generic.786703=unable to get read lock
generic.786704=unable to get write lock
strings.generic_hits=39
strings.unknown_lib=(null)
strings.unknown_reason=(null)
strings.system_reason=(null)
unloaded.cases=6
unloaded.59_100=(null)
unloaded.59_101=(null)
unloaded.59_102=(null)
unloaded.60_100=(null)
unloaded.60_101=(null)
unloaded.60_102=(null)
unloaded.null_hits=6
ssl.cases=357
ssl.before.20_100=(null)
ssl.before.20_101=(null)
ssl.before.20_102=(null)
ssl.before.20_103=(null)
ssl.before.20_104=(null)
ssl.before.20_105=(null)
ssl.before.20_106=(null)
ssl.before.20_107=(null)
ssl.before.20_108=(null)
ssl.before.20_109=(null)
ssl.before.20_110=(null)
ssl.before.20_111=(null)
ssl.before.20_112=(null)
ssl.before.20_113=(null)
ssl.before.20_114=(null)
ssl.before.20_115=(null)
ssl.before.20_116=(null)
ssl.before.20_117=(null)
ssl.before.20_118=(null)
ssl.before.20_119=(null)
ssl.before.20_120=(null)
ssl.before.20_121=(null)
ssl.before.20_122=(null)
ssl.before.20_123=(null)
ssl.before.20_124=(null)
ssl.before.20_125=(null)
ssl.before.20_126=(null)
ssl.before.20_127=(null)
ssl.before.20_128=(null)
ssl.before.20_129=(null)
ssl.before.20_130=(null)
ssl.before.20_131=(null)
ssl.before.20_132=(null)
ssl.before.20_133=(null)
ssl.before.20_134=(null)
ssl.before.20_135=(null)
ssl.before.20_136=(null)
ssl.before.20_137=(null)
ssl.before.20_139=(null)
ssl.before.20_140=(null)
ssl.before.20_141=(null)
ssl.before.20_142=(null)
ssl.before.20_144=(null)
ssl.before.20_145=(null)
ssl.before.20_146=(null)
ssl.before.20_147=(null)
ssl.before.20_148=(null)
ssl.before.20_149=(null)
ssl.before.20_150=(null)
ssl.before.20_151=(null)
ssl.before.20_152=(null)
ssl.before.20_153=(null)
ssl.before.20_154=(null)
ssl.before.20_155=(null)
ssl.before.20_156=(null)
ssl.before.20_157=(null)
ssl.before.20_158=(null)
ssl.before.20_159=(null)
ssl.before.20_160=(null)
ssl.before.20_161=(null)
ssl.before.20_162=(null)
ssl.before.20_163=(null)
ssl.before.20_164=(null)
ssl.before.20_165=(null)
ssl.before.20_166=(null)
ssl.before.20_167=(null)
ssl.before.20_168=(null)
ssl.before.20_169=(null)
ssl.before.20_170=(null)
ssl.before.20_171=(null)
ssl.before.20_172=(null)
ssl.before.20_173=(null)
ssl.before.20_174=(null)
ssl.before.20_175=(null)
ssl.before.20_176=(null)
ssl.before.20_177=(null)
ssl.before.20_178=(null)
ssl.before.20_179=(null)
ssl.before.20_180=(null)
ssl.before.20_181=(null)
ssl.before.20_182=(null)
ssl.before.20_183=(null)
ssl.before.20_184=(null)
ssl.before.20_185=(null)
ssl.before.20_186=(null)
ssl.before.20_187=(null)
ssl.before.20_188=(null)
ssl.before.20_189=(null)
ssl.before.20_190=(null)
ssl.before.20_191=(null)
ssl.before.20_192=(null)
ssl.before.20_193=(null)
ssl.before.20_194=(null)
ssl.before.20_195=(null)
ssl.before.20_196=(null)
ssl.before.20_197=(null)
ssl.before.20_198=(null)
ssl.before.20_199=(null)
ssl.before.20_200=(null)
ssl.before.20_201=(null)
ssl.before.20_202=(null)
ssl.before.20_203=(null)
ssl.before.20_204=(null)
ssl.before.20_205=(null)
ssl.before.20_206=(null)
ssl.before.20_207=(null)
ssl.before.20_208=(null)
ssl.before.20_209=(null)
ssl.before.20_210=(null)
ssl.before.20_211=(null)
ssl.before.20_212=(null)
ssl.before.20_213=(null)
ssl.before.20_214=(null)
ssl.before.20_215=(null)
ssl.before.20_216=(null)
ssl.before.20_217=(null)
ssl.before.20_218=(null)
ssl.before.20_219=(null)
ssl.before.20_220=(null)
ssl.before.20_221=(null)
ssl.before.20_222=(null)
ssl.before.20_223=(null)
ssl.before.20_224=(null)
ssl.before.20_225=(null)
ssl.before.20_226=(null)
ssl.before.20_227=(null)
ssl.before.20_228=(null)
ssl.before.20_229=(null)
ssl.before.20_230=(null)
ssl.before.20_231=(null)
ssl.before.20_232=(null)
ssl.before.20_233=(null)
ssl.before.20_234=(null)
ssl.before.20_235=(null)
ssl.before.20_236=(null)
ssl.before.20_237=(null)
ssl.before.20_238=(null)
ssl.before.20_239=(null)
ssl.before.20_240=(null)
ssl.before.20_241=(null)
ssl.before.20_242=(null)
ssl.before.20_243=(null)
ssl.before.20_244=(null)
ssl.before.20_245=(null)
ssl.before.20_246=(null)
ssl.before.20_247=(null)
ssl.before.20_248=(null)
ssl.before.20_249=(null)
ssl.before.20_250=(null)
ssl.before.20_251=(null)
ssl.before.20_252=(null)
ssl.before.20_253=(null)
ssl.before.20_254=(null)
ssl.before.20_255=(null)
ssl.before.20_256=(null)
ssl.before.20_257=(null)
ssl.before.20_258=(null)
ssl.before.20_259=(null)
ssl.before.20_260=(null)
ssl.before.20_261=(null)
ssl.before.20_262=(null)
ssl.before.20_263=(null)
ssl.before.20_264=(null)
ssl.before.20_265=(null)
ssl.before.20_266=(null)
ssl.before.20_267=(null)
ssl.before.20_268=(null)
ssl.before.20_269=(null)
ssl.before.20_270=(null)
ssl.before.20_271=(null)
ssl.before.20_272=(null)
ssl.before.20_273=(null)
ssl.before.20_274=(null)
ssl.before.20_275=(null)
ssl.before.20_276=(null)
ssl.before.20_277=(null)
ssl.before.20_278=(null)
ssl.before.20_279=(null)
ssl.before.20_280=(null)
ssl.before.20_281=(null)
ssl.before.20_282=(null)
ssl.before.20_283=(null)
ssl.before.20_284=(null)
ssl.before.20_285=(null)
ssl.before.20_286=(null)
ssl.before.20_287=(null)
ssl.before.20_288=(null)
ssl.before.20_289=(null)
ssl.before.20_290=(null)
ssl.before.20_291=(null)
ssl.before.20_292=(null)
ssl.before.20_293=(null)
ssl.before.20_294=(null)
ssl.before.20_295=(null)
ssl.before.20_296=(null)
ssl.before.20_297=(null)
ssl.before.20_298=(null)
ssl.before.20_299=(null)
ssl.before.20_300=(null)
ssl.before.20_301=(null)
ssl.before.20_302=(null)
ssl.before.20_303=(null)
ssl.before.20_304=(null)
ssl.before.20_305=(null)
ssl.before.20_306=(null)
ssl.before.20_307=(null)
ssl.before.20_308=(null)
ssl.before.20_309=(null)
ssl.before.20_310=(null)
ssl.before.20_311=(null)
ssl.before.20_312=(null)
ssl.before.20_313=(null)
ssl.before.20_314=(null)
ssl.before.20_315=(null)
ssl.before.20_316=(null)
ssl.before.20_317=(null)
ssl.before.20_318=(null)
ssl.before.20_319=(null)
ssl.before.20_320=(null)
ssl.before.20_321=(null)
ssl.before.20_322=(null)
ssl.before.20_323=(null)
ssl.before.20_324=(null)
ssl.before.20_325=(null)
ssl.before.20_326=(null)
ssl.before.20_327=(null)
ssl.before.20_328=(null)
ssl.before.20_329=(null)
ssl.before.20_330=(null)
ssl.before.20_331=(null)
ssl.before.20_332=(null)
ssl.before.20_333=(null)
ssl.before.20_334=(null)
ssl.before.20_335=(null)
ssl.before.20_336=(null)
ssl.before.20_337=(null)
ssl.before.20_338=(null)
ssl.before.20_339=(null)
ssl.before.20_340=(null)
ssl.before.20_341=(null)
ssl.before.20_342=(null)
ssl.before.20_343=(null)
ssl.before.20_344=(null)
ssl.before.20_345=(null)
ssl.before.20_346=(null)
ssl.before.20_347=(null)
ssl.before.20_348=(null)
ssl.before.20_349=(null)
ssl.before.20_350=(null)
ssl.before.20_351=(null)
ssl.before.20_352=(null)
ssl.before.20_353=(null)
ssl.before.20_354=(null)
ssl.before.20_355=(null)
ssl.before.20_356=(null)
ssl.before.20_357=(null)
ssl.before.20_358=(null)
ssl.before.20_359=(null)
ssl.before.20_360=(null)
ssl.before.20_361=(null)
ssl.before.20_362=(null)
ssl.before.20_363=(null)
ssl.before.20_364=(null)
ssl.before.20_365=(null)
ssl.before.20_366=(null)
ssl.before.20_367=(null)
ssl.before.20_368=(null)
ssl.before.20_369=(null)
ssl.before.20_370=(null)
ssl.before.20_371=(null)
ssl.before.20_372=(null)
ssl.before.20_373=(null)
ssl.before.20_374=(null)
ssl.before.20_375=(null)
ssl.before.20_376=(null)
ssl.before.20_377=(null)
ssl.before.20_378=(null)
ssl.before.20_379=(null)
ssl.before.20_380=(null)
ssl.before.20_381=(null)
ssl.before.20_382=(null)
ssl.before.20_383=(null)
ssl.before.20_384=(null)
ssl.before.20_385=(null)
ssl.before.20_386=(null)
ssl.before.20_387=(null)
ssl.before.20_388=(null)
ssl.before.20_389=(null)
ssl.before.20_390=(null)
ssl.before.20_391=(null)
ssl.before.20_392=(null)
ssl.before.20_393=(null)
ssl.before.20_394=(null)
ssl.before.20_395=(null)
ssl.before.20_396=(null)
ssl.before.20_397=(null)
ssl.before.20_398=(null)
ssl.before.20_399=(null)
ssl.before.20_400=(null)
ssl.before.20_401=(null)
ssl.before.20_402=(null)
ssl.before.20_403=(null)
ssl.before.20_404=(null)
ssl.before.20_405=(null)
ssl.before.20_406=(null)
ssl.before.20_407=(null)
ssl.before.20_408=(null)
ssl.before.20_409=(null)
ssl.before.20_410=(null)
ssl.before.20_411=(null)
ssl.before.20_412=(null)
ssl.before.20_413=(null)
ssl.before.20_414=(null)
ssl.before.20_415=(null)
ssl.before.20_416=(null)
ssl.before.20_417=(null)
ssl.before.20_418=(null)
ssl.before.20_419=(null)
ssl.before.20_420=(null)
ssl.before.20_421=(null)
ssl.before.20_422=(null)
ssl.before.20_423=(null)
ssl.before.20_443=(null)
ssl.before.20_999=(null)
ssl.before.20_1010=(null)
ssl.before.20_1020=(null)
ssl.before.20_1021=(null)
ssl.before.20_1022=(null)
ssl.before.20_1030=(null)
ssl.before.20_1040=(null)
ssl.before.20_1041=(null)
ssl.before.20_1042=(null)
ssl.before.20_1043=(null)
ssl.before.20_1044=(null)
ssl.before.20_1045=(null)
ssl.before.20_1046=(null)
ssl.before.20_1047=(null)
ssl.before.20_1048=(null)
ssl.before.20_1049=(null)
ssl.before.20_1050=(null)
ssl.before.20_1051=(null)
ssl.before.20_1060=(null)
ssl.before.20_1070=(null)
ssl.before.20_1071=(null)
ssl.before.20_1080=(null)
ssl.before.20_1086=(null)
ssl.before.20_1090=(null)
ssl.before.20_1100=(null)
ssl.before.20_1109=(null)
ssl.before.20_1110=(null)
ssl.before.20_1111=(null)
ssl.before.20_1112=(null)
ssl.before.20_1113=(null)
ssl.before.20_1114=(null)
ssl.before.20_1115=(null)
ssl.before.20_1116=(null)
ssl.before.20_1120=(null)
ssl.before_hits=0
ssl.load_ret=1
ssl.after.20_100=app data in handshake
ssl.after.20_101=no suitable key share
ssl.after.20_102=bad dh value
ssl.after.20_103=bad change cipher spec
ssl.after.20_104=inconsistent extms
ssl.after.20_105=bad hello request
ssl.after.20_106=bad data returned by callback
ssl.after.20_107=bad decompression
ssl.after.20_108=bad key share
ssl.after.20_109=cannot change cipher
ssl.after.20_110=bad extension
ssl.after.20_111=bad digest length
ssl.after.20_112=missing sigalgs extension
ssl.after.20_113=invalid configuration name
ssl.after.20_114=bad psk identity
ssl.after.20_115=bad packet length
ssl.after.20_116=bad protocol version number
ssl.after.20_117=ssl command section empty
ssl.after.20_118=no suitable signature algorithm
ssl.after.20_119=bad rsa encrypt
ssl.after.20_120=invalid key update type
ssl.after.20_121=still in init
ssl.after.20_122=bad key update
ssl.after.20_123=bad signature
ssl.after.20_124=bad ssl filetype
ssl.after.20_125=ssl command section not found
ssl.after.20_126=ssl section empty
ssl.after.20_127=bad write retry
ssl.after.20_128=bio not set
ssl.after.20_129=block cipher pad is wrong
ssl.after.20_130=bn lib
ssl.after.20_131=ca dn length mismatch
ssl.after.20_132=too many key updates
ssl.after.20_133=ccs received early
ssl.after.20_134=certificate verify failed
ssl.after.20_135=cert length mismatch
ssl.after.20_136=ssl section not found
ssl.after.20_137=cipher code wrong length
ssl.after.20_139=unknown command
ssl.after.20_140=compressed length too long
ssl.after.20_141=compression failure
ssl.after.20_142=compression library error
ssl.after.20_144=connection type not set
ssl.after.20_145=data between ccs and finished
ssl.after.20_146=data length too long
ssl.after.20_147=decryption failed
ssl.after.20_148=dh public value length is wrong
ssl.after.20_149=digest check failed
ssl.after.20_150=encrypted length too long
ssl.after.20_151=error in received cipher list
ssl.after.20_152=excessive message size
ssl.after.20_153=extra data in message
ssl.after.20_154=got a fin before a ccs
ssl.after.20_155=https proxy request
ssl.after.20_156=http request
ssl.after.20_157=tls invalid ecpointformat list
ssl.after.20_158=at least (D)TLS 1.2 needed in Suite B mode
ssl.after.20_159=length mismatch
ssl.after.20_160=length too short
ssl.after.20_161=library has no ciphers
ssl.after.20_162=illegal point compression
ssl.after.20_163=ext length mismatch
ssl.after.20_164=too much early data
ssl.after.20_165=missing dsa signing cert
ssl.after.20_166=version too high
ssl.after.20_167=context not dane enabled
ssl.after.20_168=missing rsa certificate
ssl.after.20_169=missing rsa encrypting cert
ssl.after.20_170=missing rsa signing cert
ssl.after.20_171=missing tmp dh key
ssl.after.20_172=dane already enabled
ssl.after.20_173=dane cannot override mtype full
ssl.after.20_174=invalid max early data
ssl.after.20_175=dane not enabled
ssl.after.20_176=no certificates returned
ssl.after.20_177=no certificate assigned
ssl.after.20_178=unexpected end of early data
ssl.after.20_179=no certificate set
ssl.after.20_180=dane tlsa bad certificate
ssl.after.20_181=no ciphers available
ssl.after.20_182=not on record boundary
ssl.after.20_183=no ciphers specified
ssl.after.20_184=dane tlsa bad certificate usage
ssl.after.20_185=no cipher match
ssl.after.20_186=bad cipher
ssl.after.20_187=no compression specified
ssl.after.20_188=no method specified
ssl.after.20_189=dane tlsa bad data length
ssl.after.20_190=no private key assigned
ssl.after.20_191=no protocols available
ssl.after.20_192=dane tlsa bad digest length
ssl.after.20_193=no shared cipher
ssl.after.20_194=exceeds max fragment size
ssl.after.20_195=null ssl ctx
ssl.after.20_196=null ssl method passed
ssl.after.20_197=old session cipher not returned
ssl.after.20_198=packet length too long
ssl.after.20_199=peer did not return a certificate
ssl.after.20_200=dane tlsa bad matching type
ssl.after.20_201=dane tlsa bad public key
ssl.after.20_202=dane tlsa bad selector
ssl.after.20_203=dane tlsa null data
ssl.after.20_204=error setting tlsa base domain
ssl.after.20_205=invalid alert
ssl.after.20_206=custom ext handler already installed
ssl.after.20_207=protocol is shutdown
ssl.after.20_208=sct verification failed
ssl.after.20_209=missing supported groups extension
ssl.after.20_210=ssl session version mismatch
ssl.after.20_211=read bio not set
ssl.after.20_212=invalid ct validation type
ssl.after.20_213=record length mismatch
ssl.after.20_214=no change following hrr
ssl.after.20_215=required cipher missing
ssl.after.20_216=no valid scts
ssl.after.20_217=unsolicited extension
ssl.after.20_218=ciphersuite digest has changed
ssl.after.20_219=bad psk
ssl.after.20_220=signature for non signing certificate
ssl.after.20_221=missing signing cert
ssl.after.20_222=inconsistent early data alpn
ssl.after.20_223=psk identity not found
ssl.after.20_224=psk no client cb
ssl.after.20_225=psk no server cb
ssl.after.20_226=clienthello tlsext
ssl.after.20_227=parse tlsext
ssl.after.20_228=ssl ctx has no default ssl version
ssl.after.20_229=ssl handshake failure
ssl.after.20_230=ssl library has no ciphers
ssl.after.20_231=inconsistent early data sni
ssl.after.20_232=ssl3 ext invalid max fragment length
ssl.after.20_233=bad early data
ssl.after.20_234=callback failed
ssl.after.20_235=no application protocol
ssl.after.20_236=bad handshake state
ssl.after.20_237=overflow error
ssl.after.20_238=invalid certificate or alg
ssl.after.20_239=unable to find public key parameters
ssl.after.20_240=bad packet
ssl.after.20_241=insufficient security
ssl.after.20_242=unable to load ssl3 md5 routines
ssl.after.20_243=unable to load ssl3 sha1 routines
ssl.after.20_244=unexpected message
ssl.after.20_245=unexpected record
ssl.after.20_246=unknown alert type
ssl.after.20_247=unknown certificate type
ssl.after.20_248=unknown cipher returned
ssl.after.20_249=unknown cipher type
ssl.after.20_250=unknown key exchange type
ssl.after.20_251=unknown pkey type
ssl.after.20_252=unknown protocol
ssl.after.20_253=binder does not verify
ssl.after.20_254=unknown ssl version
ssl.after.20_255=unknown state
ssl.after.20_256=missing fatal
ssl.after.20_257=unsupported compression algorithm
ssl.after.20_258=unsupported protocol
ssl.after.20_259=unsupported ssl version
ssl.after.20_260=invalid ccs message
ssl.after.20_261=wrong cipher returned
ssl.after.20_262=unexpected ccs message
ssl.after.20_263=bad hrr version
ssl.after.20_264=wrong signature length
ssl.after.20_265=wrong signature size
ssl.after.20_266=wrong ssl version
ssl.after.20_267=wrong version number
ssl.after.20_268=x509 lib
ssl.after.20_269=x509 verification setup problems
ssl.after.20_270=path too long
ssl.after.20_271=bad length
ssl.after.20_272=attempt to reuse session in different context
ssl.after.20_273=ssl session id context too long
ssl.after.20_274=library bug
ssl.after.20_275=serverhello tlsext
ssl.after.20_276=uninitialized
ssl.after.20_277=session id context uninitialized
ssl.after.20_278=post handshake auth encoding err
ssl.after.20_279=extension not received
ssl.after.20_280=invalid command
ssl.after.20_281=decryption failed or bad record mac
ssl.after.20_282=invalid context
ssl.after.20_283=invalid config
ssl.after.20_284=not server
ssl.after.20_285=request pending
ssl.after.20_286=request sent
ssl.after.20_287=no cookie callback set
ssl.after.20_288=private key mismatch
ssl.after.20_289=not replacing certificate
ssl.after.20_290=missing parameters
ssl.after.20_291=application data after close notify
ssl.after.20_292=bad legacy version
ssl.after.20_293=mixed handshake and non handshake data
ssl.after.20_294=unexpected eof while reading
ssl.after.20_295=no suitable groups
ssl.after.20_296=copy parameters failed
ssl.after.20_297=no suitable digest algorithm
ssl.after.20_298=record too small
ssl.after.20_299=cannot get group name
ssl.after.20_300=ssl3 session id too long
ssl.after.20_301=ssl session id callback failed
ssl.after.20_302=ssl session id conflict
ssl.after.20_303=ssl session id has bad length
ssl.after.20_304=bad ecc cert
ssl.after.20_305=ocsp callback failure
ssl.after.20_306=bad ecpoint
ssl.after.20_307=compression id not within private range
ssl.after.20_308=cookie mismatch
ssl.after.20_309=duplicate compression id
ssl.after.20_310=missing psk kex modes extension
ssl.after.20_311=missing tmp ecdh key
ssl.after.20_312=read timeout expired
ssl.after.20_313=record layer failure
ssl.after.20_314=unable to find ecdh parameters
ssl.after.20_315=unsupported elliptic curve
ssl.after.20_316=failed to get parameter
ssl.after.20_317=invalid record
ssl.after.20_318=ecc cert not for signing
ssl.after.20_319=ssl3 ext invalid servername
ssl.after.20_320=ssl3 ext invalid servername type
ssl.after.20_321=records not released
ssl.after.20_322=no suitable record layer
ssl.after.20_323=unknown mandatory parameter
ssl.after.20_324=no required digest
ssl.after.20_325=invalid ticket keys length
ssl.after.20_326=bad compression algorithm
ssl.after.20_327=sequence ctr wrapped
ssl.after.20_328=invalid status response
ssl.after.20_329=unsupported status type
ssl.after.20_330=Peer haven't sent GOST certificate, required for selected ciphersuite
ssl.after.20_331=no client cert method
ssl.after.20_332=bad handshake length
ssl.after.20_333=legacy sigalg disallowed or unsupported
ssl.after.20_334=dtls message too big
ssl.after.20_335=renegotiate ext too long
ssl.after.20_336=renegotiation encoding err
ssl.after.20_337=renegotiation mismatch
ssl.after.20_338=unsafe legacy renegotiation disabled
ssl.after.20_339=no renegotiation
ssl.after.20_340=inconsistent compression
ssl.after.20_341=invalid compression algorithm
ssl.after.20_342=required compression algorithm missing
ssl.after.20_343=compression disabled
ssl.after.20_344=old session compression algorithm not returned
ssl.after.20_345=scsv received when renegotiating
ssl.after.20_346=remote peer address not set
ssl.after.20_347=bad srp a length
ssl.after.20_348=bad certificate
ssl.after.20_349=empty raw public key
ssl.after.20_350=invalid raw public key
ssl.after.20_351=wrong rpk type
ssl.after.20_352=bad srtp mki value
ssl.after.20_353=bad srtp protection profile list
ssl.after.20_354=empty srtp protection profile list
ssl.after.20_355=no stream
ssl.after.20_356=conn use only
ssl.after.20_357=invalid srp username
ssl.after.20_358=can't find SRP server param
ssl.after.20_359=no srtp profiles
ssl.after.20_360=signature algorithms error
ssl.after.20_361=error with the srp params
ssl.after.20_362=srtp could not allocate profiles
ssl.after.20_363=srtp protection profile list too long
ssl.after.20_364=srtp unknown protection profile
ssl.after.20_365=stream finished
ssl.after.20_366=stream recv only
ssl.after.20_367=tls illegal exporter label
ssl.after.20_368=unknown digest
ssl.after.20_369=use srtp not negotiated
ssl.after.20_370=wrong signature type
ssl.after.20_371=bad srp parameters
ssl.after.20_372=ssl negative length
ssl.after.20_373=inappropriate fallback
ssl.after.20_374=ecdh required for suiteb mode
ssl.after.20_375=stream reset
ssl.after.20_376=no shared signature algorithms
ssl.after.20_377=cert cb error
ssl.after.20_378=wrong curve
ssl.after.20_379=stream send only
ssl.after.20_380=illegal Suite B digest
ssl.after.20_381=missing ecdsa signing cert
ssl.after.20_382=quic protocol error
ssl.after.20_383=wrong certificate type
ssl.after.20_384=bad value
ssl.after.20_385=invalid null cmd name
ssl.after.20_386=unknown cmd name
ssl.after.20_387=quic network error
ssl.after.20_388=invalid serverinfo data
ssl.after.20_389=no pem extensions
ssl.after.20_390=bad data
ssl.after.20_391=pem name bad prefix
ssl.after.20_392=pem name too short
ssl.after.20_393=quic handshake layer error
ssl.after.20_394=dh key too small
ssl.after.20_395=maximum encrypted pkts reached
ssl.after.20_396=version too low
ssl.after.20_397=ca key too small
ssl.after.20_398=ca md too weak
ssl.after.20_399=ee key too small
ssl.after.20_400=cookie gen callback failure
ssl.after.20_401=fragmented client hello
ssl.after.20_402=invalid sequence number
ssl.after.20_403=no verify cookie callback
ssl.after.20_404=length too long
ssl.after.20_405=failed to init async
ssl.after.20_406=pipeline failure
ssl.after.20_407=shutdown while in init
ssl.after.20_408=ssl session id too long
ssl.after.20_409=too many warn alerts
ssl.after.20_410=no shared groups
ssl.after.20_411=stream count limited
ssl.after.20_412=unsupported write flag
ssl.after.20_413=feature not renegotiable
ssl.after.20_414=unsupported config value
ssl.after.20_415=unsupported config value class
ssl.after.20_416=unsupported config value op
ssl.after.20_417=feature negotiation not complete
ssl.after.20_418=poll request not supported
ssl.after.20_419=error in system default config
ssl.after.20_420=missing supported versions extension
ssl.after.20_421=listener use only
ssl.after.20_422=domain use only
ssl.after.20_423=missing quic tls functions
ssl.after.20_443=bad record type
ssl.after.20_999=invalid session id
ssl.after.20_1010=ssl/tls alert unexpected message
ssl.after.20_1020=ssl/tls alert bad record mac
ssl.after.20_1021=tlsv1 alert decryption failed
ssl.after.20_1022=tlsv1 alert record overflow
ssl.after.20_1030=ssl/tls alert decompression failure
ssl.after.20_1040=ssl/tls alert handshake failure
ssl.after.20_1041=ssl/tls alert no certificate
ssl.after.20_1042=ssl/tls alert bad certificate
ssl.after.20_1043=ssl/tls alert unsupported certificate
ssl.after.20_1044=ssl/tls alert certificate revoked
ssl.after.20_1045=ssl/tls alert certificate expired
ssl.after.20_1046=ssl/tls alert certificate unknown
ssl.after.20_1047=ssl/tls alert illegal parameter
ssl.after.20_1048=tlsv1 alert unknown ca
ssl.after.20_1049=tlsv1 alert access denied
ssl.after.20_1050=tlsv1 alert decode error
ssl.after.20_1051=tlsv1 alert decrypt error
ssl.after.20_1060=tlsv1 alert export restriction
ssl.after.20_1070=tlsv1 alert protocol version
ssl.after.20_1071=tlsv1 alert insufficient security
ssl.after.20_1080=tlsv1 alert internal error
ssl.after.20_1086=tlsv1 alert inappropriate fallback
ssl.after.20_1090=tlsv1 alert user cancelled
ssl.after.20_1100=tlsv1 alert no renegotiation
ssl.after.20_1109=tlsv13 alert missing extension
ssl.after.20_1110=tlsv1 unsupported extension
ssl.after.20_1111=tlsv1 certificate unobtainable
ssl.after.20_1112=tlsv1 unrecognized name
ssl.after.20_1113=tlsv1 bad certificate status response
ssl.after.20_1114=tlsv1 bad certificate hash value
ssl.after.20_1115=tlsv1 alert unknown psk identity
ssl.after.20_1116=tlsv13 alert certificate required
ssl.after.20_1120=tlsv1 alert no application protocol
ssl.after_hits=357
render.full=error:078C0102:common libcrypto routines::passed a null parameter
render.len_zero_first_byte=0
render.truncated=err:78c0102:f:0
render.numeric_fallback=error:7F800001:lib(255)::reason(1)
render.null_buf_same_pointer=1
render.null_buf_last=error:7F800001:lib(255)::reason(1)
state.nonnull=1
state.top=0
state.bottom=0
state.after.top=1
state.after.bottom=0
state.after.buffer=780003D
state.after.file=d-file.c
state.after.line=21
state.after.func=d-func
state.after.data=data
state.after.data_flags=3
state.after.marks=0
state.cleared.buffer=0
nextlib.first=128
nextlib.second=129
nextlib.third=130
raise.huge_reserve=0
site.78C0102.file=../../src/openssl-3.6.4/crypto/stack/stack.c
site.78C0102.line=482
site.78C0102.func=OPENSSL_sk_set
site.78C0102.data=
site.78C0102.flags=1
site.7880106.file=../../src/openssl-3.6.4/crypto/stack/stack.c
site.7880106.line=486
site.7880106.func=OPENSSL_sk_set
site.7880106.data=i=7
site.7880106.flags=3
site.78C0102.file=../../src/openssl-3.6.4/crypto/stack/stack.c
site.78C0102.line=251
site.78C0102.func=OPENSSL_sk_reserve
site.78C0102.data=
site.78C0102.flags=0
site.78C0102.file=../../src/openssl-3.6.4/crypto/stack/stack.c
site.78C0102.line=271
site.78C0102.func=OPENSSL_sk_insert
site.78C0102.data=
site.78C0102.flags=0
site.7800072.file=../../src/openssl-3.6.4/crypto/stack/stack.c
site.7800072.line=186
site.7800072.func=sk_reserve
site.7800072.data=
site.7800072.flags=0
site.drained=0
thread.first_reason=5001
thread.second_reason=5002
thread.drained_count=2
thread.main_unchanged=1
thread.main_reason=9001
stopped.init_after_cleanup=0
stopped.code=0
stopped.file=(null)
stopped.line=0
stopped.func=(null)
stopped.base_only=0
stopped.err_after_base_only=0
done=1
